ISO-10303-21;
HEADER;
FILE_DESCRIPTION(('Open CASCADE Model'),'2;1');
FILE_NAME('Open CASCADE Shape Model','2026-06-29T16:58:25',('Author'),(
    'Open CASCADE'),'Open CASCADE STEP processor 7.9','Open CASCADE 7.9'
  ,'Unknown');
FILE_SCHEMA(('AUTOMOTIVE_DESIGN { 1 0 10303 214 1 1 1 1 }'));
ENDSEC;
DATA;
#1 = APPLICATION_PROTOCOL_DEFINITION('international standard',
  'automotive_design',2000,#2);
#2 = APPLICATION_CONTEXT(
  'core data for automotive mechanical design processes');
#3 = SHAPE_DEFINITION_REPRESENTATION(#4,#10);
#4 = PRODUCT_DEFINITION_SHAPE('','',#5);
#5 = PRODUCT_DEFINITION('design','',#6,#9);
#6 = PRODUCT_DEFINITION_FORMATION('','',#7);
#7 = PRODUCT('=>[0:1:1:2]','=>[0:1:1:2]','',(#8));
#8 = PRODUCT_CONTEXT('',#2,'mechanical');
#9 = PRODUCT_DEFINITION_CONTEXT('part definition',#2,'design');
#10 = SHAPE_REPRESENTATION('',(#11,#15),#19);
#11 = AXIS2_PLACEMENT_3D('',#12,#13,#14);
#12 = CARTESIAN_POINT('',(0.,0.,0.));
#13 = DIRECTION('',(0.,0.,1.));
#14 = DIRECTION('',(1.,0.,-0.));
#15 = AXIS2_PLACEMENT_3D('',#16,#17,#18);
#16 = CARTESIAN_POINT('',(-1.350016326042,8.00000005,2.939973968333));
#17 = DIRECTION('',(0.,-1.,2.22044604925E-16));
#18 = DIRECTION('',(1.,0.,0.));
#19 = ( GEOMETRIC_REPRESENTATION_CONTEXT(3) 
GLOBAL_UNCERTAINTY_ASSIGNED_CONTEXT((#23)) GLOBAL_UNIT_ASSIGNED_CONTEXT(
(#20,#21,#22)) REPRESENTATION_CONTEXT('Context #1',
  '3D Context with UNIT and UNCERTAINTY') );
#20 = ( LENGTH_UNIT() NAMED_UNIT(*) SI_UNIT(.MILLI.,.METRE.) );
#21 = ( NAMED_UNIT(*) PLANE_ANGLE_UNIT() SI_UNIT($,.RADIAN.) );
#22 = ( NAMED_UNIT(*) SI_UNIT($,.STERADIAN.) SOLID_ANGLE_UNIT() );
#23 = UNCERTAINTY_MEASURE_WITH_UNIT(LENGTH_MEASURE(1.E-04),#20,
  'distance_accuracy_value','confusion accuracy');
#24 = PRODUCT_RELATED_PRODUCT_CATEGORY('part',$,(#7));
#25 = SHAPE_DEFINITION_REPRESENTATION(#26,#32);
#26 = PRODUCT_DEFINITION_SHAPE('','',#27);
#27 = PRODUCT_DEFINITION('design','',#28,#31);
#28 = PRODUCT_DEFINITION_FORMATION('','',#29);
#29 = PRODUCT('ZS_monogram','ZS_monogram','',(#30));
#30 = PRODUCT_CONTEXT('',#2,'mechanical');
#31 = PRODUCT_DEFINITION_CONTEXT('part definition',#2,'design');
#32 = ADVANCED_BREP_SHAPE_REPRESENTATION('',(#11,#33),#10908);
#33 = MANIFOLD_SOLID_BREP('',#34);
#34 = CLOSED_SHELL('',(#35,#388,#634,#723,#948,#1299,#1525,#1611,#1697,
    #1786,#2003,#2385,#2582,#2752,#2955,#3179,#3371,#3507,#3599,#3691,
    #3857,#3972,#4048,#4230,#4423,#4587,#4840,#4926,#5024,#5111,#5203,
    #5284,#5392,#5472,#5735,#5833,#5907,#6192,#6330,#6410,#6580,#6778,
    #6994,#7178,#7306,#7388,#7426,#7486,#7544,#7609,#7690,#7766,#7859,
    #7919,#7957,#7984,#8011,#8038,#8076,#8083,#8242,#8357,#8395,#8549,
    #8556,#8563,#9138,#9165,#9192,#9219,#9246,#9273,#9300,#9327,#9788,
    #9905,#10034,#10061,#10142,#10167,#10241,#10315,#10353,#10391,#10429
    ,#10467,#10500,#10533,#10558,#10583,#10608,#10633,#10699,#10765,
    #10798,#10831,#10856,#10881,#10888,#10895));
#35 = ADVANCED_FACE('',(#36),#50,.F.);
#36 = FACE_BOUND('',#37,.F.);
#37 = EDGE_LOOP('',(#38,#79,#219,#250));
#38 = ORIENTED_EDGE('',*,*,#39,.T.);
#39 = EDGE_CURVE('',#40,#42,#44,.T.);
#40 = VERTEX_POINT('',#41);
#41 = CARTESIAN_POINT('',(19.480987992729,-36.40006510416,1.4));
#42 = VERTEX_POINT('',#43);
#43 = CARTESIAN_POINT('',(19.480987992729,-36.40006510416,20.6));
#44 = SURFACE_CURVE('',#45,(#49,#64),.PCURVE_S1.);
#45 = LINE('',#46,#47);
#46 = CARTESIAN_POINT('',(19.480987992729,-36.40006510416,0.));
#47 = VECTOR('',#48,1.);
#48 = DIRECTION('',(0.,0.,1.));
#49 = PCURVE('',#50,#58);
#50 = SURFACE_OF_LINEAR_EXTRUSION('',#51,#56);
#51 = B_SPLINE_CURVE_WITH_KNOTS('',3,(#52,#53,#54,#55),.UNSPECIFIED.,.F.
  ,.F.,(4,4),(0.,1.),.PIECEWISE_BEZIER_KNOTS.);
#52 = CARTESIAN_POINT('',(19.480987992729,-36.40006510416,0.));
#53 = CARTESIAN_POINT('',(35.680857784396,-36.40006510416,0.));
#54 = CARTESIAN_POINT('',(45.980987992729,-27.59993489583,0.));
#55 = CARTESIAN_POINT('',(45.980987992729,-14.80013020833,0.));
#56 = VECTOR('',#57,1.);
#57 = DIRECTION('',(-0.,-0.,-1.));
#58 = DEFINITIONAL_REPRESENTATION('',(#59),#63);
#59 = LINE('',#60,#61);
#60 = CARTESIAN_POINT('',(0.,0.));
#61 = VECTOR('',#62,1.);
#62 = DIRECTION('',(0.,-1.));
#63 = ( GEOMETRIC_REPRESENTATION_CONTEXT(2) 
PARAMETRIC_REPRESENTATION_CONTEXT() REPRESENTATION_CONTEXT('2D SPACE',''
  ) );
#64 = PCURVE('',#65,#73);
#65 = SURFACE_OF_LINEAR_EXTRUSION('',#66,#71);
#66 = B_SPLINE_CURVE_WITH_KNOTS('',3,(#67,#68,#69,#70),.UNSPECIFIED.,.F.
  ,.F.,(4,4),(0.,1.),.PIECEWISE_BEZIER_KNOTS.);
#67 = CARTESIAN_POINT('',(-8.019012007271,-12.19986979166,0.));
#68 = CARTESIAN_POINT('',(-8.019012007271,-27.40006510416,0.));
#69 = CARTESIAN_POINT('',(3.280792680229,-36.40006510416,0.));
#70 = CARTESIAN_POINT('',(19.480987992729,-36.40006510416,0.));
#71 = VECTOR('',#72,1.);
#72 = DIRECTION('',(-0.,-0.,-1.));
#73 = DEFINITIONAL_REPRESENTATION('',(#74),#78);
#74 = LINE('',#75,#76);
#75 = CARTESIAN_POINT('',(1.,0.));
#76 = VECTOR('',#77,1.);
#77 = DIRECTION('',(0.,-1.));
#78 = ( GEOMETRIC_REPRESENTATION_CONTEXT(2) 
PARAMETRIC_REPRESENTATION_CONTEXT() REPRESENTATION_CONTEXT('2D SPACE',''
  ) );
#79 = ORIENTED_EDGE('',*,*,#80,.T.);
#80 = EDGE_CURVE('',#42,#81,#83,.T.);
#81 = VERTEX_POINT('',#82);
#82 = CARTESIAN_POINT('',(45.980987992729,-14.80013020833,20.6));
#83 = SURFACE_CURVE('',#84,(#111,#133),.PCURVE_S1.);
#84 = ( BOUNDED_CURVE() B_SPLINE_CURVE(13,(#85,#86,#87,#88,#89,#90,#91,
    #92,#93,#94,#95,#96,#97,#98,#99,#100,#101,#102,#103,#104,#105,#106,
    #107,#108,#109,#110),.UNSPECIFIED.,.F.,.F.) 
B_SPLINE_CURVE_WITH_KNOTS((14,12,14),(41.316197240884,79.822531381158,
79.879047831235),.UNSPECIFIED.) CURVE() GEOMETRIC_REPRESENTATION_ITEM() 
RATIONAL_B_SPLINE_CURVE((1.,1.,1.000000000001,0.999999999998,
    1.000000000005,0.999999999992,1.000000000009,0.999999999991,
    1.000000000007,0.999999999996,1.000000000002,0.999999999999,1.,1.,1.
    ,0.999999999999,1.000000000002,0.999999999997,1.000000000003,
    0.999999999997,1.000000000002,0.999999999999,1.000000000001,1.,1.,1.
)) REPRESENTATION_ITEM('') );
#85 = CARTESIAN_POINT('',(19.480987992729,-36.40006510416,20.6));
#86 = CARTESIAN_POINT('',(22.90452872398,-36.40006510416,20.6));
#87 = CARTESIAN_POINT('',(26.307116698106,-36.116102688,20.6));
#88 = CARTESIAN_POINT('',(29.606708200809,-35.51630083811,20.6));
#89 = CARTESIAN_POINT('',(32.722514865096,-34.57901722617,
    20.600000000001));
#90 = CARTESIAN_POINT('',(35.57233781145,-33.33012590718,20.599999999999
    ));
#91 = CARTESIAN_POINT('',(38.158208884662,-31.74923885559,
    20.600000000002));
#92 = CARTESIAN_POINT('',(40.350257768932,-29.92460901298,
    20.599999999998));
#93 = CARTESIAN_POINT('',(42.310684070365,-27.82665523983,
    20.600000000001));
#94 = CARTESIAN_POINT('',(43.841707590571,-25.43003587418,
    20.599999999999));
#95 = CARTESIAN_POINT('',(44.963336905223,-22.85285493322,20.6));
#96 = CARTESIAN_POINT('',(45.657384375587,-20.16150530978,20.6));
#97 = CARTESIAN_POINT('',(45.975440613605,-17.47049892426,20.6));
#98 = CARTESIAN_POINT('',(45.980943663752,-14.84627007539,20.6));
#99 = CARTESIAN_POINT('',(45.980951055633,-14.84242424424,20.6));
#100 = CARTESIAN_POINT('',(45.98095777452,-14.83857856588,20.6));
#101 = CARTESIAN_POINT('',(45.980963820579,-14.83473304036,
    20.599999999999));
#102 = CARTESIAN_POINT('',(45.980969194092,-14.83088766788,
    20.600000000001));
#103 = CARTESIAN_POINT('',(45.980973895132,-14.82704244841,
    20.599999999998));
#104 = CARTESIAN_POINT('',(45.980977924073,-14.82319738224,
    20.600000000002));
#105 = CARTESIAN_POINT('',(45.980981280933,-14.8193524693,
    20.599999999999));
#106 = CARTESIAN_POINT('',(45.98098396608,-14.81550770985,
    20.600000000001));
#107 = CARTESIAN_POINT('',(45.980985979596,-14.81166310388,20.6));
#108 = CARTESIAN_POINT('',(45.980987321756,-14.80781865158,20.6));
#109 = CARTESIAN_POINT('',(45.980987992729,-14.80397435303,20.6));
#110 = CARTESIAN_POINT('',(45.980987992729,-14.80013020833,20.6));
#111 = PCURVE('',#50,#112);
#112 = DEFINITIONAL_REPRESENTATION('',(#113),#132);
#113 = B_SPLINE_CURVE_WITH_KNOTS('',9,(#114,#115,#116,#117,#118,#119,
    #120,#121,#122,#123,#124,#125,#126,#127,#128,#129,#130,#131),
  .UNSPECIFIED.,.F.,.F.,(10,8,10),(41.316197240884,60.597622536059,
    79.879047831235),.UNSPECIFIED.);
#114 = CARTESIAN_POINT('',(-2.47350211821E-16,-20.6));
#115 = CARTESIAN_POINT('',(5.09507431027E-02,-20.59999999999));
#116 = CARTESIAN_POINT('',(0.10379392929,-20.6));
#117 = CARTESIAN_POINT('',(0.158187913044,-20.59999999999));
#118 = CARTESIAN_POINT('',(0.213736831283,-20.59999999999));
#119 = CARTESIAN_POINT('',(0.270091353739,-20.6));
#120 = CARTESIAN_POINT('',(0.326975379202,-20.59999999999));
#121 = CARTESIAN_POINT('',(0.384216820067,-20.6));
#122 = CARTESIAN_POINT('',(0.441749921688,-20.6));
#123 = CARTESIAN_POINT('',(0.557141812585,-20.6));
#124 = CARTESIAN_POINT('',(0.615000425744,-20.60000000021));
#125 = CARTESIAN_POINT('',(0.672901415365,-20.59999999899));
#126 = CARTESIAN_POINT('',(0.730651788851,-20.60000000223));
#127 = CARTESIAN_POINT('',(0.787975440007,-20.59999999702));
#128 = CARTESIAN_POINT('',(0.844147067255,-20.6000000025));
#129 = CARTESIAN_POINT('',(0.89860630309,-20.5999999987));
#130 = CARTESIAN_POINT('',(0.950666692771,-20.60000000034));
#131 = CARTESIAN_POINT('',(1.,-20.6));
#132 = ( GEOMETRIC_REPRESENTATION_CONTEXT(2) 
PARAMETRIC_REPRESENTATION_CONTEXT() REPRESENTATION_CONTEXT('2D SPACE',''
  ) );
#133 = PCURVE('',#134,#213);
#134 = ( BOUNDED_SURFACE() B_SPLINE_SURFACE(2,13,(
    (#135,#136,#137,#138,#139,#140,#141,#142,#143,#144,#145,#146,#147
      ,#148,#149,#150,#151,#152,#153,#154,#155,#156,#157,#158,#159,#160)
    ,(#161,#162,#163,#164,#165,#166,#167,#168,#169,#170,#171,#172,#173
      ,#174,#175,#176,#177,#178,#179,#180,#181,#182,#183,#184,#185,#186)
    ,(#187,#188,#189,#190,#191,#192,#193,#194,#195,#196,#197,#198,#199
      ,#200,#201,#202,#203,#204,#205,#206,#207,#208,#209,#210,#211,#212
)),.UNSPECIFIED.,.F.,.F.,.F.) B_SPLINE_SURFACE_WITH_KNOTS((3,3),(14,12,
    14),(0.,38.562850590351),(41.316197240884,79.822531381158,
79.879047831235),.UNSPECIFIED.) GEOMETRIC_REPRESENTATION_ITEM() 
RATIONAL_B_SPLINE_SURFACE((
    (1.,1.,1.000000000001,0.999999999998,1.000000000005,0.999999999992
      ,1.000000000009,0.999999999991,1.000000000007,0.999999999996
      ,1.000000000002,0.999999999999,1.,1.,1.,0.999999999999
      ,1.000000000002,0.999999999997,1.000000000003,0.999999999997
      ,1.000000000002,0.999999999999,1.000000000001,1.,1.,1.)
    ,(0.707106781187,0.707106781186,0.707106781187,0.707106781185
      ,0.707106781189,0.707106781183,0.707106781191,0.707106781183
      ,0.707106781189,0.707106781185,0.707106781187,0.707106781186
      ,0.707106781187,0.707106781187,0.707106781187,0.707106781186
      ,0.707106781187,0.707106781186,0.707106781188,0.707106781186
      ,0.707106781187,0.707106781186,0.707106781187,0.707106781187
      ,0.707106781187,0.707106781187)
    ,(1.,1.,1.000000000001,0.999999999998,1.000000000005,0.999999999992
      ,1.000000000009,0.999999999991,1.000000000007,0.999999999996
      ,1.000000000002,0.999999999999,1.,1.,1.,0.999999999999
      ,1.000000000002,0.999999999997,1.000000000003,0.999999999997
      ,1.000000000002,0.999999999999,1.000000000001,1.,1.,1.
))) REPRESENTATION_ITEM('') SURFACE() );
#135 = CARTESIAN_POINT('',(19.480987992729,-36.40006510416,20.6));
#136 = CARTESIAN_POINT('',(22.90452872398,-36.40006510416,20.6));
#137 = CARTESIAN_POINT('',(26.307116698106,-36.116102688,20.6));
#138 = CARTESIAN_POINT('',(29.606708200809,-35.51630083811,20.6));
#139 = CARTESIAN_POINT('',(32.722514865096,-34.57901722617,
    20.600000000001));
#140 = CARTESIAN_POINT('',(35.57233781145,-33.33012590718,
    20.599999999999));
#141 = CARTESIAN_POINT('',(38.158208884662,-31.74923885559,
    20.600000000002));
#142 = CARTESIAN_POINT('',(40.350257768932,-29.92460901298,
    20.599999999998));
#143 = CARTESIAN_POINT('',(42.310684070365,-27.82665523983,
    20.600000000001));
#144 = CARTESIAN_POINT('',(43.841707590571,-25.43003587418,
    20.599999999999));
#145 = CARTESIAN_POINT('',(44.963336905223,-22.85285493322,20.6));
#146 = CARTESIAN_POINT('',(45.657384375587,-20.16150530978,20.6));
#147 = CARTESIAN_POINT('',(45.975440613605,-17.47049892426,20.6));
#148 = CARTESIAN_POINT('',(45.980943663752,-14.84627007539,20.6));
#149 = CARTESIAN_POINT('',(45.980951055633,-14.84242424424,20.6));
#150 = CARTESIAN_POINT('',(45.98095777452,-14.83857856588,20.6));
#151 = CARTESIAN_POINT('',(45.980963820579,-14.83473304036,
    20.599999999999));
#152 = CARTESIAN_POINT('',(45.980969194092,-14.83088766788,
    20.600000000001));
#153 = CARTESIAN_POINT('',(45.980973895132,-14.82704244841,
    20.599999999998));
#154 = CARTESIAN_POINT('',(45.980977924073,-14.82319738224,
    20.600000000002));
#155 = CARTESIAN_POINT('',(45.980981280933,-14.8193524693,
    20.599999999999));
#156 = CARTESIAN_POINT('',(45.98098396608,-14.81550770985,
    20.600000000001));
#157 = CARTESIAN_POINT('',(45.980985979596,-14.81166310388,20.6));
#158 = CARTESIAN_POINT('',(45.980987321756,-14.80781865158,20.6));
#159 = CARTESIAN_POINT('',(45.980987992729,-14.80397435303,20.6));
#160 = CARTESIAN_POINT('',(45.980987992729,-14.80013020833,20.6));
#161 = CARTESIAN_POINT('',(19.480987992729,-36.40006510416,22.));
#162 = CARTESIAN_POINT('',(22.904528723981,-36.40006510416,22.));
#163 = CARTESIAN_POINT('',(26.307116698105,-36.116102688,22.));
#164 = CARTESIAN_POINT('',(29.606708200811,-35.5163008381,
    21.999999999999));
#165 = CARTESIAN_POINT('',(32.722514865099,-34.57901722618,
    22.000000000001));
#166 = CARTESIAN_POINT('',(35.572337811436,-33.33012590716,
    21.999999999998));
#167 = CARTESIAN_POINT('',(38.15820888469,-31.74923885561,
    22.000000000002));
#168 = CARTESIAN_POINT('',(40.350257768896,-29.92460901296,
    21.999999999998));
#169 = CARTESIAN_POINT('',(42.310684070399,-27.82665523983,
    22.000000000002));
#170 = CARTESIAN_POINT('',(43.841707590547,-25.43003587419,
    21.999999999999));
#171 = CARTESIAN_POINT('',(44.963336905236,-22.85285493322,
    22.000000000001));
#172 = CARTESIAN_POINT('',(45.657384375582,-20.16150530978,22.));
#173 = CARTESIAN_POINT('',(45.975440613606,-17.47049892426,22.));
#174 = CARTESIAN_POINT('',(45.980943663751,-14.84627007539,22.));
#175 = CARTESIAN_POINT('',(45.980951055635,-14.84242424425,22.));
#176 = CARTESIAN_POINT('',(45.980957774512,-14.83857856587,22.));
#177 = CARTESIAN_POINT('',(45.980963820594,-14.83473304036,22.));
#178 = CARTESIAN_POINT('',(45.980969194069,-14.83088766786,22.));
#179 = CARTESIAN_POINT('',(45.980973895158,-14.82704244842,22.));
#180 = CARTESIAN_POINT('',(45.980977924049,-14.82319738223,22.));
#181 = CARTESIAN_POINT('',(45.980981280952,-14.8193524693,22.));
#182 = CARTESIAN_POINT('',(45.980983966069,-14.81550770985,22.));
#183 = CARTESIAN_POINT('',(45.980985979601,-14.81166310388,22.));
#184 = CARTESIAN_POINT('',(45.980987321755,-14.80781865158,22.));
#185 = CARTESIAN_POINT('',(45.980987992729,-14.80397435303,22.));
#186 = CARTESIAN_POINT('',(45.980987992729,-14.80013020833,22.));
#187 = CARTESIAN_POINT('',(19.484314476763,-35.00006905613,22.));
#188 = CARTESIAN_POINT('',(22.778788468859,-34.99976238495,22.));
#189 = CARTESIAN_POINT('',(26.057227586009,-34.72836927996,22.));
#190 = CARTESIAN_POINT('',(29.227879304998,-34.15263409354,22.));
#191 = CARTESIAN_POINT('',(32.208102019206,-33.25321261242,
    21.999999999999));
#192 = CARTESIAN_POINT('',(34.901595723185,-32.06321536766,
    22.000000000001));
#193 = CARTESIAN_POINT('',(37.340188901645,-30.5677002513,
    21.999999999998));
#194 = CARTESIAN_POINT('',(39.347888941944,-28.85584814459,
    22.000000000002));
#195 = CARTESIAN_POINT('',(41.172655166083,-26.93569046194,
    21.999999999999));
#196 = CARTESIAN_POINT('',(42.597525882169,-24.70576160358,
    22.000000000001));
#197 = CARTESIAN_POINT('',(43.643135591486,-22.30681265543,22.));
#198 = CARTESIAN_POINT('',(44.287395872361,-19.78813354122,22.));
#199 = CARTESIAN_POINT('',(44.576298777939,-17.27288896739,22.));
#200 = CARTESIAN_POINT('',(44.580956047933,-14.84037478042,22.));
#201 = CARTESIAN_POINT('',(44.58096226135,-14.83680992239,22.));
#202 = CARTESIAN_POINT('',(44.580967862833,-14.83324521952,22.));
#203 = CARTESIAN_POINT('',(44.580972852626,-14.8296806719,
    22.000000000001));
#204 = CARTESIAN_POINT('',(44.580977230847,-14.82611627972,
    21.999999999999));
#205 = CARTESIAN_POINT('',(44.580980997849,-14.82255204299,
    22.000000000002));
#206 = CARTESIAN_POINT('',(44.58098415363,-14.81898796195,
    21.999999999998));
#207 = CARTESIAN_POINT('',(44.580986698631,-14.81542403659,
    22.000000000001));
#208 = CARTESIAN_POINT('',(44.580988632832,-14.81186026714,
    21.999999999999));
#209 = CARTESIAN_POINT('',(44.580989956614,-14.80829665363,22.));
#210 = CARTESIAN_POINT('',(44.580990670067,-14.80473319623,22.));
#211 = CARTESIAN_POINT('',(44.580990773455,-14.80116989503,22.));
#212 = CARTESIAN_POINT('',(44.58099026696,-14.79760675016,22.));
#213 = DEFINITIONAL_REPRESENTATION('',(#214),#218);
#214 = LINE('',#215,#216);
#215 = CARTESIAN_POINT('',(0.,0.));
#216 = VECTOR('',#217,1.);
#217 = DIRECTION('',(0.,1.));
#218 = ( GEOMETRIC_REPRESENTATION_CONTEXT(2) 
PARAMETRIC_REPRESENTATION_CONTEXT() REPRESENTATION_CONTEXT('2D SPACE',''
  ) );
#219 = ORIENTED_EDGE('',*,*,#220,.F.);
#220 = EDGE_CURVE('',#221,#81,#223,.T.);
#221 = VERTEX_POINT('',#222);
#222 = CARTESIAN_POINT('',(45.980987992729,-14.80013020833,1.4));
#223 = SURFACE_CURVE('',#224,(#228,#235),.PCURVE_S1.);
#224 = LINE('',#225,#226);
#225 = CARTESIAN_POINT('',(45.980987992729,-14.80013020833,0.));
#226 = VECTOR('',#227,1.);
#227 = DIRECTION('',(0.,0.,1.));
#228 = PCURVE('',#50,#229);
#229 = DEFINITIONAL_REPRESENTATION('',(#230),#234);
#230 = LINE('',#231,#232);
#231 = CARTESIAN_POINT('',(1.,0.));
#232 = VECTOR('',#233,1.);
#233 = DIRECTION('',(0.,-1.));
#234 = ( GEOMETRIC_REPRESENTATION_CONTEXT(2) 
PARAMETRIC_REPRESENTATION_CONTEXT() REPRESENTATION_CONTEXT('2D SPACE',''
  ) );
#235 = PCURVE('',#236,#244);
#236 = SURFACE_OF_LINEAR_EXTRUSION('',#237,#242);
#237 = B_SPLINE_CURVE_WITH_KNOTS('',3,(#238,#239,#240,#241),
  .UNSPECIFIED.,.F.,.F.,(4,4),(0.,1.),.PIECEWISE_BEZIER_KNOTS.);
#238 = CARTESIAN_POINT('',(45.980987992729,-14.80013020833,0.));
#239 = CARTESIAN_POINT('',(45.980987992729,-2.,0.));
#240 = CARTESIAN_POINT('',(36.080922888563,3.199869791667,0.));
#241 = CARTESIAN_POINT('',(21.180857784396,6.400065104167,0.));
#242 = VECTOR('',#243,1.);
#243 = DIRECTION('',(-0.,-0.,-1.));
#244 = DEFINITIONAL_REPRESENTATION('',(#245),#249);
#245 = LINE('',#246,#247);
#246 = CARTESIAN_POINT('',(0.,0.));
#247 = VECTOR('',#248,1.);
#248 = DIRECTION('',(0.,-1.));
#249 = ( GEOMETRIC_REPRESENTATION_CONTEXT(2) 
PARAMETRIC_REPRESENTATION_CONTEXT() REPRESENTATION_CONTEXT('2D SPACE',''
  ) );
#250 = ORIENTED_EDGE('',*,*,#251,.F.);
#251 = EDGE_CURVE('',#40,#221,#252,.T.);
#252 = SURFACE_CURVE('',#253,(#280,#302),.PCURVE_S1.);
#253 = ( BOUNDED_CURVE() B_SPLINE_CURVE(13,(#254,#255,#256,#257,#258,
    #259,#260,#261,#262,#263,#264,#265,#266,#267,#268,#269,#270,#271,
    #272,#273,#274,#275,#276,#277,#278,#279),.UNSPECIFIED.,.F.,.F.) 
B_SPLINE_CURVE_WITH_KNOTS((14,12,14),(41.316197240884,79.822531381158,
79.879047831235),.UNSPECIFIED.) CURVE() GEOMETRIC_REPRESENTATION_ITEM() 
RATIONAL_B_SPLINE_CURVE((1.,1.,1.000000000001,0.999999999998,
    1.000000000005,0.999999999992,1.000000000009,0.999999999991,
    1.000000000007,0.999999999996,1.000000000002,0.999999999999,1.,1.,1.
    ,0.999999999999,1.000000000002,0.999999999997,1.000000000003,
    0.999999999997,1.000000000002,0.999999999999,1.000000000001,1.,1.,1.
)) REPRESENTATION_ITEM('') );
#254 = CARTESIAN_POINT('',(19.480987992729,-36.40006510416,1.4));
#255 = CARTESIAN_POINT('',(22.90452872398,-36.40006510416,1.4));
#256 = CARTESIAN_POINT('',(26.307116698106,-36.116102688,1.4));
#257 = CARTESIAN_POINT('',(29.606708200809,-35.51630083811,1.4));
#258 = CARTESIAN_POINT('',(32.722514865096,-34.57901722617,
    1.399999999999));
#259 = CARTESIAN_POINT('',(35.57233781145,-33.33012590718,1.400000000001
    ));
#260 = CARTESIAN_POINT('',(38.158208884662,-31.74923885559,
    1.399999999999));
#261 = CARTESIAN_POINT('',(40.350257768932,-29.92460901298,
    1.400000000001));
#262 = CARTESIAN_POINT('',(42.310684070365,-27.82665523983,
    1.399999999999));
#263 = CARTESIAN_POINT('',(43.841707590571,-25.43003587418,
    1.400000000001));
#264 = CARTESIAN_POINT('',(44.963336905223,-22.85285493322,1.4));
#265 = CARTESIAN_POINT('',(45.657384375587,-20.16150530978,1.4));
#266 = CARTESIAN_POINT('',(45.975440613605,-17.47049892426,1.4));
#267 = CARTESIAN_POINT('',(45.980943663752,-14.84627007539,1.4));
#268 = CARTESIAN_POINT('',(45.980951055633,-14.84242424424,1.4));
#269 = CARTESIAN_POINT('',(45.98095777452,-14.83857856588,1.399999999999
    ));
#270 = CARTESIAN_POINT('',(45.980963820579,-14.83473304036,
    1.400000000001));
#271 = CARTESIAN_POINT('',(45.980969194092,-14.83088766788,
    1.399999999998));
#272 = CARTESIAN_POINT('',(45.980973895132,-14.82704244841,
    1.400000000003));
#273 = CARTESIAN_POINT('',(45.980977924073,-14.82319738224,
    1.399999999997));
#274 = CARTESIAN_POINT('',(45.980981280933,-14.8193524693,1.400000000002
    ));
#275 = CARTESIAN_POINT('',(45.98098396608,-14.81550770985,1.399999999999
    ));
#276 = CARTESIAN_POINT('',(45.980985979596,-14.81166310388,
    1.400000000001));
#277 = CARTESIAN_POINT('',(45.980987321756,-14.80781865158,1.4));
#278 = CARTESIAN_POINT('',(45.980987992729,-14.80397435303,1.4));
#279 = CARTESIAN_POINT('',(45.980987992729,-14.80013020833,1.4));
#280 = PCURVE('',#50,#281);
#281 = DEFINITIONAL_REPRESENTATION('',(#282),#301);
#282 = B_SPLINE_CURVE_WITH_KNOTS('',9,(#283,#284,#285,#286,#287,#288,
    #289,#290,#291,#292,#293,#294,#295,#296,#297,#298,#299,#300),
  .UNSPECIFIED.,.F.,.F.,(10,8,10),(41.316197240884,60.597622536059,
    79.879047831235),.UNSPECIFIED.);
#283 = CARTESIAN_POINT('',(-2.47350211821E-16,-1.4));
#284 = CARTESIAN_POINT('',(5.09507431027E-02,-1.4));
#285 = CARTESIAN_POINT('',(0.10379392929,-1.4));
#286 = CARTESIAN_POINT('',(0.158187913044,-1.4));
#287 = CARTESIAN_POINT('',(0.213736831283,-1.4));
#288 = CARTESIAN_POINT('',(0.270091353739,-1.4));
#289 = CARTESIAN_POINT('',(0.326975379202,-1.4));
#290 = CARTESIAN_POINT('',(0.384216820067,-1.4));
#291 = CARTESIAN_POINT('',(0.441749921688,-1.4));
#292 = CARTESIAN_POINT('',(0.557141812585,-1.4));
#293 = CARTESIAN_POINT('',(0.615000425744,-1.40000000005));
#294 = CARTESIAN_POINT('',(0.672901415365,-1.399999999767));
#295 = CARTESIAN_POINT('',(0.730651788851,-1.400000000518));
#296 = CARTESIAN_POINT('',(0.787975440007,-1.39999999931));
#297 = CARTESIAN_POINT('',(0.844147067255,-1.400000000582));
#298 = CARTESIAN_POINT('',(0.89860630309,-1.399999999698));
#299 = CARTESIAN_POINT('',(0.950666692771,-1.40000000008));
#300 = CARTESIAN_POINT('',(1.,-1.4));
#301 = ( GEOMETRIC_REPRESENTATION_CONTEXT(2) 
PARAMETRIC_REPRESENTATION_CONTEXT() REPRESENTATION_CONTEXT('2D SPACE',''
  ) );
#302 = PCURVE('',#303,#382);
#303 = ( BOUNDED_SURFACE() B_SPLINE_SURFACE(2,13,(
    (#304,#305,#306,#307,#308,#309,#310,#311,#312,#313,#314,#315,#316
      ,#317,#318,#319,#320,#321,#322,#323,#324,#325,#326,#327,#328,#329)
    ,(#330,#331,#332,#333,#334,#335,#336,#337,#338,#339,#340,#341,#342
      ,#343,#344,#345,#346,#347,#348,#349,#350,#351,#352,#353,#354,#355)
    ,(#356,#357,#358,#359,#360,#361,#362,#363,#364,#365,#366,#367,#368
      ,#369,#370,#371,#372,#373,#374,#375,#376,#377,#378,#379,#380,#381
)),.UNSPECIFIED.,.F.,.F.,.F.) B_SPLINE_SURFACE_WITH_KNOTS((3,3),(14,12,
    14),(0.,38.562850590351),(41.316197240884,79.822531381158,
79.879047831235),.UNSPECIFIED.) GEOMETRIC_REPRESENTATION_ITEM() 
RATIONAL_B_SPLINE_SURFACE((
    (1.,1.,1.000000000001,0.999999999998,1.000000000005,0.999999999992
      ,1.000000000009,0.999999999991,1.000000000007,0.999999999996
      ,1.000000000002,0.999999999999,1.,1.,1.,0.999999999999
      ,1.000000000002,0.999999999997,1.000000000003,0.999999999997
      ,1.000000000002,0.999999999999,1.000000000001,1.,1.,1.)
    ,(0.707106781187,0.707106781186,0.707106781187,0.707106781185
      ,0.707106781189,0.707106781183,0.707106781191,0.707106781183
      ,0.707106781189,0.707106781185,0.707106781187,0.707106781186
      ,0.707106781187,0.707106781187,0.707106781187,0.707106781186
      ,0.707106781187,0.707106781186,0.707106781188,0.707106781186
      ,0.707106781187,0.707106781186,0.707106781187,0.707106781187
      ,0.707106781187,0.707106781187)
    ,(1.,1.,1.000000000001,0.999999999998,1.000000000005,0.999999999992
      ,1.000000000009,0.999999999991,1.000000000007,0.999999999996
      ,1.000000000002,0.999999999999,1.,1.,1.,0.999999999999
      ,1.000000000002,0.999999999997,1.000000000003,0.999999999997
      ,1.000000000002,0.999999999999,1.000000000001,1.,1.,1.
))) REPRESENTATION_ITEM('') SURFACE() );
#304 = CARTESIAN_POINT('',(19.480987992729,-36.40006510416,1.4));
#305 = CARTESIAN_POINT('',(22.90452872398,-36.40006510416,1.4));
#306 = CARTESIAN_POINT('',(26.307116698106,-36.116102688,1.4));
#307 = CARTESIAN_POINT('',(29.606708200809,-35.51630083811,1.4));
#308 = CARTESIAN_POINT('',(32.722514865096,-34.57901722617,
    1.399999999999));
#309 = CARTESIAN_POINT('',(35.57233781145,-33.33012590718,1.400000000001
    ));
#310 = CARTESIAN_POINT('',(38.158208884662,-31.74923885559,
    1.399999999999));
#311 = CARTESIAN_POINT('',(40.350257768932,-29.92460901298,
    1.400000000001));
#312 = CARTESIAN_POINT('',(42.310684070365,-27.82665523983,
    1.399999999999));
#313 = CARTESIAN_POINT('',(43.841707590571,-25.43003587418,
    1.400000000001));
#314 = CARTESIAN_POINT('',(44.963336905223,-22.85285493322,1.4));
#315 = CARTESIAN_POINT('',(45.657384375587,-20.16150530978,1.4));
#316 = CARTESIAN_POINT('',(45.975440613605,-17.47049892426,1.4));
#317 = CARTESIAN_POINT('',(45.980943663752,-14.84627007539,1.4));
#318 = CARTESIAN_POINT('',(45.980951055633,-14.84242424424,1.4));
#319 = CARTESIAN_POINT('',(45.98095777452,-14.83857856588,1.399999999999
    ));
#320 = CARTESIAN_POINT('',(45.980963820579,-14.83473304036,
    1.400000000001));
#321 = CARTESIAN_POINT('',(45.980969194092,-14.83088766788,
    1.399999999998));
#322 = CARTESIAN_POINT('',(45.980973895132,-14.82704244841,
    1.400000000003));
#323 = CARTESIAN_POINT('',(45.980977924073,-14.82319738224,
    1.399999999997));
#324 = CARTESIAN_POINT('',(45.980981280933,-14.8193524693,1.400000000002
    ));
#325 = CARTESIAN_POINT('',(45.98098396608,-14.81550770985,1.399999999999
    ));
#326 = CARTESIAN_POINT('',(45.980985979596,-14.81166310388,
    1.400000000001));
#327 = CARTESIAN_POINT('',(45.980987321756,-14.80781865158,1.4));
#328 = CARTESIAN_POINT('',(45.980987992729,-14.80397435303,1.4));
#329 = CARTESIAN_POINT('',(45.980987992729,-14.80013020833,1.4));
#330 = CARTESIAN_POINT('',(19.480987992729,-36.40006510416,
    3.330669073875E-16));
#331 = CARTESIAN_POINT('',(22.904528723981,-36.40006510416,
    4.907185768843E-14));
#332 = CARTESIAN_POINT('',(26.307116698105,-36.116102688,
    -2.111644192837E-13));
#333 = CARTESIAN_POINT('',(29.606708200811,-35.5163008381,
    5.394573676654E-13));
#334 = CARTESIAN_POINT('',(32.722514865099,-34.57901722618,
    -9.821032875834E-13));
#335 = CARTESIAN_POINT('',(35.572337811436,-33.33012590716,
    1.348254841105E-12));
#336 = CARTESIAN_POINT('',(38.15820888469,-31.74923885561,
    -1.418531958564E-12));
#337 = CARTESIAN_POINT('',(40.350257768896,-29.92460901296,
    1.149302875092E-12));
#338 = CARTESIAN_POINT('',(42.310684070399,-27.82665523983,
    -7.140954494389E-13));
#339 = CARTESIAN_POINT('',(43.841707590547,-25.43003587419,
    3.357314426466E-13));
#340 = CARTESIAN_POINT('',(44.963336905236,-22.85285493322,
    -1.103561686477E-13));
#341 = CARTESIAN_POINT('',(45.657384375582,-20.16150530978,
    1.620925615953E-14));
#342 = CARTESIAN_POINT('',(45.975440613606,-17.47049892426,
    8.437694987151E-15));
#343 = CARTESIAN_POINT('',(45.980943663751,-14.84627007539,
    -8.104628079764E-15));
#344 = CARTESIAN_POINT('',(45.980951055635,-14.84242424425,
    8.91509088774E-14));
#345 = CARTESIAN_POINT('',(45.980957774512,-14.83857856587,
    -2.826627820696E-13));
#346 = CARTESIAN_POINT('',(45.980963820594,-14.83473304036,
    6.002975894148E-13));
#347 = CARTESIAN_POINT('',(45.980969194069,-14.83088766786,
    -9.627854069549E-13));
#348 = CARTESIAN_POINT('',(45.980973895158,-14.82704244842,
    1.226241330698E-12));
#349 = CARTESIAN_POINT('',(45.980977924049,-14.82319738223,
    -1.2578826869E-12));
#350 = CARTESIAN_POINT('',(45.980981280952,-14.8193524693,
    1.041833286308E-12));
#351 = CARTESIAN_POINT('',(45.980983966069,-14.81550770985,
    -6.896705428971E-13));
#352 = CARTESIAN_POINT('',(45.980985979601,-14.81166310388,
    3.570477247195E-13));
#353 = CARTESIAN_POINT('',(45.980987321755,-14.80781865158,
    -1.354472090043E-13));
#354 = CARTESIAN_POINT('',(45.980987992729,-14.80397435303,
    3.119726699197E-14));
#355 = CARTESIAN_POINT('',(45.980987992729,-14.80013020833,
    3.330669073875E-16));
#356 = CARTESIAN_POINT('',(19.484314476763,-35.00006905613,0.));
#357 = CARTESIAN_POINT('',(22.778788468859,-34.99976238495,
    -2.020605904818E-14));
#358 = CARTESIAN_POINT('',(26.057227586009,-34.72836927996,
    9.370282327836E-14));
#359 = CARTESIAN_POINT('',(29.227879304998,-34.15263409354,
    -2.599032100647E-13));
#360 = CARTESIAN_POINT('',(32.208102019206,-33.25321261242,
    5.248024237403E-13));
#361 = CARTESIAN_POINT('',(34.901595723185,-32.06321536766,
    -8.223421943399E-13));
#362 = CARTESIAN_POINT('',(37.340188901645,-30.5677002513,
    1.032396390599E-12));
#363 = CARTESIAN_POINT('',(39.347888941944,-28.85584814459,
    -1.04549702229E-12));
#364 = CARTESIAN_POINT('',(41.172655166083,-26.93569046194,
    8.418821195733E-13));
#365 = CARTESIAN_POINT('',(42.597525882169,-24.70576160358,
    -5.19917442432E-13));
#366 = CARTESIAN_POINT('',(43.643135591486,-22.30681265543,
    2.283728761654E-13));
#367 = CARTESIAN_POINT('',(44.287395872361,-19.78813354122,
    -5.45119505091E-14));
#368 = CARTESIAN_POINT('',(44.576298777939,-17.27288896739,
    -1.054711873394E-14));
#369 = CARTESIAN_POINT('',(44.580956047933,-14.84037478042,
    1.7763568394E-14));
#370 = CARTESIAN_POINT('',(44.58096226135,-14.83680992239,
    -1.847411112976E-13));
#371 = CARTESIAN_POINT('',(44.580967862833,-14.83324521952,
    5.879741138415E-13));
#372 = CARTESIAN_POINT('',(44.580972852626,-14.8296806719,
    -1.255995307758E-12));
#373 = CARTESIAN_POINT('',(44.580977230847,-14.82611627972,
    2.061018022914E-12));
#374 = CARTESIAN_POINT('',(44.580980997849,-14.82255204299,
    -2.718270053492E-12));
#375 = CARTESIAN_POINT('',(44.58098415363,-14.81898796195,
    2.925326647585E-12));
#376 = CARTESIAN_POINT('',(44.580986698631,-14.81542403659,
    -2.560063272483E-12));
#377 = CARTESIAN_POINT('',(44.580988632832,-14.81186026714,
    1.791122805628E-12));
#378 = CARTESIAN_POINT('',(44.580989956614,-14.80829665363,
    -9.68558566683E-13));
#379 = CARTESIAN_POINT('',(44.580990670067,-14.80473319623,
    3.773648060701E-13));
#380 = CARTESIAN_POINT('',(44.580990773455,-14.80116989503,
    -8.704148513061E-14));
#381 = CARTESIAN_POINT('',(44.58099026696,-14.79760675016,0.));
#382 = DEFINITIONAL_REPRESENTATION('',(#383),#387);
#383 = LINE('',#384,#385);
#384 = CARTESIAN_POINT('',(0.,0.));
#385 = VECTOR('',#386,1.);
#386 = DIRECTION('',(0.,1.));
#387 = ( GEOMETRIC_REPRESENTATION_CONTEXT(2) 
PARAMETRIC_REPRESENTATION_CONTEXT() REPRESENTATION_CONTEXT('2D SPACE',''
  ) );
#388 = ADVANCED_FACE('',(#389),#236,.F.);
#389 = FACE_BOUND('',#390,.F.);
#390 = EDGE_LOOP('',(#391,#392,#500,#528));
#391 = ORIENTED_EDGE('',*,*,#220,.T.);
#392 = ORIENTED_EDGE('',*,*,#393,.T.);
#393 = EDGE_CURVE('',#81,#394,#396,.T.);
#394 = VERTEX_POINT('',#395);
#395 = CARTESIAN_POINT('',(21.180857784396,6.400065104167,20.6));
#396 = SURFACE_CURVE('',#397,(#416,#438),.PCURVE_S1.);
#397 = ( BOUNDED_CURVE() B_SPLINE_CURVE(9,(#398,#399,#400,#401,#402,#403
    ,#404,#405,#406,#407,#408,#409,#410,#411,#412,#413,#414,#415),
.UNSPECIFIED.,.F.,.F.) B_SPLINE_CURVE_WITH_KNOTS((10,8,10),(
    79.879047831235,99.106767519195,118.33448720715),.UNSPECIFIED.) 
CURVE() GEOMETRIC_REPRESENTATION_ITEM() RATIONAL_B_SPLINE_CURVE((1.,1.,
    1.,1.,1.,1.,1.,1.,1.,1.,1.,1.,1.,1.,1.,1.,1.,1.)) 
REPRESENTATION_ITEM('') );
#398 = CARTESIAN_POINT('',(45.980987992729,-14.80013020833,20.6));
#399 = CARTESIAN_POINT('',(45.980987992729,-12.91103660923,20.6));
#400 = CARTESIAN_POINT('',(45.819377115909,-11.06056824675,20.6));
#401 = CARTESIAN_POINT('',(45.475181841976,-9.260326386193,20.6));
#402 = CARTESIAN_POINT('',(44.931449578488,-7.532069811282,20.6));
#403 = CARTESIAN_POINT('',(44.165484258289,-5.894699054659,20.6));
#404 = CARTESIAN_POINT('',(43.187022431909,-4.393505780374,20.6));
#405 = CARTESIAN_POINT('',(42.029369150515,-3.023612970746,20.6));
#406 = CARTESIAN_POINT('',(40.706800089623,-1.779525552868,20.6));
#407 = CARTESIAN_POINT('',(37.759195985826,0.480802303396,20.6));
#408 = CARTESIAN_POINT('',(36.133953563155,1.496924099729,20.6));
#409 = CARTESIAN_POINT('',(34.370438693553,2.410780665221,20.6));
#410 = CARTESIAN_POINT('',(32.474469674196,3.236744233425,20.6));
#411 = CARTESIAN_POINT('',(30.450095562055,3.986582886577,20.6));
#412 = CARTESIAN_POINT('',(28.302133389491,4.66930471085,20.6));
#413 = CARTESIAN_POINT('',(26.036672669461,5.293230752352,20.6));
#414 = CARTESIAN_POINT('',(23.660557650845,5.867481935332,20.6));
#415 = CARTESIAN_POINT('',(21.180857784396,6.400065104167,20.6));
#416 = PCURVE('',#236,#417);
#417 = DEFINITIONAL_REPRESENTATION('',(#418),#437);
#418 = B_SPLINE_CURVE_WITH_KNOTS('',9,(#419,#420,#421,#422,#423,#424,
    #425,#426,#427,#428,#429,#430,#431,#432,#433,#434,#435,#436),
  .UNSPECIFIED.,.F.,.F.,(10,8,10),(79.879047831235,99.106767519195,
    118.33448720715),.UNSPECIFIED.);
#419 = CARTESIAN_POINT('',(-1.723706257848E-16,-20.6));
#420 = CARTESIAN_POINT('',(4.919464537607E-02,-20.6));
#421 = CARTESIAN_POINT('',(0.100614834975,-20.6));
#422 = CARTESIAN_POINT('',(0.154325100454,-20.6));
#423 = CARTESIAN_POINT('',(0.210039270042,-20.6));
#424 = CARTESIAN_POINT('',(0.267617028718,-20.6));
#425 = CARTESIAN_POINT('',(0.325579549851,-20.6));
#426 = CARTESIAN_POINT('',(0.383320875993,-20.6));
#427 = CARTESIAN_POINT('',(0.440641354346,-20.6));
#428 = CARTESIAN_POINT('',(0.5543873847,-20.6));
#429 = CARTESIAN_POINT('',(0.610814707496,-20.6));
#430 = CARTESIAN_POINT('',(0.666772519208,-20.6));
#431 = CARTESIAN_POINT('',(0.722468250745,-20.6));
#432 = CARTESIAN_POINT('',(0.778040918237,-20.6));
#433 = CARTESIAN_POINT('',(0.833554657672,-20.59999999999));
#434 = CARTESIAN_POINT('',(0.889045407114,-20.6));
#435 = CARTESIAN_POINT('',(0.944525972446,-20.6));
#436 = CARTESIAN_POINT('',(1.,-20.6));
#437 = ( GEOMETRIC_REPRESENTATION_CONTEXT(2) 
PARAMETRIC_REPRESENTATION_CONTEXT() REPRESENTATION_CONTEXT('2D SPACE',''
  ) );
#438 = PCURVE('',#439,#494);
#439 = ( BOUNDED_SURFACE() B_SPLINE_SURFACE(2,9,(
    (#440,#441,#442,#443,#444,#445,#446,#447,#448,#449,#450,#451,#452
      ,#453,#454,#455,#456,#457)
    ,(#458,#459,#460,#461,#462,#463,#464,#465,#466,#467,#468,#469,#470
      ,#471,#472,#473,#474,#475)
    ,(#476,#477,#478,#479,#480,#481,#482,#483,#484,#485,#486,#487,#488
      ,#489,#490,#491,#492,#493
)),.UNSPECIFIED.,.F.,.F.,.F.) B_SPLINE_SURFACE_WITH_KNOTS((3,3),(10,8,10
    ),(0.,38.455439375921),(79.879047831235,99.106767519195,
118.33448720715),.UNSPECIFIED.) GEOMETRIC_REPRESENTATION_ITEM() 
RATIONAL_B_SPLINE_SURFACE((
    (1.,1.,1.,1.,1.,1.,1.,1.,1.,1.,1.,1.,1.,1.,1.,1.,1.,1.)
    ,(0.707106781187,0.707106781187,0.707106781187,0.707106781187
      ,0.707106781187,0.707106781187,0.707106781187,0.707106781187
      ,0.707106781187,0.707106781187,0.707106781187,0.707106781187
      ,0.707106781187,0.707106781187,0.707106781187,0.707106781187
      ,0.707106781187,0.707106781187)
    ,(1.,1.,1.,1.,1.,1.,1.,1.,1.,1.,1.,1.,1.,1.,1.,1.,1.,1.
))) REPRESENTATION_ITEM('') SURFACE() );
#440 = CARTESIAN_POINT('',(45.980987992729,-14.80013020833,20.6));
#441 = CARTESIAN_POINT('',(45.980987992729,-12.91103660923,20.6));
#442 = CARTESIAN_POINT('',(45.819377115909,-11.06056824675,20.6));
#443 = CARTESIAN_POINT('',(45.475181841976,-9.260326386193,20.6));
#444 = CARTESIAN_POINT('',(44.931449578488,-7.532069811282,20.6));
#445 = CARTESIAN_POINT('',(44.165484258289,-5.894699054659,20.6));
#446 = CARTESIAN_POINT('',(43.187022431909,-4.393505780374,20.6));
#447 = CARTESIAN_POINT('',(42.029369150515,-3.023612970746,20.6));
#448 = CARTESIAN_POINT('',(40.706800089623,-1.779525552868,20.6));
#449 = CARTESIAN_POINT('',(37.759195985826,0.480802303396,20.6));
#450 = CARTESIAN_POINT('',(36.133953563155,1.496924099729,20.6));
#451 = CARTESIAN_POINT('',(34.370438693553,2.410780665221,20.6));
#452 = CARTESIAN_POINT('',(32.474469674196,3.236744233425,20.6));
#453 = CARTESIAN_POINT('',(30.450095562055,3.986582886577,20.6));
#454 = CARTESIAN_POINT('',(28.302133389491,4.66930471085,20.6));
#455 = CARTESIAN_POINT('',(26.036672669461,5.293230752352,20.6));
#456 = CARTESIAN_POINT('',(23.660557650845,5.867481935332,20.6));
#457 = CARTESIAN_POINT('',(21.180857784396,6.400065104167,20.6));
#458 = CARTESIAN_POINT('',(45.980987992729,-14.80013020833,22.));
#459 = CARTESIAN_POINT('',(45.980987992729,-12.91103660923,22.));
#460 = CARTESIAN_POINT('',(45.819377115909,-11.06056824675,22.));
#461 = CARTESIAN_POINT('',(45.475181841977,-9.260326386193,22.));
#462 = CARTESIAN_POINT('',(44.931449578488,-7.532069811282,22.));
#463 = CARTESIAN_POINT('',(44.16548425829,-5.89469905466,22.));
#464 = CARTESIAN_POINT('',(43.187022431908,-4.393505780374,22.));
#465 = CARTESIAN_POINT('',(42.029369150516,-3.023612970746,22.));
#466 = CARTESIAN_POINT('',(40.706800089623,-1.779525552868,22.));
#467 = CARTESIAN_POINT('',(37.759195985826,0.480802303396,22.));
#468 = CARTESIAN_POINT('',(36.133953563155,1.496924099729,22.));
#469 = CARTESIAN_POINT('',(34.370438693553,2.41078066522,22.));
#470 = CARTESIAN_POINT('',(32.474469674196,3.236744233427,22.));
#471 = CARTESIAN_POINT('',(30.450095562055,3.986582886576,22.));
#472 = CARTESIAN_POINT('',(28.302133389492,4.66930471085,22.));
#473 = CARTESIAN_POINT('',(26.036672669461,5.293230752352,22.));
#474 = CARTESIAN_POINT('',(23.660557650845,5.867481935332,22.));
#475 = CARTESIAN_POINT('',(21.180857784396,6.400065104167,22.));
#476 = CARTESIAN_POINT('',(44.58099026696,-14.79760675016,22.));
#477 = CARTESIAN_POINT('',(44.580741364847,-13.04660237986,22.));
#478 = CARTESIAN_POINT('',(44.434196592525,-11.33482954765,22.));
#479 = CARTESIAN_POINT('',(44.120658081388,-9.67498311518,22.));
#480 = CARTESIAN_POINT('',(43.624671472984,-8.087460860595,22.));
#481 = CARTESIAN_POINT('',(42.925344765944,-6.588579269325,22.));
#482 = CARTESIAN_POINT('',(42.031669496403,-5.214169745111,22.));
#483 = CARTESIAN_POINT('',(40.968261336399,-3.954179698671,22.));
#484 = CARTESIAN_POINT('',(39.742954995152,-2.802104293995,22.));
#485 = CARTESIAN_POINT('',(36.985255670046,-0.692091995146,22.));
#486 = CARTESIAN_POINT('',(35.452701581924,0.265702626475,22.));
#487 = CARTESIAN_POINT('',(33.7742236432,1.137077089065,22.));
#488 = CARTESIAN_POINT('',(31.952511364395,1.932747002725,22.));
#489 = CARTESIAN_POINT('',(29.991002362936,2.660866539593,22.));
#490 = CARTESIAN_POINT('',(27.895529488034,3.327825559864,22.));
#491 = CARTESIAN_POINT('',(25.673626878301,3.940223759746,22.));
#492 = CARTESIAN_POINT('',(23.333345931436,4.505916058009,22.));
#493 = CARTESIAN_POINT('',(20.883432165201,5.032023437752,22.));
#494 = DEFINITIONAL_REPRESENTATION('',(#495),#499);
#495 = LINE('',#496,#497);
#496 = CARTESIAN_POINT('',(0.,0.));
#497 = VECTOR('',#498,1.);
#498 = DIRECTION('',(0.,1.));
#499 = ( GEOMETRIC_REPRESENTATION_CONTEXT(2) 
PARAMETRIC_REPRESENTATION_CONTEXT() REPRESENTATION_CONTEXT('2D SPACE',''
  ) );
#500 = ORIENTED_EDGE('',*,*,#501,.F.);
#501 = EDGE_CURVE('',#502,#394,#504,.T.);
#502 = VERTEX_POINT('',#503);
#503 = CARTESIAN_POINT('',(21.180857784396,6.400065104167,1.4));
#504 = SURFACE_CURVE('',#505,(#509,#516),.PCURVE_S1.);
#505 = LINE('',#506,#507);
#506 = CARTESIAN_POINT('',(21.180857784396,6.400065104167,0.));
#507 = VECTOR('',#508,1.);
#508 = DIRECTION('',(0.,0.,1.));
#509 = PCURVE('',#236,#510);
#510 = DEFINITIONAL_REPRESENTATION('',(#511),#515);
#511 = LINE('',#512,#513);
#512 = CARTESIAN_POINT('',(1.,0.));
#513 = VECTOR('',#514,1.);
#514 = DIRECTION('',(0.,-1.));
#515 = ( GEOMETRIC_REPRESENTATION_CONTEXT(2) 
PARAMETRIC_REPRESENTATION_CONTEXT() REPRESENTATION_CONTEXT('2D SPACE',''
  ) );
#516 = PCURVE('',#517,#522);
#517 = PLANE('',#518);
#518 = AXIS2_PLACEMENT_3D('',#519,#520,#521);
#519 = CARTESIAN_POINT('',(21.180857784396,6.400065104167,0.));
#520 = DIRECTION('',(-0.212446870854,-0.977172618868,0.));
#521 = DIRECTION('',(-0.977172618868,0.212446870854,0.));
#522 = DEFINITIONAL_REPRESENTATION('',(#523),#527);
#523 = LINE('',#524,#525);
#524 = CARTESIAN_POINT('',(0.,0.));
#525 = VECTOR('',#526,1.);
#526 = DIRECTION('',(0.,-1.));
#527 = ( GEOMETRIC_REPRESENTATION_CONTEXT(2) 
PARAMETRIC_REPRESENTATION_CONTEXT() REPRESENTATION_CONTEXT('2D SPACE',''
  ) );
#528 = ORIENTED_EDGE('',*,*,#529,.F.);
#529 = EDGE_CURVE('',#221,#502,#530,.T.);
#530 = SURFACE_CURVE('',#531,(#550,#572),.PCURVE_S1.);
#531 = ( BOUNDED_CURVE() B_SPLINE_CURVE(9,(#532,#533,#534,#535,#536,#537
    ,#538,#539,#540,#541,#542,#543,#544,#545,#546,#547,#548,#549),
.UNSPECIFIED.,.F.,.F.) B_SPLINE_CURVE_WITH_KNOTS((10,8,10),(
    79.879047831235,99.106767519195,118.33448720715),.UNSPECIFIED.) 
CURVE() GEOMETRIC_REPRESENTATION_ITEM() RATIONAL_B_SPLINE_CURVE((1.,1.,
    1.,1.,1.,1.,1.,1.,1.,1.,1.,1.,1.,1.,1.,1.,1.,1.)) 
REPRESENTATION_ITEM('') );
#532 = CARTESIAN_POINT('',(45.980987992729,-14.80013020833,1.4));
#533 = CARTESIAN_POINT('',(45.980987992729,-12.91103660923,1.4));
#534 = CARTESIAN_POINT('',(45.819377115909,-11.06056824675,1.4));
#535 = CARTESIAN_POINT('',(45.475181841976,-9.260326386193,1.4));
#536 = CARTESIAN_POINT('',(44.931449578488,-7.532069811282,1.4));
#537 = CARTESIAN_POINT('',(44.165484258289,-5.894699054659,1.4));
#538 = CARTESIAN_POINT('',(43.187022431909,-4.393505780374,1.4));
#539 = CARTESIAN_POINT('',(42.029369150515,-3.023612970746,1.4));
#540 = CARTESIAN_POINT('',(40.706800089623,-1.779525552868,1.4));
#541 = CARTESIAN_POINT('',(37.759195985826,0.480802303396,1.4));
#542 = CARTESIAN_POINT('',(36.133953563155,1.496924099729,1.4));
#543 = CARTESIAN_POINT('',(34.370438693553,2.410780665221,1.4));
#544 = CARTESIAN_POINT('',(32.474469674196,3.236744233425,1.4));
#545 = CARTESIAN_POINT('',(30.450095562055,3.986582886577,1.4));
#546 = CARTESIAN_POINT('',(28.302133389491,4.66930471085,1.4));
#547 = CARTESIAN_POINT('',(26.036672669461,5.293230752352,1.4));
#548 = CARTESIAN_POINT('',(23.660557650845,5.867481935332,1.4));
#549 = CARTESIAN_POINT('',(21.180857784396,6.400065104167,1.4));
#550 = PCURVE('',#236,#551);
#551 = DEFINITIONAL_REPRESENTATION('',(#552),#571);
#552 = B_SPLINE_CURVE_WITH_KNOTS('',9,(#553,#554,#555,#556,#557,#558,
    #559,#560,#561,#562,#563,#564,#565,#566,#567,#568,#569,#570),
  .UNSPECIFIED.,.F.,.F.,(10,8,10),(79.879047831235,99.106767519195,
    118.33448720715),.UNSPECIFIED.);
#553 = CARTESIAN_POINT('',(-1.723706257848E-16,-1.4));
#554 = CARTESIAN_POINT('',(4.919464537607E-02,-1.4));
#555 = CARTESIAN_POINT('',(0.100614834975,-1.4));
#556 = CARTESIAN_POINT('',(0.154325100454,-1.4));
#557 = CARTESIAN_POINT('',(0.210039270042,-1.4));
#558 = CARTESIAN_POINT('',(0.267617028718,-1.4));
#559 = CARTESIAN_POINT('',(0.325579549851,-1.4));
#560 = CARTESIAN_POINT('',(0.383320875993,-1.4));
#561 = CARTESIAN_POINT('',(0.440641354346,-1.4));
#562 = CARTESIAN_POINT('',(0.5543873847,-1.4));
#563 = CARTESIAN_POINT('',(0.610814707496,-1.4));
#564 = CARTESIAN_POINT('',(0.666772519208,-1.4));
#565 = CARTESIAN_POINT('',(0.722468250745,-1.4));
#566 = CARTESIAN_POINT('',(0.778040918237,-1.4));
#567 = CARTESIAN_POINT('',(0.833554657672,-1.4));
#568 = CARTESIAN_POINT('',(0.889045407114,-1.4));
#569 = CARTESIAN_POINT('',(0.944525972446,-1.4));
#570 = CARTESIAN_POINT('',(1.,-1.4));
#571 = ( GEOMETRIC_REPRESENTATION_CONTEXT(2) 
PARAMETRIC_REPRESENTATION_CONTEXT() REPRESENTATION_CONTEXT('2D SPACE',''
  ) );
#572 = PCURVE('',#573,#628);
#573 = ( BOUNDED_SURFACE() B_SPLINE_SURFACE(2,9,(
    (#574,#575,#576,#577,#578,#579,#580,#581,#582,#583,#584,#585,#586
      ,#587,#588,#589,#590,#591)
    ,(#592,#593,#594,#595,#596,#597,#598,#599,#600,#601,#602,#603,#604
      ,#605,#606,#607,#608,#609)
    ,(#610,#611,#612,#613,#614,#615,#616,#617,#618,#619,#620,#621,#622
      ,#623,#624,#625,#626,#627
)),.UNSPECIFIED.,.F.,.F.,.F.) B_SPLINE_SURFACE_WITH_KNOTS((3,3),(10,8,10
    ),(0.,38.455439375921),(79.879047831235,99.106767519195,
118.33448720715),.UNSPECIFIED.) GEOMETRIC_REPRESENTATION_ITEM() 
RATIONAL_B_SPLINE_SURFACE((
    (1.,1.,1.,1.,1.,1.,1.,1.,1.,1.,1.,1.,1.,1.,1.,1.,1.,1.)
    ,(0.707106781187,0.707106781187,0.707106781187,0.707106781187
      ,0.707106781187,0.707106781187,0.707106781187,0.707106781187
      ,0.707106781187,0.707106781187,0.707106781187,0.707106781187
      ,0.707106781187,0.707106781187,0.707106781187,0.707106781187
      ,0.707106781187,0.707106781187)
    ,(1.,1.,1.,1.,1.,1.,1.,1.,1.,1.,1.,1.,1.,1.,1.,1.,1.,1.
))) REPRESENTATION_ITEM('') SURFACE() );
#574 = CARTESIAN_POINT('',(45.980987992729,-14.80013020833,1.4));
#575 = CARTESIAN_POINT('',(45.980987992729,-12.91103660923,1.4));
#576 = CARTESIAN_POINT('',(45.819377115909,-11.06056824675,1.4));
#577 = CARTESIAN_POINT('',(45.475181841976,-9.260326386193,1.4));
#578 = CARTESIAN_POINT('',(44.931449578488,-7.532069811282,1.4));
#579 = CARTESIAN_POINT('',(44.165484258289,-5.894699054659,1.4));
#580 = CARTESIAN_POINT('',(43.187022431909,-4.393505780374,1.4));
#581 = CARTESIAN_POINT('',(42.029369150515,-3.023612970746,1.4));
#582 = CARTESIAN_POINT('',(40.706800089623,-1.779525552868,1.4));
#583 = CARTESIAN_POINT('',(37.759195985826,0.480802303396,1.4));
#584 = CARTESIAN_POINT('',(36.133953563155,1.496924099729,1.4));
#585 = CARTESIAN_POINT('',(34.370438693553,2.410780665221,1.4));
#586 = CARTESIAN_POINT('',(32.474469674196,3.236744233425,1.4));
#587 = CARTESIAN_POINT('',(30.450095562055,3.986582886577,1.4));
#588 = CARTESIAN_POINT('',(28.302133389491,4.66930471085,1.4));
#589 = CARTESIAN_POINT('',(26.036672669461,5.293230752352,1.4));
#590 = CARTESIAN_POINT('',(23.660557650845,5.867481935332,1.4));
#591 = CARTESIAN_POINT('',(21.180857784396,6.400065104167,1.4));
#592 = CARTESIAN_POINT('',(45.980987992729,-14.80013020833,
    2.22044604925E-16));
#593 = CARTESIAN_POINT('',(45.980987992729,-12.91103660923,
    1.665334536938E-15));
#594 = CARTESIAN_POINT('',(45.819377115909,-11.06056824675,
    -4.773959005888E-15));
#595 = CARTESIAN_POINT('',(45.475181841977,-9.260326386193,
    1.110223024625E-14));
#596 = CARTESIAN_POINT('',(44.931449578488,-7.532069811282,
    -1.565414464721E-14));
#597 = CARTESIAN_POINT('',(44.16548425829,-5.89469905466,
    1.676436767184E-14));
#598 = CARTESIAN_POINT('',(43.187022431908,-4.393505780374,
    -1.24344978758E-14));
#599 = CARTESIAN_POINT('',(42.029369150516,-3.023612970746,
    6.994405055138E-15));
#600 = CARTESIAN_POINT('',(40.706800089623,-1.779525552868,
    -1.443289932013E-15));
#601 = CARTESIAN_POINT('',(37.759195985826,0.480802303396,
    1.665334536938E-15));
#602 = CARTESIAN_POINT('',(36.133953563155,1.496924099729,
    -4.884981308351E-15));
#603 = CARTESIAN_POINT('',(34.370438693553,2.41078066522,
    1.032507412901E-14));
#604 = CARTESIAN_POINT('',(32.474469674196,3.236744233427,
    -1.476596622751E-14));
#605 = CARTESIAN_POINT('',(30.450095562055,3.986582886576,
    1.632027846199E-14));
#606 = CARTESIAN_POINT('',(28.302133389492,4.66930471085,
    -1.06581410364E-14));
#607 = CARTESIAN_POINT('',(26.036672669461,5.293230752352,
    3.552713678801E-15));
#608 = CARTESIAN_POINT('',(23.660557650845,5.867481935332,
    3.330669073875E-16));
#609 = CARTESIAN_POINT('',(21.180857784396,6.400065104167,
    2.22044604925E-16));
#610 = CARTESIAN_POINT('',(44.58099026696,-14.79760675016,0.));
#611 = CARTESIAN_POINT('',(44.580741364847,-13.04660237986,
    -2.331468351713E-15));
#612 = CARTESIAN_POINT('',(44.434196592525,-11.33482954765,
    9.436895709314E-15));
#613 = CARTESIAN_POINT('',(44.120658081388,-9.67498311518,
    -2.164934898019E-14));
#614 = CARTESIAN_POINT('',(43.624671472984,-8.087460860595,
    3.219646771413E-14));
#615 = CARTESIAN_POINT('',(42.925344765944,-6.588579269325,
    -3.419486915845E-14));
#616 = CARTESIAN_POINT('',(42.031669496403,-5.214169745111,
    2.586819647377E-14));
#617 = CARTESIAN_POINT('',(40.968261336399,-3.954179698671,
    -1.254552017826E-14));
#618 = CARTESIAN_POINT('',(39.742954995152,-2.802104293995,
    2.553512956638E-15));
#619 = CARTESIAN_POINT('',(36.985255670046,-0.692091995146,
    -1.221245327088E-15));
#620 = CARTESIAN_POINT('',(35.452701581924,0.265702626475,
    2.442490654175E-15));
#621 = CARTESIAN_POINT('',(33.7742236432,1.137077089065,
    -1.887379141863E-15));
#622 = CARTESIAN_POINT('',(31.952511364395,1.932747002725,
    -1.443289932013E-15));
#623 = CARTESIAN_POINT('',(29.991002362936,2.660866539593,
    6.217248937901E-15));
#624 = CARTESIAN_POINT('',(27.895529488034,3.327825559864,
    -9.103828801926E-15));
#625 = CARTESIAN_POINT('',(25.673626878301,3.940223759746,
    6.106226635438E-15));
#626 = CARTESIAN_POINT('',(23.333345931436,4.505916058009,
    -1.887379141863E-15));
#627 = CARTESIAN_POINT('',(20.883432165201,5.032023437752,0.));
#628 = DEFINITIONAL_REPRESENTATION('',(#629),#633);
#629 = LINE('',#630,#631);
#630 = CARTESIAN_POINT('',(0.,0.));
#631 = VECTOR('',#632,1.);
#632 = DIRECTION('',(0.,1.));
#633 = ( GEOMETRIC_REPRESENTATION_CONTEXT(2) 
PARAMETRIC_REPRESENTATION_CONTEXT() REPRESENTATION_CONTEXT('2D SPACE',''
  ) );
#634 = ADVANCED_FACE('',(#635),#517,.F.);
#635 = FACE_BOUND('',#636,.F.);
#636 = EDGE_LOOP('',(#637,#638,#666,#697));
#637 = ORIENTED_EDGE('',*,*,#501,.T.);
#638 = ORIENTED_EDGE('',*,*,#639,.T.);
#639 = EDGE_CURVE('',#394,#640,#642,.T.);
#640 = VERTEX_POINT('',#641);
#641 = CARTESIAN_POINT('',(18.881053096896,6.900065104167,20.6));
#642 = SURFACE_CURVE('',#643,(#647,#654),.PCURVE_S1.);
#643 = LINE('',#644,#645);
#644 = CARTESIAN_POINT('',(21.180857784396,6.400065104167,20.6));
#645 = VECTOR('',#646,1.);
#646 = DIRECTION('',(-0.977172618868,0.212446870854,0.));
#647 = PCURVE('',#517,#648);
#648 = DEFINITIONAL_REPRESENTATION('',(#649),#653);
#649 = LINE('',#650,#651);
#650 = CARTESIAN_POINT('',(2.22044604925E-16,-20.6));
#651 = VECTOR('',#652,1.);
#652 = DIRECTION('',(1.,0.));
#653 = ( GEOMETRIC_REPRESENTATION_CONTEXT(2) 
PARAMETRIC_REPRESENTATION_CONTEXT() REPRESENTATION_CONTEXT('2D SPACE',''
  ) );
#654 = PCURVE('',#655,#660);
#655 = CYLINDRICAL_SURFACE('',#656,1.4);
#656 = AXIS2_PLACEMENT_3D('',#657,#658,#659);
#657 = CARTESIAN_POINT('',(20.883432165201,5.032023437752,20.6));
#658 = DIRECTION('',(-0.977172618868,0.212446870854,0.));
#659 = DIRECTION('',(0.212446870854,0.977172618868,-0.));
#660 = DEFINITIONAL_REPRESENTATION('',(#661),#665);
#661 = LINE('',#662,#663);
#662 = CARTESIAN_POINT('',(-0.,0.));
#663 = VECTOR('',#664,1.);
#664 = DIRECTION('',(-0.,1.));
#665 = ( GEOMETRIC_REPRESENTATION_CONTEXT(2) 
PARAMETRIC_REPRESENTATION_CONTEXT() REPRESENTATION_CONTEXT('2D SPACE',''
  ) );
#666 = ORIENTED_EDGE('',*,*,#667,.F.);
#667 = EDGE_CURVE('',#668,#640,#670,.T.);
#668 = VERTEX_POINT('',#669);
#669 = CARTESIAN_POINT('',(18.881053096896,6.900065104167,1.4));
#670 = SURFACE_CURVE('',#671,(#675,#682),.PCURVE_S1.);
#671 = LINE('',#672,#673);
#672 = CARTESIAN_POINT('',(18.881053096896,6.900065104167,0.));
#673 = VECTOR('',#674,1.);
#674 = DIRECTION('',(0.,0.,1.));
#675 = PCURVE('',#517,#676);
#676 = DEFINITIONAL_REPRESENTATION('',(#677),#681);
#677 = LINE('',#678,#679);
#678 = CARTESIAN_POINT('',(2.353529604795,0.));
#679 = VECTOR('',#680,1.);
#680 = DIRECTION('',(0.,-1.));
#681 = ( GEOMETRIC_REPRESENTATION_CONTEXT(2) 
PARAMETRIC_REPRESENTATION_CONTEXT() REPRESENTATION_CONTEXT('2D SPACE',''
  ) );
#682 = PCURVE('',#683,#691);
#683 = SURFACE_OF_LINEAR_EXTRUSION('',#684,#689);
#684 = B_SPLINE_CURVE_WITH_KNOTS('',3,(#685,#686,#687,#688),
  .UNSPECIFIED.,.F.,.F.,(4,4),(0.,1.),.PIECEWISE_BEZIER_KNOTS.);
#685 = CARTESIAN_POINT('',(18.881053096896,6.900065104167,0.));
#686 = CARTESIAN_POINT('',(10.480987992729,8.699869791667,0.));
#687 = CARTESIAN_POINT('',(6.580922888563,11.199869791667,0.));
#688 = CARTESIAN_POINT('',(6.580922888563,16.400065104167,0.));
#689 = VECTOR('',#690,1.);
#690 = DIRECTION('',(-0.,-0.,-1.));
#691 = DEFINITIONAL_REPRESENTATION('',(#692),#696);
#692 = LINE('',#693,#694);
#693 = CARTESIAN_POINT('',(0.,0.));
#694 = VECTOR('',#695,1.);
#695 = DIRECTION('',(0.,-1.));
#696 = ( GEOMETRIC_REPRESENTATION_CONTEXT(2) 
PARAMETRIC_REPRESENTATION_CONTEXT() REPRESENTATION_CONTEXT('2D SPACE',''
  ) );
#697 = ORIENTED_EDGE('',*,*,#698,.F.);
#698 = EDGE_CURVE('',#502,#668,#699,.T.);
#699 = SURFACE_CURVE('',#700,(#704,#711),.PCURVE_S1.);
#700 = LINE('',#701,#702);
#701 = CARTESIAN_POINT('',(21.180857784396,6.400065104167,1.4));
#702 = VECTOR('',#703,1.);
#703 = DIRECTION('',(-0.977172618868,0.212446870854,0.));
#704 = PCURVE('',#517,#705);
#705 = DEFINITIONAL_REPRESENTATION('',(#706),#710);
#706 = LINE('',#707,#708);
#707 = CARTESIAN_POINT('',(2.22044604925E-16,-1.4));
#708 = VECTOR('',#709,1.);
#709 = DIRECTION('',(1.,0.));
#710 = ( GEOMETRIC_REPRESENTATION_CONTEXT(2) 
PARAMETRIC_REPRESENTATION_CONTEXT() REPRESENTATION_CONTEXT('2D SPACE',''
  ) );
#711 = PCURVE('',#712,#717);
#712 = CYLINDRICAL_SURFACE('',#713,1.4);
#713 = AXIS2_PLACEMENT_3D('',#714,#715,#716);
#714 = CARTESIAN_POINT('',(20.883432165201,5.032023437752,1.4));
#715 = DIRECTION('',(-0.977172618868,0.212446870854,0.));
#716 = DIRECTION('',(0.212446870854,0.977172618868,-0.));
#717 = DEFINITIONAL_REPRESENTATION('',(#718),#722);
#718 = LINE('',#719,#720);
#719 = CARTESIAN_POINT('',(0.,0.));
#720 = VECTOR('',#721,1.);
#721 = DIRECTION('',(0.,1.));
#722 = ( GEOMETRIC_REPRESENTATION_CONTEXT(2) 
PARAMETRIC_REPRESENTATION_CONTEXT() REPRESENTATION_CONTEXT('2D SPACE',''
  ) );
#723 = ADVANCED_FACE('',(#724),#683,.F.);
#724 = FACE_BOUND('',#725,.F.);
#725 = EDGE_LOOP('',(#726,#727,#823,#854));
#726 = ORIENTED_EDGE('',*,*,#667,.T.);
#727 = ORIENTED_EDGE('',*,*,#728,.T.);
#728 = EDGE_CURVE('',#640,#729,#731,.T.);
#729 = VERTEX_POINT('',#730);
#730 = CARTESIAN_POINT('',(6.580922888563,16.400065104167,20.6));
#731 = SURFACE_CURVE('',#732,(#748,#770),.PCURVE_S1.);
#732 = ( BOUNDED_CURVE() B_SPLINE_CURVE(14,(#733,#734,#735,#736,#737,
    #738,#739,#740,#741,#742,#743,#744,#745,#746,#747),.UNSPECIFIED.,.F.
,.F.) B_SPLINE_CURVE_WITH_KNOTS((15,15),(120.68801681195,138.28895144998
),.PIECEWISE_BEZIER_KNOTS.) CURVE() GEOMETRIC_REPRESENTATION_ITEM() 
RATIONAL_B_SPLINE_CURVE((1.,1.,1.000000000001,0.999999999998,
    1.000000000005,0.999999999993,1.000000000008,0.999999999993,
    1.000000000005,0.999999999998,1.000000000001,1.,1.,1.,1.)) 
REPRESENTATION_ITEM('') );
#733 = CARTESIAN_POINT('',(18.881053096896,6.900065104167,20.6));
#734 = CARTESIAN_POINT('',(17.085411069021,7.28480080547,20.6));
#735 = CARTESIAN_POINT('',(15.437047989835,7.692378916925,20.6));
#736 = CARTESIAN_POINT('',(13.934591757186,8.13046692946,20.600000000001
    ));
#737 = CARTESIAN_POINT('',(12.57501557829,8.592800222996,20.599999999998
    ));
#738 = CARTESIAN_POINT('',(11.355888183961,9.127277328576,
    20.600000000002));
#739 = CARTESIAN_POINT('',(10.285856852842,9.633035705603,
    20.599999999997));
#740 = CARTESIAN_POINT('',(9.307149105581,10.320553057907,
    20.600000000003));
#741 = CARTESIAN_POINT('',(8.557809186636,10.911029769459,
    20.599999999997));
#742 = CARTESIAN_POINT('',(7.770239604318,11.705486482408,
    20.600000000002));
#743 = CARTESIAN_POINT('',(7.281689950443,12.566719301086,
    20.599999999999));
#744 = CARTESIAN_POINT('',(6.902139231992,13.480468062984,
    20.600000000001));
#745 = CARTESIAN_POINT('',(6.682000796696,14.436165890446,20.6));
#746 = CARTESIAN_POINT('',(6.580922888562,15.413418699305,20.6));
#747 = CARTESIAN_POINT('',(6.580922888563,16.400065104167,20.6));
#748 = PCURVE('',#683,#749);
#749 = DEFINITIONAL_REPRESENTATION('',(#750),#769);
#750 = B_SPLINE_CURVE_WITH_KNOTS('',9,(#751,#752,#753,#754,#755,#756,
    #757,#758,#759,#760,#761,#762,#763,#764,#765,#766,#767,#768),
  .UNSPECIFIED.,.F.,.F.,(10,8,10),(120.68801681195,129.48848413096,
    138.28895144998),.UNSPECIFIED.);
#751 = CARTESIAN_POINT('',(2.879426000911E-17,-20.6));
#752 = CARTESIAN_POINT('',(5.542062070574E-02,-20.59999999999));
#753 = CARTESIAN_POINT('',(0.110849093177,-20.6));
#754 = CARTESIAN_POINT('',(0.166288690389,-20.59999999999));
#755 = CARTESIAN_POINT('',(0.221748846838,-20.59999999999));
#756 = CARTESIAN_POINT('',(0.27725835363,-20.6));
#757 = CARTESIAN_POINT('',(0.332859129859,-20.59999999999));
#758 = CARTESIAN_POINT('',(0.388669460202,-20.6));
#759 = CARTESIAN_POINT('',(0.444914220794,-20.6));
#760 = CARTESIAN_POINT('',(0.558342274453,-20.6));
#761 = CARTESIAN_POINT('',(0.615525299422,-20.6));
#762 = CARTESIAN_POINT('',(0.673217951221,-20.6));
#763 = CARTESIAN_POINT('',(0.731235371665,-20.6));
#764 = CARTESIAN_POINT('',(0.789201344302,-20.59999999999));
#765 = CARTESIAN_POINT('',(0.845154686054,-20.6));
#766 = CARTESIAN_POINT('',(0.899174992115,-20.59999999999));
#767 = CARTESIAN_POINT('',(0.950810075256,-20.6));
#768 = CARTESIAN_POINT('',(1.,-20.6));
#769 = ( GEOMETRIC_REPRESENTATION_CONTEXT(2) 
PARAMETRIC_REPRESENTATION_CONTEXT() REPRESENTATION_CONTEXT('2D SPACE',''
  ) );
#770 = PCURVE('',#771,#817);
#771 = ( BOUNDED_SURFACE() B_SPLINE_SURFACE(2,14,(
    (#772,#773,#774,#775,#776,#777,#778,#779,#780,#781,#782,#783,#784
      ,#785,#786)
    ,(#787,#788,#789,#790,#791,#792,#793,#794,#795,#796,#797,#798,#799
      ,#800,#801)
    ,(#802,#803,#804,#805,#806,#807,#808,#809,#810,#811,#812,#813,#814
      ,#815,#816
)),.UNSPECIFIED.,.F.,.F.,.F.) B_SPLINE_SURFACE_WITH_KNOTS((3,3),(15,15),
  (0.,17.600934638035),(120.68801681195,138.28895144998),
.PIECEWISE_BEZIER_KNOTS.) GEOMETRIC_REPRESENTATION_ITEM() 
RATIONAL_B_SPLINE_SURFACE((
    (1.,1.,1.000000000001,0.999999999998,1.000000000005,0.999999999993
      ,1.000000000008,0.999999999993,1.000000000005,0.999999999998
      ,1.000000000001,1.,1.,1.,1.)
    ,(0.707106781187,0.707106781186,0.707106781188,0.707106781182
      ,0.707106781195,0.707106781172,0.707106781205,0.707106781167
      ,0.707106781204,0.707106781174,0.707106781194,0.707106781183
      ,0.707106781188,0.707106781186,0.707106781187)
    ,(1.,1.,1.000000000001,0.999999999998,1.000000000005,0.999999999993
      ,1.000000000008,0.999999999993,1.000000000005,0.999999999998
,1.000000000001,1.,1.,1.,1.))) REPRESENTATION_ITEM('') SURFACE() );
#772 = CARTESIAN_POINT('',(18.881053096896,6.900065104167,20.6));
#773 = CARTESIAN_POINT('',(17.085411069021,7.28480080547,20.6));
#774 = CARTESIAN_POINT('',(15.437047989835,7.692378916925,20.6));
#775 = CARTESIAN_POINT('',(13.934591757186,8.13046692946,20.600000000001
    ));
#776 = CARTESIAN_POINT('',(12.57501557829,8.592800222996,20.599999999998
    ));
#777 = CARTESIAN_POINT('',(11.355888183961,9.127277328576,
    20.600000000002));
#778 = CARTESIAN_POINT('',(10.285856852842,9.633035705603,
    20.599999999997));
#779 = CARTESIAN_POINT('',(9.307149105581,10.320553057907,
    20.600000000003));
#780 = CARTESIAN_POINT('',(8.557809186636,10.911029769459,
    20.599999999997));
#781 = CARTESIAN_POINT('',(7.770239604318,11.705486482408,
    20.600000000002));
#782 = CARTESIAN_POINT('',(7.281689950443,12.566719301086,
    20.599999999999));
#783 = CARTESIAN_POINT('',(6.902139231992,13.480468062984,
    20.600000000001));
#784 = CARTESIAN_POINT('',(6.682000796696,14.436165890446,20.6));
#785 = CARTESIAN_POINT('',(6.580922888562,15.413418699305,20.6));
#786 = CARTESIAN_POINT('',(6.580922888563,16.400065104167,20.6));
#787 = CARTESIAN_POINT('',(18.881053096896,6.900065104167,22.));
#788 = CARTESIAN_POINT('',(17.085411069022,7.284800805469,22.));
#789 = CARTESIAN_POINT('',(15.437047989832,7.69237891693,21.999999999999
    ));
#790 = CARTESIAN_POINT('',(13.934591757188,8.130466929448,
    22.000000000002));
#791 = CARTESIAN_POINT('',(12.575015578296,8.592800223018,
    21.999999999995));
#792 = CARTESIAN_POINT('',(11.355888183936,9.127277328547,
    22.000000000009));
#793 = CARTESIAN_POINT('',(10.285856852896,9.633035705633,
    21.999999999987));
#794 = CARTESIAN_POINT('',(9.307149105499,10.320553057889,
    22.000000000015));
#795 = CARTESIAN_POINT('',(8.557809186728,10.911029769465,
    21.999999999986));
#796 = CARTESIAN_POINT('',(7.770239604235,11.705486482415,
    22.000000000011));
#797 = CARTESIAN_POINT('',(7.2816899505,12.566719301073,21.999999999993)
  );
#798 = CARTESIAN_POINT('',(6.902139231962,13.480468062995,
    22.000000000003));
#799 = CARTESIAN_POINT('',(6.682000796707,14.436165890441,
    21.999999999999));
#800 = CARTESIAN_POINT('',(6.58092288856,15.413418699307,22.));
#801 = CARTESIAN_POINT('',(6.580922888563,16.400065104167,22.));
#802 = CARTESIAN_POINT('',(18.583627477701,5.532023437752,22.));
#803 = CARTESIAN_POINT('',(16.751152739241,5.924766930061,22.));
#804 = CARTESIAN_POINT('',(15.057316617832,6.343302809498,22.));
#805 = CARTESIAN_POINT('',(13.498941314504,6.797118679599,
    21.999999999999));
#806 = CARTESIAN_POINT('',(12.065150177451,7.279832664608,
    22.000000000002));
#807 = CARTESIAN_POINT('',(10.767459239942,7.852186293282,
    21.999999999998));
#808 = CARTESIAN_POINT('',(9.570897143047,8.388664583998,22.000000000003
    ));
#809 = CARTESIAN_POINT('',(8.488252207976,9.176567817566,21.999999999997
    ));
#810 = CARTESIAN_POINT('',(7.572736915534,9.818585082023,22.000000000003
    ));
#811 = CARTESIAN_POINT('',(6.623134388675,10.809340757443,
    21.999999999998));
#812 = CARTESIAN_POINT('',(6.031475551629,11.843523438433,
    22.000000000001));
#813 = CARTESIAN_POINT('',(5.571872366145,12.949950026413,
    21.999999999999));
#814 = CARTESIAN_POINT('',(5.306166016271,14.086620915331,22.));
#815 = CARTESIAN_POINT('',(5.182534952202,15.235646332733,22.));
#816 = CARTESIAN_POINT('',(5.180984964826,16.386881414039,22.));
#817 = DEFINITIONAL_REPRESENTATION('',(#818),#822);
#818 = LINE('',#819,#820);
#819 = CARTESIAN_POINT('',(0.,0.));
#820 = VECTOR('',#821,1.);
#821 = DIRECTION('',(0.,1.));
#822 = ( GEOMETRIC_REPRESENTATION_CONTEXT(2) 
PARAMETRIC_REPRESENTATION_CONTEXT() REPRESENTATION_CONTEXT('2D SPACE',''
  ) );
#823 = ORIENTED_EDGE('',*,*,#824,.F.);
#824 = EDGE_CURVE('',#825,#729,#827,.T.);
#825 = VERTEX_POINT('',#826);
#826 = CARTESIAN_POINT('',(6.580922888563,16.400065104167,1.4));
#827 = SURFACE_CURVE('',#828,(#832,#839),.PCURVE_S1.);
#828 = LINE('',#829,#830);
#829 = CARTESIAN_POINT('',(6.580922888563,16.400065104167,0.));
#830 = VECTOR('',#831,1.);
#831 = DIRECTION('',(0.,0.,1.));
#832 = PCURVE('',#683,#833);
#833 = DEFINITIONAL_REPRESENTATION('',(#834),#838);
#834 = LINE('',#835,#836);
#835 = CARTESIAN_POINT('',(1.,0.));
#836 = VECTOR('',#837,1.);
#837 = DIRECTION('',(0.,-1.));
#838 = ( GEOMETRIC_REPRESENTATION_CONTEXT(2) 
PARAMETRIC_REPRESENTATION_CONTEXT() REPRESENTATION_CONTEXT('2D SPACE',''
  ) );
#839 = PCURVE('',#840,#848);
#840 = SURFACE_OF_LINEAR_EXTRUSION('',#841,#846);
#841 = B_SPLINE_CURVE_WITH_KNOTS('',3,(#842,#843,#844,#845),
  .UNSPECIFIED.,.F.,.F.,(4,4),(0.,1.),.PIECEWISE_BEZIER_KNOTS.);
#842 = CARTESIAN_POINT('',(6.580922888563,16.400065104167,0.));
#843 = CARTESIAN_POINT('',(6.580922888563,21.599934895833,0.));
#844 = CARTESIAN_POINT('',(10.280792680229,24.800130208333,0.));
#845 = CARTESIAN_POINT('',(18.280792680229,24.800130208333,0.));
#846 = VECTOR('',#847,1.);
#847 = DIRECTION('',(-0.,-0.,-1.));
#848 = DEFINITIONAL_REPRESENTATION('',(#849),#853);
#849 = LINE('',#850,#851);
#850 = CARTESIAN_POINT('',(0.,0.));
#851 = VECTOR('',#852,1.);
#852 = DIRECTION('',(0.,-1.));
#853 = ( GEOMETRIC_REPRESENTATION_CONTEXT(2) 
PARAMETRIC_REPRESENTATION_CONTEXT() REPRESENTATION_CONTEXT('2D SPACE',''
  ) );
#854 = ORIENTED_EDGE('',*,*,#855,.F.);
#855 = EDGE_CURVE('',#668,#825,#856,.T.);
#856 = SURFACE_CURVE('',#857,(#873,#895),.PCURVE_S1.);
#857 = ( BOUNDED_CURVE() B_SPLINE_CURVE(14,(#858,#859,#860,#861,#862,
    #863,#864,#865,#866,#867,#868,#869,#870,#871,#872),.UNSPECIFIED.,.F.
,.F.) B_SPLINE_CURVE_WITH_KNOTS((15,15),(120.68801681195,138.28895144998
),.PIECEWISE_BEZIER_KNOTS.) CURVE() GEOMETRIC_REPRESENTATION_ITEM() 
RATIONAL_B_SPLINE_CURVE((1.,1.,1.000000000001,0.999999999998,
    1.000000000005,0.999999999993,1.000000000008,0.999999999993,
    1.000000000005,0.999999999998,1.000000000001,1.,1.,1.,1.)) 
REPRESENTATION_ITEM('') );
#858 = CARTESIAN_POINT('',(18.881053096896,6.900065104167,1.4));
#859 = CARTESIAN_POINT('',(17.085411069021,7.28480080547,1.4));
#860 = CARTESIAN_POINT('',(15.437047989835,7.692378916925,1.4));
#861 = CARTESIAN_POINT('',(13.934591757186,8.13046692946,1.4));
#862 = CARTESIAN_POINT('',(12.57501557829,8.592800222996,1.400000000001)
  );
#863 = CARTESIAN_POINT('',(11.355888183961,9.127277328576,1.399999999999
    ));
#864 = CARTESIAN_POINT('',(10.285856852842,9.633035705603,1.400000000001
    ));
#865 = CARTESIAN_POINT('',(9.307149105581,10.320553057907,1.399999999998
    ));
#866 = CARTESIAN_POINT('',(8.557809186636,10.911029769459,1.400000000002
    ));
#867 = CARTESIAN_POINT('',(7.770239604318,11.705486482408,1.399999999998
    ));
#868 = CARTESIAN_POINT('',(7.281689950443,12.566719301086,1.400000000001
    ));
#869 = CARTESIAN_POINT('',(6.902139231992,13.480468062984,1.399999999999
    ));
#870 = CARTESIAN_POINT('',(6.682000796696,14.436165890446,1.4));
#871 = CARTESIAN_POINT('',(6.580922888562,15.413418699305,1.4));
#872 = CARTESIAN_POINT('',(6.580922888563,16.400065104167,1.4));
#873 = PCURVE('',#683,#874);
#874 = DEFINITIONAL_REPRESENTATION('',(#875),#894);
#875 = B_SPLINE_CURVE_WITH_KNOTS('',9,(#876,#877,#878,#879,#880,#881,
    #882,#883,#884,#885,#886,#887,#888,#889,#890,#891,#892,#893),
  .UNSPECIFIED.,.F.,.F.,(10,8,10),(120.68801681195,129.48848413096,
    138.28895144998),.UNSPECIFIED.);
#876 = CARTESIAN_POINT('',(2.879426000911E-17,-1.4));
#877 = CARTESIAN_POINT('',(5.542062070574E-02,-1.4));
#878 = CARTESIAN_POINT('',(0.110849093177,-1.400000000001));
#879 = CARTESIAN_POINT('',(0.166288690389,-1.399999999999));
#880 = CARTESIAN_POINT('',(0.221748846838,-1.4));
#881 = CARTESIAN_POINT('',(0.27725835363,-1.400000000001));
#882 = CARTESIAN_POINT('',(0.332859129859,-1.399999999999));
#883 = CARTESIAN_POINT('',(0.388669460202,-1.4));
#884 = CARTESIAN_POINT('',(0.444914220794,-1.4));
#885 = CARTESIAN_POINT('',(0.558342274453,-1.4));
#886 = CARTESIAN_POINT('',(0.615525299422,-1.4));
#887 = CARTESIAN_POINT('',(0.673217951221,-1.4));
#888 = CARTESIAN_POINT('',(0.731235371665,-1.399999999999));
#889 = CARTESIAN_POINT('',(0.789201344302,-1.400000000001));
#890 = CARTESIAN_POINT('',(0.845154686054,-1.399999999999));
#891 = CARTESIAN_POINT('',(0.899174992115,-1.400000000001));
#892 = CARTESIAN_POINT('',(0.950810075256,-1.4));
#893 = CARTESIAN_POINT('',(1.,-1.4));
#894 = ( GEOMETRIC_REPRESENTATION_CONTEXT(2) 
PARAMETRIC_REPRESENTATION_CONTEXT() REPRESENTATION_CONTEXT('2D SPACE',''
  ) );
#895 = PCURVE('',#896,#942);
#896 = ( BOUNDED_SURFACE() B_SPLINE_SURFACE(2,14,(
    (#897,#898,#899,#900,#901,#902,#903,#904,#905,#906,#907,#908,#909
      ,#910,#911)
    ,(#912,#913,#914,#915,#916,#917,#918,#919,#920,#921,#922,#923,#924
      ,#925,#926)
    ,(#927,#928,#929,#930,#931,#932,#933,#934,#935,#936,#937,#938,#939
      ,#940,#941
)),.UNSPECIFIED.,.F.,.F.,.F.) B_SPLINE_SURFACE_WITH_KNOTS((3,3),(15,15),
  (0.,17.600934638035),(120.68801681195,138.28895144998),
.PIECEWISE_BEZIER_KNOTS.) GEOMETRIC_REPRESENTATION_ITEM() 
RATIONAL_B_SPLINE_SURFACE((
    (1.,1.,1.000000000001,0.999999999998,1.000000000005,0.999999999993
      ,1.000000000008,0.999999999993,1.000000000005,0.999999999998
      ,1.000000000001,1.,1.,1.,1.)
    ,(0.707106781187,0.707106781186,0.707106781188,0.707106781182
      ,0.707106781195,0.707106781172,0.707106781205,0.707106781167
      ,0.707106781204,0.707106781174,0.707106781194,0.707106781183
      ,0.707106781188,0.707106781186,0.707106781187)
    ,(1.,1.,1.000000000001,0.999999999998,1.000000000005,0.999999999993
      ,1.000000000008,0.999999999993,1.000000000005,0.999999999998
,1.000000000001,1.,1.,1.,1.))) REPRESENTATION_ITEM('') SURFACE() );
#897 = CARTESIAN_POINT('',(18.881053096896,6.900065104167,1.4));
#898 = CARTESIAN_POINT('',(17.085411069021,7.28480080547,1.4));
#899 = CARTESIAN_POINT('',(15.437047989835,7.692378916925,1.4));
#900 = CARTESIAN_POINT('',(13.934591757186,8.13046692946,1.4));
#901 = CARTESIAN_POINT('',(12.57501557829,8.592800222996,1.400000000001)
  );
#902 = CARTESIAN_POINT('',(11.355888183961,9.127277328576,1.399999999999
    ));
#903 = CARTESIAN_POINT('',(10.285856852842,9.633035705603,1.400000000001
    ));
#904 = CARTESIAN_POINT('',(9.307149105581,10.320553057907,1.399999999998
    ));
#905 = CARTESIAN_POINT('',(8.557809186636,10.911029769459,1.400000000002
    ));
#906 = CARTESIAN_POINT('',(7.770239604318,11.705486482408,1.399999999998
    ));
#907 = CARTESIAN_POINT('',(7.281689950443,12.566719301086,1.400000000001
    ));
#908 = CARTESIAN_POINT('',(6.902139231992,13.480468062984,1.399999999999
    ));
#909 = CARTESIAN_POINT('',(6.682000796696,14.436165890446,1.4));
#910 = CARTESIAN_POINT('',(6.580922888562,15.413418699305,1.4));
#911 = CARTESIAN_POINT('',(6.580922888563,16.400065104167,1.4));
#912 = CARTESIAN_POINT('',(18.881053096896,6.900065104167,
    1.110223024625E-16));
#913 = CARTESIAN_POINT('',(17.085411069022,7.284800805469,
    -1.187938636349E-13));
#914 = CARTESIAN_POINT('',(15.437047989832,7.69237891693,
    5.777600620149E-13));
#915 = CARTESIAN_POINT('',(13.934591757188,8.130466929448,
    -1.728839293946E-12));
#916 = CARTESIAN_POINT('',(12.575015578296,8.592800223018,
    3.866240660955E-12));
#917 = CARTESIAN_POINT('',(11.355888183936,9.127277328547,
    -6.85607126627E-12));
#918 = CARTESIAN_POINT('',(10.285856852896,9.633035705633,
    9.886425011985E-12));
#919 = CARTESIAN_POINT('',(9.307149105499,10.320553057889,
    -1.16952003637E-11));
#920 = CARTESIAN_POINT('',(8.557809186728,10.911029769465,
    1.135214144909E-11));
#921 = CARTESIAN_POINT('',(7.770239604235,11.705486482415,
    -8.977485421724E-12));
#922 = CARTESIAN_POINT('',(7.2816899505,12.566719301073,
    5.702438521382E-12));
#923 = CARTESIAN_POINT('',(6.902139231962,13.480468062995,
    -2.82773804372E-12));
#924 = CARTESIAN_POINT('',(6.682000796707,14.436165890441,
    1.027844476198E-12));
#925 = CARTESIAN_POINT('',(6.58092288856,15.413418699307,
    -2.253752739989E-13));
#926 = CARTESIAN_POINT('',(6.580922888563,16.400065104167,
    3.330669073875E-16));
#927 = CARTESIAN_POINT('',(18.583627477701,5.532023437752,0.));
#928 = CARTESIAN_POINT('',(16.751152739241,5.924766930061,
    3.46389583683E-14));
#929 = CARTESIAN_POINT('',(15.057316617832,6.343302809498,
    -1.610933608731E-13));
#930 = CARTESIAN_POINT('',(13.498941314504,6.797118679599,
    4.555245070037E-13));
#931 = CARTESIAN_POINT('',(12.065150177451,7.279832664608,
    -9.483525076348E-13));
#932 = CARTESIAN_POINT('',(10.767459239942,7.852186293282,
    1.551647699216E-12));
#933 = CARTESIAN_POINT('',(9.570897143047,8.388664583998,
    -2.068012427969E-12));
#934 = CARTESIAN_POINT('',(8.488252207976,9.176567817566,
    2.290057032894E-12));
#935 = CARTESIAN_POINT('',(7.572736915534,9.818585082023,
    -2.115418951121E-12));
#936 = CARTESIAN_POINT('',(6.623134388675,10.809340757443,
    1.617372902274E-12));
#937 = CARTESIAN_POINT('',(6.031475551629,11.843523438433,
    -1.006639216428E-12));
#938 = CARTESIAN_POINT('',(5.571872366145,12.949950026413,
    4.940492459582E-13));
#939 = CARTESIAN_POINT('',(5.306166016271,14.086620915331,
    -1.779687508474E-13));
#940 = CARTESIAN_POINT('',(5.182534952202,15.235646332733,
    3.896882816434E-14));
#941 = CARTESIAN_POINT('',(5.180984964826,16.386881414039,0.));
#942 = DEFINITIONAL_REPRESENTATION('',(#943),#947);
#943 = LINE('',#944,#945);
#944 = CARTESIAN_POINT('',(0.,0.));
#945 = VECTOR('',#946,1.);
#946 = DIRECTION('',(0.,1.));
#947 = ( GEOMETRIC_REPRESENTATION_CONTEXT(2) 
PARAMETRIC_REPRESENTATION_CONTEXT() REPRESENTATION_CONTEXT('2D SPACE',''
  ) );
#948 = ADVANCED_FACE('',(#949),#840,.F.);
#949 = FACE_BOUND('',#950,.F.);
#950 = EDGE_LOOP('',(#951,#952,#1111,#1142));
#951 = ORIENTED_EDGE('',*,*,#824,.T.);
#952 = ORIENTED_EDGE('',*,*,#953,.T.);
#953 = EDGE_CURVE('',#729,#954,#956,.T.);
#954 = VERTEX_POINT('',#955);
#955 = CARTESIAN_POINT('',(18.280792680229,24.800130208333,20.6));
#956 = SURFACE_CURVE('',#957,(#986,#1019),.PCURVE_S1.);
#957 = ( BOUNDED_CURVE() B_SPLINE_CURVE(14,(#958,#959,#960,#961,#962,
    #963,#964,#965,#966,#967,#968,#969,#970,#971,#972,#973,#974,#975,
    #976,#977,#978,#979,#980,#981,#982,#983,#984,#985),.UNSPECIFIED.,.F.
,.F.) B_SPLINE_CURVE_WITH_KNOTS((15,13,15),(138.28895144998,
138.33180516474,155.97145996315),.UNSPECIFIED.) CURVE() 
GEOMETRIC_REPRESENTATION_ITEM() RATIONAL_B_SPLINE_CURVE((1.,
    1.000000000001,0.999999999994,1.000000000017,0.999999999964,
    1.000000000059,0.999999999923,1.000000000082,0.999999999928,
    1.000000000052,0.99999999997,1.000000000013,0.999999999996,1.,
    0.999999999999,1.000000000001,0.999999999999,1.000000000002,
    0.999999999998,1.000000000002,0.999999999997,1.000000000003,
    0.999999999998,1.000000000002,0.999999999999,1.,1.,1.)) 
REPRESENTATION_ITEM('') );
#958 = CARTESIAN_POINT('',(6.580922888563,16.400065104167,20.6));
#959 = CARTESIAN_POINT('',(6.580922888563,16.402467332483,20.6));
#960 = CARTESIAN_POINT('',(6.580923455482,16.40486961551,20.599999999999
    ));
#961 = CARTESIAN_POINT('',(6.580924589624,16.407271953067,
    20.600000000002));
#962 = CARTESIAN_POINT('',(6.580926291257,16.409674345048,
    20.599999999996));
#963 = CARTESIAN_POINT('',(6.580928560729,16.412076791181,
    20.600000000006));
#964 = CARTESIAN_POINT('',(6.58093139824,16.414479291505,20.599999999992
    ));
#965 = CARTESIAN_POINT('',(6.580934804222,16.416881845565,
    20.600000000009));
#966 = CARTESIAN_POINT('',(6.580938778799,16.419284453568,
    20.599999999992));
#967 = CARTESIAN_POINT('',(6.580943322439,16.421687114975,
    20.600000000006));
#968 = CARTESIAN_POINT('',(6.580948435288,16.424089829954,
    20.599999999996));
#969 = CARTESIAN_POINT('',(6.580954117745,16.426492598111,
    20.600000000002));
#970 = CARTESIAN_POINT('',(6.580960370042,16.428895419423,
    20.599999999999));
#971 = CARTESIAN_POINT('',(6.580967192503,16.431298293668,20.6));
#972 = CARTESIAN_POINT('',(6.584017690307,17.422805752355,20.6));
#973 = CARTESIAN_POINT('',(6.683762381523,18.420918324532,20.6));
#974 = CARTESIAN_POINT('',(6.900235296516,19.407220872478,20.6));
#975 = CARTESIAN_POINT('',(7.254853469739,20.358379127778,
    20.600000000001));
#976 = CARTESIAN_POINT('',(7.753029979899,21.239773331364,
    20.599999999999));
#977 = CARTESIAN_POINT('',(8.415370100249,22.065407086158,
    20.600000000001));
#978 = CARTESIAN_POINT('',(9.231898036963,22.744564369878,
    20.599999999999));
#979 = CARTESIAN_POINT('',(10.167041192891,23.368395986656,
    20.600000000001));
#980 = CARTESIAN_POINT('',(11.2723415702,23.860982832731,20.599999999999
    ));
#981 = CARTESIAN_POINT('',(12.492687751261,24.256639518525,20.6));
#982 = CARTESIAN_POINT('',(13.837581635861,24.539321558008,20.6));
#983 = CARTESIAN_POINT('',(15.272272410146,24.717822680976,20.6));
#984 = CARTESIAN_POINT('',(16.766506149786,24.800130208333,20.6));
#985 = CARTESIAN_POINT('',(18.280792680229,24.800130208333,20.6));
#986 = PCURVE('',#840,#987);
#987 = DEFINITIONAL_REPRESENTATION('',(#988),#1018);
#988 = B_SPLINE_CURVE_WITH_KNOTS('',10,(#989,#990,#991,#992,#993,#994,
    #995,#996,#997,#998,#999,#1000,#1001,#1002,#1003,#1004,#1005,#1006,
    #1007,#1008,#1009,#1010,#1011,#1012,#1013,#1014,#1015,#1016,#1017),
  .UNSPECIFIED.,.F.,.F.,(11,9,9,11),(138.28895144998,142.70957857827,
    147.13020570657,155.97145996315),.UNSPECIFIED.);
#989 = CARTESIAN_POINT('',(1.383405651629E-16,-20.6));
#990 = CARTESIAN_POINT('',(2.22394480353E-02,-20.60000000382));
#991 = CARTESIAN_POINT('',(4.49791244715E-02,-20.59999998813));
#992 = CARTESIAN_POINT('',(6.819706066948E-02,-20.60000001667));
#993 = CARTESIAN_POINT('',(9.186203630122E-02,-20.59999999048));
#994 = CARTESIAN_POINT('',(0.115941856481,-20.59999999546));
#995 = CARTESIAN_POINT('',(0.140399300363,-20.60000001142));
#996 = CARTESIAN_POINT('',(0.165195645042,-20.59999999222));
#997 = CARTESIAN_POINT('',(0.190293708033,-20.60000000211));
#998 = CARTESIAN_POINT('',(0.215652345918,-20.6));
#999 = CARTESIAN_POINT('',(0.266812246302,-20.6));
#1000 = CARTESIAN_POINT('',(0.292613345832,-20.59999999999));
#1001 = CARTESIAN_POINT('',(0.318596259707,-20.6));
#1002 = CARTESIAN_POINT('',(0.344721070182,-20.59999999999));
#1003 = CARTESIAN_POINT('',(0.37094948423,-20.6));
#1004 = CARTESIAN_POINT('',(0.397246327995,-20.59999999999));
#1005 = CARTESIAN_POINT('',(0.423580328242,-20.6));
#1006 = CARTESIAN_POINT('',(0.449924180784,-20.59999999999));
#1007 = CARTESIAN_POINT('',(0.476253905909,-20.6));
#1008 = CARTESIAN_POINT('',(0.555134660533,-20.6));
#1009 = CARTESIAN_POINT('',(0.607576916779,-20.59999999999));
#1010 = CARTESIAN_POINT('',(0.659699531068,-20.6));
#1011 = CARTESIAN_POINT('',(0.711348383285,-20.59999999998));
#1012 = CARTESIAN_POINT('',(0.76239462316,-20.60000000001));
#1013 = CARTESIAN_POINT('',(0.812581154203,-20.59999999999));
#1014 = CARTESIAN_POINT('',(0.861729477481,-20.59999999999));
#1015 = CARTESIAN_POINT('',(0.909535417798,-20.6));
#1016 = CARTESIAN_POINT('',(0.955726011128,-20.59999999999));
#1017 = CARTESIAN_POINT('',(1.,-20.6));
#1018 = ( GEOMETRIC_REPRESENTATION_CONTEXT(2) 
PARAMETRIC_REPRESENTATION_CONTEXT() REPRESENTATION_CONTEXT('2D SPACE',''
  ) );
#1019 = PCURVE('',#1020,#1105);
#1020 = ( BOUNDED_SURFACE() B_SPLINE_SURFACE(2,14,(
    (#1021,#1022,#1023,#1024,#1025,#1026,#1027,#1028,#1029,#1030,#1031
      ,#1032,#1033,#1034,#1035,#1036,#1037,#1038,#1039,#1040,#1041,#1042
      ,#1043,#1044,#1045,#1046,#1047,#1048)
    ,(#1049,#1050,#1051,#1052,#1053,#1054,#1055,#1056,#1057,#1058,#1059
      ,#1060,#1061,#1062,#1063,#1064,#1065,#1066,#1067,#1068,#1069,#1070
      ,#1071,#1072,#1073,#1074,#1075,#1076)
    ,(#1077,#1078,#1079,#1080,#1081,#1082,#1083,#1084,#1085,#1086,#1087
      ,#1088,#1089,#1090,#1091,#1092,#1093,#1094,#1095,#1096,#1097,#1098
      ,#1099,#1100,#1101,#1102,#1103,#1104
)),.UNSPECIFIED.,.F.,.F.,.F.) B_SPLINE_SURFACE_WITH_KNOTS((3,3),(15,13,
    15),(0.,17.682508513168),(138.28895144998,138.33180516474,
155.97145996315),.UNSPECIFIED.) GEOMETRIC_REPRESENTATION_ITEM() 
RATIONAL_B_SPLINE_SURFACE((
    (1.,1.000000000001,0.999999999994,1.000000000017,0.999999999964
      ,1.000000000059,0.999999999923,1.000000000082,0.999999999928
      ,1.000000000052,0.99999999997,1.000000000013,0.999999999996,1.
      ,0.999999999999,1.000000000001,0.999999999999,1.000000000002
      ,0.999999999998,1.000000000002,0.999999999997,1.000000000003
      ,0.999999999998,1.000000000002,0.999999999999,1.,1.,1.)
    ,(0.707106781187,0.707106781187,0.707106781182,0.707106781198
      ,0.707106781162,0.707106781227,0.707106781134,0.707106781243
      ,0.707106781137,0.707106781222,0.707106781166,0.707106781195
      ,0.707106781184,0.707106781187,0.707106781186,0.707106781188
      ,0.707106781184,0.707106781191,0.707106781179,0.707106781196
      ,0.707106781176,0.707106781196,0.707106781179,0.707106781191
      ,0.707106781184,0.707106781187,0.707106781186,0.707106781187)
    ,(1.,1.000000000001,0.999999999994,1.000000000017,0.999999999964
      ,1.000000000059,0.999999999923,1.000000000082,0.999999999928
      ,1.000000000052,0.99999999997,1.000000000013,0.999999999996,1.
      ,0.999999999999,1.000000000001,0.999999999999,1.000000000002
      ,0.999999999998,1.000000000002,0.999999999997,1.000000000003
      ,0.999999999998,1.000000000002,0.999999999999,1.,1.,1.
))) REPRESENTATION_ITEM('') SURFACE() );
#1021 = CARTESIAN_POINT('',(6.580922888563,16.400065104167,20.6));
#1022 = CARTESIAN_POINT('',(6.580922888563,16.402467332483,20.6));
#1023 = CARTESIAN_POINT('',(6.580923455482,16.40486961551,
    20.599999999999));
#1024 = CARTESIAN_POINT('',(6.580924589624,16.407271953067,
    20.600000000002));
#1025 = CARTESIAN_POINT('',(6.580926291257,16.409674345048,
    20.599999999996));
#1026 = CARTESIAN_POINT('',(6.580928560729,16.412076791181,
    20.600000000006));
#1027 = CARTESIAN_POINT('',(6.58093139824,16.414479291505,
    20.599999999992));
#1028 = CARTESIAN_POINT('',(6.580934804222,16.416881845565,
    20.600000000009));
#1029 = CARTESIAN_POINT('',(6.580938778799,16.419284453568,
    20.599999999992));
#1030 = CARTESIAN_POINT('',(6.580943322439,16.421687114975,
    20.600000000006));
#1031 = CARTESIAN_POINT('',(6.580948435288,16.424089829954,
    20.599999999996));
#1032 = CARTESIAN_POINT('',(6.580954117745,16.426492598111,
    20.600000000002));
#1033 = CARTESIAN_POINT('',(6.580960370042,16.428895419423,
    20.599999999999));
#1034 = CARTESIAN_POINT('',(6.580967192503,16.431298293668,20.6));
#1035 = CARTESIAN_POINT('',(6.584017690307,17.422805752355,20.6));
#1036 = CARTESIAN_POINT('',(6.683762381523,18.420918324532,20.6));
#1037 = CARTESIAN_POINT('',(6.900235296516,19.407220872478,20.6));
#1038 = CARTESIAN_POINT('',(7.254853469739,20.358379127778,
    20.600000000001));
#1039 = CARTESIAN_POINT('',(7.753029979899,21.239773331364,
    20.599999999999));
#1040 = CARTESIAN_POINT('',(8.415370100249,22.065407086158,
    20.600000000001));
#1041 = CARTESIAN_POINT('',(9.231898036963,22.744564369878,
    20.599999999999));
#1042 = CARTESIAN_POINT('',(10.167041192891,23.368395986656,
    20.600000000001));
#1043 = CARTESIAN_POINT('',(11.2723415702,23.860982832731,
    20.599999999999));
#1044 = CARTESIAN_POINT('',(12.492687751261,24.256639518525,20.6));
#1045 = CARTESIAN_POINT('',(13.837581635861,24.539321558008,20.6));
#1046 = CARTESIAN_POINT('',(15.272272410146,24.717822680976,20.6));
#1047 = CARTESIAN_POINT('',(16.766506149786,24.800130208333,20.6));
#1048 = CARTESIAN_POINT('',(18.280792680229,24.800130208333,20.6));
#1049 = CARTESIAN_POINT('',(6.580922888563,16.400065104167,22.));
#1050 = CARTESIAN_POINT('',(6.580922888562,16.402467332484,22.));
#1051 = CARTESIAN_POINT('',(6.580923455484,16.404869615506,22.));
#1052 = CARTESIAN_POINT('',(6.580924589619,16.407271953079,22.));
#1053 = CARTESIAN_POINT('',(6.580926291268,16.409674345024,
    22.000000000001));
#1054 = CARTESIAN_POINT('',(6.580928560712,16.412076791221,
    21.999999999999));
#1055 = CARTESIAN_POINT('',(6.580931398264,16.41447929145,
    22.000000000002));
#1056 = CARTESIAN_POINT('',(6.580934804196,16.416881845626,
    21.999999999998));
#1057 = CARTESIAN_POINT('',(6.580938778822,16.419284453512,
    22.000000000002));
#1058 = CARTESIAN_POINT('',(6.580943322422,16.421687115017,
    21.999999999999));
#1059 = CARTESIAN_POINT('',(6.580948435298,16.424089829929,
    22.000000000001));
#1060 = CARTESIAN_POINT('',(6.58095411774,16.426492598123,22.));
#1061 = CARTESIAN_POINT('',(6.580960370044,16.42889541942,22.));
#1062 = CARTESIAN_POINT('',(6.580967192503,16.431298293668,22.));
#1063 = CARTESIAN_POINT('',(6.584017690307,17.422805752354,22.));
#1064 = CARTESIAN_POINT('',(6.683762381526,18.420918324537,
    21.999999999999));
#1065 = CARTESIAN_POINT('',(6.900235296506,19.407220872468,
    22.000000000002));
#1066 = CARTESIAN_POINT('',(7.25485346976,20.358379127793,
    21.999999999997));
#1067 = CARTESIAN_POINT('',(7.753029979869,21.239773331347,
    22.000000000006));
#1068 = CARTESIAN_POINT('',(8.415370100282,22.06540708617,
    21.999999999992));
#1069 = CARTESIAN_POINT('',(9.231898036937,22.744564369874,
    22.000000000009));
#1070 = CARTESIAN_POINT('',(10.167041192904,23.368395986653,
    21.999999999992));
#1071 = CARTESIAN_POINT('',(11.2723415702,23.860982832736,
    22.000000000006));
#1072 = CARTESIAN_POINT('',(12.492687751256,24.25663951852,
    21.999999999996));
#1073 = CARTESIAN_POINT('',(13.837581635867,24.53932155801,
    22.000000000002));
#1074 = CARTESIAN_POINT('',(15.272272410142,24.717822680974,
    21.999999999999));
#1075 = CARTESIAN_POINT('',(16.766506149787,24.800130208334,22.));
#1076 = CARTESIAN_POINT('',(18.280792680229,24.800130208333,22.));
#1077 = CARTESIAN_POINT('',(5.180984964826,16.386881414039,22.));
#1078 = CARTESIAN_POINT('',(5.18098119101,16.389684373132,22.));
#1079 = CARTESIAN_POINT('',(5.180978108047,16.39248734474,
    22.000000000001));
#1080 = CARTESIAN_POINT('',(5.180975716221,16.395290328751,
    21.999999999998));
#1081 = CARTESIAN_POINT('',(5.180974015694,16.398093325034,
    22.000000000004));
#1082 = CARTESIAN_POINT('',(5.180973006901,16.400896333495,
    21.999999999994));
#1083 = CARTESIAN_POINT('',(5.180972689787,16.403699353984,
    22.000000000008));
#1084 = CARTESIAN_POINT('',(5.180973065022,16.406502386422,
    21.999999999991));
#1085 = CARTESIAN_POINT('',(5.180974132375,16.409305430652,
    22.000000000008));
#1086 = CARTESIAN_POINT('',(5.180975892561,16.412108486591,
    21.999999999994));
#1087 = CARTESIAN_POINT('',(5.180978345458,16.414911554098,
    22.000000000004));
#1088 = CARTESIAN_POINT('',(5.180981491564,16.417714633067,
    21.999999999998));
#1089 = CARTESIAN_POINT('',(5.180985330997,16.420517723377,
    22.000000000001));
#1090 = CARTESIAN_POINT('',(5.180989864063,16.423320824912,22.));
#1091 = CARTESIAN_POINT('',(5.183146626996,17.579954816171,22.));
#1092 = CARTESIAN_POINT('',(5.302812875455,18.739864600683,22.));
#1093 = CARTESIAN_POINT('',(5.559646002209,19.894106915933,22.));
#1094 = CARTESIAN_POINT('',(5.974991473358,21.034649199149,
    21.999999999999));
#1095 = CARTESIAN_POINT('',(6.59174348339,22.088153053985,
    22.000000000001));
#1096 = CARTESIAN_POINT('',(7.348461404805,23.135828584907,
    21.999999999999));
#1097 = CARTESIAN_POINT('',(8.4498088992,23.948208133384,22.000000000001
    ));
#1098 = CARTESIAN_POINT('',(9.475598379988,24.623378019005,
    21.999999999999));
#1099 = CARTESIAN_POINT('',(10.771193800966,25.198198959037,
    22.000000000001));
#1100 = CARTESIAN_POINT('',(12.101135938799,25.612241853203,22.));
#1101 = CARTESIAN_POINT('',(13.561580260145,25.921968768965,22.));
#1102 = CARTESIAN_POINT('',(15.092945661955,26.111561631969,22.));
#1103 = CARTESIAN_POINT('',(16.677503083804,26.200223067753,22.));
#1104 = CARTESIAN_POINT('',(18.282241546186,26.200129458614,22.));
#1105 = DEFINITIONAL_REPRESENTATION('',(#1106),#1110);
#1106 = LINE('',#1107,#1108);
#1107 = CARTESIAN_POINT('',(0.,0.));
#1108 = VECTOR('',#1109,1.);
#1109 = DIRECTION('',(0.,1.));
#1110 = ( GEOMETRIC_REPRESENTATION_CONTEXT(2) 
PARAMETRIC_REPRESENTATION_CONTEXT() REPRESENTATION_CONTEXT('2D SPACE',''
  ) );
#1111 = ORIENTED_EDGE('',*,*,#1112,.F.);
#1112 = EDGE_CURVE('',#1113,#954,#1115,.T.);
#1113 = VERTEX_POINT('',#1114);
#1114 = CARTESIAN_POINT('',(18.280792680229,24.800130208333,1.4));
#1115 = SURFACE_CURVE('',#1116,(#1120,#1127),.PCURVE_S1.);
#1116 = LINE('',#1117,#1118);
#1117 = CARTESIAN_POINT('',(18.280792680229,24.800130208333,0.));
#1118 = VECTOR('',#1119,1.);
#1119 = DIRECTION('',(0.,0.,1.));
#1120 = PCURVE('',#840,#1121);
#1121 = DEFINITIONAL_REPRESENTATION('',(#1122),#1126);
#1122 = LINE('',#1123,#1124);
#1123 = CARTESIAN_POINT('',(1.,0.));
#1124 = VECTOR('',#1125,1.);
#1125 = DIRECTION('',(0.,-1.));
#1126 = ( GEOMETRIC_REPRESENTATION_CONTEXT(2) 
PARAMETRIC_REPRESENTATION_CONTEXT() REPRESENTATION_CONTEXT('2D SPACE',''
  ) );
#1127 = PCURVE('',#1128,#1136);
#1128 = SURFACE_OF_LINEAR_EXTRUSION('',#1129,#1134);
#1129 = B_SPLINE_CURVE_WITH_KNOTS('',3,(#1130,#1131,#1132,#1133),
  .UNSPECIFIED.,.F.,.F.,(4,4),(0.,1.),.PIECEWISE_BEZIER_KNOTS.);
#1130 = CARTESIAN_POINT('',(18.280792680229,24.800130208333,0.));
#1131 = CARTESIAN_POINT('',(26.280792680229,24.800130208333,0.));
#1132 = CARTESIAN_POINT('',(31.180857784396,21.599934895833,0.));
#1133 = CARTESIAN_POINT('',(31.180857784396,13.599934895833,0.));
#1134 = VECTOR('',#1135,1.);
#1135 = DIRECTION('',(-0.,-0.,-1.));
#1136 = DEFINITIONAL_REPRESENTATION('',(#1137),#1141);
#1137 = LINE('',#1138,#1139);
#1138 = CARTESIAN_POINT('',(0.,0.));
#1139 = VECTOR('',#1140,1.);
#1140 = DIRECTION('',(0.,-1.));
#1141 = ( GEOMETRIC_REPRESENTATION_CONTEXT(2) 
PARAMETRIC_REPRESENTATION_CONTEXT() REPRESENTATION_CONTEXT('2D SPACE',''
  ) );
#1142 = ORIENTED_EDGE('',*,*,#1143,.F.);
#1143 = EDGE_CURVE('',#825,#1113,#1144,.T.);
#1144 = SURFACE_CURVE('',#1145,(#1174,#1207),.PCURVE_S1.);
#1145 = ( BOUNDED_CURVE() B_SPLINE_CURVE(14,(#1146,#1147,#1148,#1149,
    #1150,#1151,#1152,#1153,#1154,#1155,#1156,#1157,#1158,#1159,#1160,
    #1161,#1162,#1163,#1164,#1165,#1166,#1167,#1168,#1169,#1170,#1171,
#1172,#1173),.UNSPECIFIED.,.F.,.F.) B_SPLINE_CURVE_WITH_KNOTS((15,13,15)
  ,(138.28895144998,138.33180516474,155.97145996315),.UNSPECIFIED.) 
CURVE() GEOMETRIC_REPRESENTATION_ITEM() RATIONAL_B_SPLINE_CURVE((1.,
    1.000000000001,0.999999999994,1.000000000017,0.999999999964,
    1.000000000059,0.999999999923,1.000000000082,0.999999999928,
    1.000000000052,0.99999999997,1.000000000013,0.999999999996,1.,
    0.999999999999,1.000000000001,0.999999999999,1.000000000002,
    0.999999999998,1.000000000002,0.999999999997,1.000000000003,
    0.999999999998,1.000000000002,0.999999999999,1.,1.,1.)) 
REPRESENTATION_ITEM('') );
#1146 = CARTESIAN_POINT('',(6.580922888563,16.400065104167,1.4));
#1147 = CARTESIAN_POINT('',(6.580922888563,16.402467332483,1.4));
#1148 = CARTESIAN_POINT('',(6.580923455482,16.40486961551,1.4));
#1149 = CARTESIAN_POINT('',(6.580924589624,16.407271953067,
    1.399999999999));
#1150 = CARTESIAN_POINT('',(6.580926291257,16.409674345048,
    1.400000000003));
#1151 = CARTESIAN_POINT('',(6.580928560729,16.412076791181,
    1.399999999995));
#1152 = CARTESIAN_POINT('',(6.58093139824,16.414479291505,1.400000000006
    ));
#1153 = CARTESIAN_POINT('',(6.580934804222,16.416881845565,
    1.399999999993));
#1154 = CARTESIAN_POINT('',(6.580938778799,16.419284453568,
    1.400000000006));
#1155 = CARTESIAN_POINT('',(6.580943322439,16.421687114975,
    1.399999999996));
#1156 = CARTESIAN_POINT('',(6.580948435288,16.424089829954,
    1.400000000002));
#1157 = CARTESIAN_POINT('',(6.580954117745,16.426492598111,
    1.399999999999));
#1158 = CARTESIAN_POINT('',(6.580960370042,16.428895419423,1.4));
#1159 = CARTESIAN_POINT('',(6.580967192503,16.431298293668,1.4));
#1160 = CARTESIAN_POINT('',(6.584017690307,17.422805752355,1.4));
#1161 = CARTESIAN_POINT('',(6.683762381523,18.420918324532,1.4));
#1162 = CARTESIAN_POINT('',(6.900235296516,19.407220872478,1.4));
#1163 = CARTESIAN_POINT('',(7.254853469739,20.358379127778,
    1.400000000001));
#1164 = CARTESIAN_POINT('',(7.753029979899,21.239773331364,
    1.399999999998));
#1165 = CARTESIAN_POINT('',(8.415370100249,22.065407086158,
    1.400000000002));
#1166 = CARTESIAN_POINT('',(9.231898036963,22.744564369878,
    1.399999999998));
#1167 = CARTESIAN_POINT('',(10.167041192891,23.368395986656,
    1.400000000002));
#1168 = CARTESIAN_POINT('',(11.2723415702,23.860982832731,1.399999999999
    ));
#1169 = CARTESIAN_POINT('',(12.492687751261,24.256639518525,
    1.400000000001));
#1170 = CARTESIAN_POINT('',(13.837581635861,24.539321558008,1.4));
#1171 = CARTESIAN_POINT('',(15.272272410146,24.717822680976,1.4));
#1172 = CARTESIAN_POINT('',(16.766506149786,24.800130208333,1.4));
#1173 = CARTESIAN_POINT('',(18.280792680229,24.800130208333,1.4));
#1174 = PCURVE('',#840,#1175);
#1175 = DEFINITIONAL_REPRESENTATION('',(#1176),#1206);
#1176 = B_SPLINE_CURVE_WITH_KNOTS('',10,(#1177,#1178,#1179,#1180,#1181,
    #1182,#1183,#1184,#1185,#1186,#1187,#1188,#1189,#1190,#1191,#1192,
    #1193,#1194,#1195,#1196,#1197,#1198,#1199,#1200,#1201,#1202,#1203,
    #1204,#1205),.UNSPECIFIED.,.F.,.F.,(11,9,9,11),(138.28895144998,
    142.70957857827,147.13020570657,155.97145996315),.UNSPECIFIED.);
#1177 = CARTESIAN_POINT('',(1.383405651629E-16,-1.4));
#1178 = CARTESIAN_POINT('',(2.22394480353E-02,-1.400000000271));
#1179 = CARTESIAN_POINT('',(4.49791244715E-02,-1.399999999158));
#1180 = CARTESIAN_POINT('',(6.819706066948E-02,-1.400000001182));
#1181 = CARTESIAN_POINT('',(9.186203630122E-02,-1.399999999325));
#1182 = CARTESIAN_POINT('',(0.115941856481,-1.399999999678));
#1183 = CARTESIAN_POINT('',(0.140399300363,-1.400000000811));
#1184 = CARTESIAN_POINT('',(0.165195645042,-1.399999999448));
#1185 = CARTESIAN_POINT('',(0.190293708033,-1.40000000015));
#1186 = CARTESIAN_POINT('',(0.215652345918,-1.4));
#1187 = CARTESIAN_POINT('',(0.266812246302,-1.4));
#1188 = CARTESIAN_POINT('',(0.292613345832,-1.4));
#1189 = CARTESIAN_POINT('',(0.318596259707,-1.4));
#1190 = CARTESIAN_POINT('',(0.344721070182,-1.4));
#1191 = CARTESIAN_POINT('',(0.37094948423,-1.4));
#1192 = CARTESIAN_POINT('',(0.397246327995,-1.4));
#1193 = CARTESIAN_POINT('',(0.423580328242,-1.4));
#1194 = CARTESIAN_POINT('',(0.449924180784,-1.4));
#1195 = CARTESIAN_POINT('',(0.476253905909,-1.4));
#1196 = CARTESIAN_POINT('',(0.555134660533,-1.4));
#1197 = CARTESIAN_POINT('',(0.607576916779,-1.4));
#1198 = CARTESIAN_POINT('',(0.659699531068,-1.400000000001));
#1199 = CARTESIAN_POINT('',(0.711348383285,-1.399999999999));
#1200 = CARTESIAN_POINT('',(0.76239462316,-1.400000000001));
#1201 = CARTESIAN_POINT('',(0.812581154203,-1.399999999999));
#1202 = CARTESIAN_POINT('',(0.861729477481,-1.400000000001));
#1203 = CARTESIAN_POINT('',(0.909535417798,-1.4));
#1204 = CARTESIAN_POINT('',(0.955726011128,-1.4));
#1205 = CARTESIAN_POINT('',(1.,-1.4));
#1206 = ( GEOMETRIC_REPRESENTATION_CONTEXT(2) 
PARAMETRIC_REPRESENTATION_CONTEXT() REPRESENTATION_CONTEXT('2D SPACE',''
  ) );
#1207 = PCURVE('',#1208,#1293);
#1208 = ( BOUNDED_SURFACE() B_SPLINE_SURFACE(2,14,(
    (#1209,#1210,#1211,#1212,#1213,#1214,#1215,#1216,#1217,#1218,#1219
      ,#1220,#1221,#1222,#1223,#1224,#1225,#1226,#1227,#1228,#1229,#1230
      ,#1231,#1232,#1233,#1234,#1235,#1236)
    ,(#1237,#1238,#1239,#1240,#1241,#1242,#1243,#1244,#1245,#1246,#1247
      ,#1248,#1249,#1250,#1251,#1252,#1253,#1254,#1255,#1256,#1257,#1258
      ,#1259,#1260,#1261,#1262,#1263,#1264)
    ,(#1265,#1266,#1267,#1268,#1269,#1270,#1271,#1272,#1273,#1274,#1275
      ,#1276,#1277,#1278,#1279,#1280,#1281,#1282,#1283,#1284,#1285,#1286
      ,#1287,#1288,#1289,#1290,#1291,#1292
)),.UNSPECIFIED.,.F.,.F.,.F.) B_SPLINE_SURFACE_WITH_KNOTS((3,3),(15,13,
    15),(0.,17.682508513168),(138.28895144998,138.33180516474,
155.97145996315),.UNSPECIFIED.) GEOMETRIC_REPRESENTATION_ITEM() 
RATIONAL_B_SPLINE_SURFACE((
    (1.,1.000000000001,0.999999999994,1.000000000017,0.999999999964
      ,1.000000000059,0.999999999923,1.000000000082,0.999999999928
      ,1.000000000052,0.99999999997,1.000000000013,0.999999999996,1.
      ,0.999999999999,1.000000000001,0.999999999999,1.000000000002
      ,0.999999999998,1.000000000002,0.999999999997,1.000000000003
      ,0.999999999998,1.000000000002,0.999999999999,1.,1.,1.)
    ,(0.707106781187,0.707106781187,0.707106781182,0.707106781198
      ,0.707106781162,0.707106781227,0.707106781134,0.707106781243
      ,0.707106781137,0.707106781222,0.707106781166,0.707106781195
      ,0.707106781184,0.707106781187,0.707106781186,0.707106781188
      ,0.707106781184,0.707106781191,0.707106781179,0.707106781196
      ,0.707106781176,0.707106781196,0.707106781179,0.707106781191
      ,0.707106781184,0.707106781187,0.707106781186,0.707106781187)
    ,(1.,1.000000000001,0.999999999994,1.000000000017,0.999999999964
      ,1.000000000059,0.999999999923,1.000000000082,0.999999999928
      ,1.000000000052,0.99999999997,1.000000000013,0.999999999996,1.
      ,0.999999999999,1.000000000001,0.999999999999,1.000000000002
      ,0.999999999998,1.000000000002,0.999999999997,1.000000000003
      ,0.999999999998,1.000000000002,0.999999999999,1.,1.,1.
))) REPRESENTATION_ITEM('') SURFACE() );
#1209 = CARTESIAN_POINT('',(6.580922888563,16.400065104167,1.4));
#1210 = CARTESIAN_POINT('',(6.580922888563,16.402467332483,1.4));
#1211 = CARTESIAN_POINT('',(6.580923455482,16.40486961551,1.4));
#1212 = CARTESIAN_POINT('',(6.580924589624,16.407271953067,
    1.399999999999));
#1213 = CARTESIAN_POINT('',(6.580926291257,16.409674345048,
    1.400000000003));
#1214 = CARTESIAN_POINT('',(6.580928560729,16.412076791181,
    1.399999999995));
#1215 = CARTESIAN_POINT('',(6.58093139824,16.414479291505,1.400000000006
    ));
#1216 = CARTESIAN_POINT('',(6.580934804222,16.416881845565,
    1.399999999993));
#1217 = CARTESIAN_POINT('',(6.580938778799,16.419284453568,
    1.400000000006));
#1218 = CARTESIAN_POINT('',(6.580943322439,16.421687114975,
    1.399999999996));
#1219 = CARTESIAN_POINT('',(6.580948435288,16.424089829954,
    1.400000000002));
#1220 = CARTESIAN_POINT('',(6.580954117745,16.426492598111,
    1.399999999999));
#1221 = CARTESIAN_POINT('',(6.580960370042,16.428895419423,1.4));
#1222 = CARTESIAN_POINT('',(6.580967192503,16.431298293668,1.4));
#1223 = CARTESIAN_POINT('',(6.584017690307,17.422805752355,1.4));
#1224 = CARTESIAN_POINT('',(6.683762381523,18.420918324532,1.4));
#1225 = CARTESIAN_POINT('',(6.900235296516,19.407220872478,1.4));
#1226 = CARTESIAN_POINT('',(7.254853469739,20.358379127778,
    1.400000000001));
#1227 = CARTESIAN_POINT('',(7.753029979899,21.239773331364,
    1.399999999998));
#1228 = CARTESIAN_POINT('',(8.415370100249,22.065407086158,
    1.400000000002));
#1229 = CARTESIAN_POINT('',(9.231898036963,22.744564369878,
    1.399999999998));
#1230 = CARTESIAN_POINT('',(10.167041192891,23.368395986656,
    1.400000000002));
#1231 = CARTESIAN_POINT('',(11.2723415702,23.860982832731,1.399999999999
    ));
#1232 = CARTESIAN_POINT('',(12.492687751261,24.256639518525,
    1.400000000001));
#1233 = CARTESIAN_POINT('',(13.837581635861,24.539321558008,1.4));
#1234 = CARTESIAN_POINT('',(15.272272410146,24.717822680976,1.4));
#1235 = CARTESIAN_POINT('',(16.766506149786,24.800130208333,1.4));
#1236 = CARTESIAN_POINT('',(18.280792680229,24.800130208333,1.4));
#1237 = CARTESIAN_POINT('',(6.580922888563,16.400065104167,
    3.330669073875E-16));
#1238 = CARTESIAN_POINT('',(6.580922888562,16.402467332484,
    6.061817714453E-14));
#1239 = CARTESIAN_POINT('',(6.580923455484,16.404869615506,
    -2.78443934576E-13));
#1240 = CARTESIAN_POINT('',(6.580924589619,16.407271953079,
    7.779332733548E-13));
#1241 = CARTESIAN_POINT('',(6.580926291268,16.409674345024,
    -1.602940002954E-12));
#1242 = CARTESIAN_POINT('',(6.580928560712,16.412076791221,
    2.608024907147E-12));
#1243 = CARTESIAN_POINT('',(6.580931398264,16.41447929145,
    -3.456013253356E-12));
#1244 = CARTESIAN_POINT('',(6.580934804196,16.416881845626,
    3.777089752077E-12));
#1245 = CARTESIAN_POINT('',(6.580938778822,16.419284453512,
    -3.401057213637E-12));
#1246 = CARTESIAN_POINT('',(6.580943322422,16.421687115017,
    2.497557716197E-12));
#1247 = CARTESIAN_POINT('',(6.580948435298,16.424089829929,
    -1.463607013363E-12));
#1248 = CARTESIAN_POINT('',(6.58095411774,16.426492598123,
    6.551426068313E-13));
#1249 = CARTESIAN_POINT('',(6.580960370044,16.42889541942,
    -1.971756091734E-13));
#1250 = CARTESIAN_POINT('',(6.580967192503,16.431298293668,
    1.854072451124E-14));
#1251 = CARTESIAN_POINT('',(6.584017690307,17.422805752354,
    -1.756372824957E-13));
#1252 = CARTESIAN_POINT('',(6.683762381526,18.420918324537,
    7.074341112911E-13));
#1253 = CARTESIAN_POINT('',(6.900235296506,19.407220872468,
    -1.916800052015E-12));
#1254 = CARTESIAN_POINT('',(7.25485346976,20.358379127793,
    3.948730231684E-12));
#1255 = CARTESIAN_POINT('',(7.753029979869,21.239773331347,
    -6.476374991848E-12));
#1256 = CARTESIAN_POINT('',(8.415370100282,22.06540708617,
    8.651190874787E-12));
#1257 = CARTESIAN_POINT('',(9.231898036937,22.744564369874,
    -9.503065001581E-12));
#1258 = CARTESIAN_POINT('',(10.167041192904,23.368395986653,
    8.606004797684E-12));
#1259 = CARTESIAN_POINT('',(11.2723415702,23.860982832736,
    -6.394995644143E-12));
#1260 = CARTESIAN_POINT('',(12.492687751256,24.25663951852,
    3.846367668814E-12));
#1261 = CARTESIAN_POINT('',(13.837581635867,24.53932155801,
    -1.818323269731E-12));
#1262 = CARTESIAN_POINT('',(15.272272410142,24.717822680974,
    6.352696146905E-13));
#1263 = CARTESIAN_POINT('',(16.766506149787,24.800130208334,
    -1.352251643993E-13));
#1264 = CARTESIAN_POINT('',(18.280792680229,24.800130208333,
    2.22044604925E-16));
#1265 = CARTESIAN_POINT('',(5.180984964826,16.386881414039,0.));
#1266 = CARTESIAN_POINT('',(5.18098119101,16.389684373132,
    3.37507799486E-14));
#1267 = CARTESIAN_POINT('',(5.180978108047,16.39248734474,
    -1.573186025894E-13));
#1268 = CARTESIAN_POINT('',(5.180975716221,16.395290328751,
    4.528599717446E-13));
#1269 = CARTESIAN_POINT('',(5.180974015694,16.398093325034,
    -9.722223026642E-13));
#1270 = CARTESIAN_POINT('',(5.180973006901,16.400896333495,
    1.648126080056E-12));
#1271 = CARTESIAN_POINT('',(5.180972689787,16.403699353984,
    -2.262856568791E-12));
#1272 = CARTESIAN_POINT('',(5.180973065022,16.406502386422,
    2.536526544361E-12));
#1273 = CARTESIAN_POINT('',(5.180974132375,16.409305430652,
    -2.330469150991E-12));
#1274 = CARTESIAN_POINT('',(5.180975892561,16.412108486591,
    1.749267397599E-12));
#1275 = CARTESIAN_POINT('',(5.180978345458,16.414911554098,
    -1.056710274838E-12));
#1276 = CARTESIAN_POINT('',(5.180981491564,16.417714633067,
    4.917177776065E-13));
#1277 = CARTESIAN_POINT('',(5.180985330997,16.420517723377,
    -1.543210004229E-13));
#1278 = CARTESIAN_POINT('',(5.180989864063,16.423320824912,
    1.476596622751E-14));
#1279 = CARTESIAN_POINT('',(5.183146626996,17.579954816171,
    -3.19744231092E-14));
#1280 = CARTESIAN_POINT('',(5.302812875455,18.739864600683,
    5.340172748447E-14));
#1281 = CARTESIAN_POINT('',(5.559646002209,19.894106915933,
    -6.050715484207E-14));
#1282 = CARTESIAN_POINT('',(5.974991473358,21.034649199149,
    1.620925615953E-14));
#1283 = CARTESIAN_POINT('',(6.59174348339,22.088153053985,
    1.081357225985E-13));
#1284 = CARTESIAN_POINT('',(7.348461404805,23.135828584907,
    -2.917666108715E-13));
#1285 = CARTESIAN_POINT('',(8.4498088992,23.948208133384,
    4.498623695781E-13));
#1286 = CARTESIAN_POINT('',(9.475598379988,24.623378019005,
    -4.953815135877E-13));
#1287 = CARTESIAN_POINT('',(10.771193800966,25.198198959037,
    4.111155860187E-13));
#1288 = CARTESIAN_POINT('',(12.101135938799,25.612241853203,
    -2.622346784165E-13));
#1289 = CARTESIAN_POINT('',(13.561580260145,25.921968768965,
    1.294520046713E-13));
#1290 = CARTESIAN_POINT('',(15.092945661955,26.111561631969,
    -4.718447854657E-14));
#1291 = CARTESIAN_POINT('',(16.677503083804,26.200223067753,
    1.054711873394E-14));
#1292 = CARTESIAN_POINT('',(18.282241546186,26.200129458614,0.));
#1293 = DEFINITIONAL_REPRESENTATION('',(#1294),#1298);
#1294 = LINE('',#1295,#1296);
#1295 = CARTESIAN_POINT('',(0.,0.));
#1296 = VECTOR('',#1297,1.);
#1297 = DIRECTION('',(0.,1.));
#1298 = ( GEOMETRIC_REPRESENTATION_CONTEXT(2) 
PARAMETRIC_REPRESENTATION_CONTEXT() REPRESENTATION_CONTEXT('2D SPACE',''
  ) );
#1299 = ADVANCED_FACE('',(#1300),#1128,.F.);
#1300 = FACE_BOUND('',#1301,.F.);
#1301 = EDGE_LOOP('',(#1302,#1303,#1401,#1429));
#1302 = ORIENTED_EDGE('',*,*,#1112,.T.);
#1303 = ORIENTED_EDGE('',*,*,#1304,.T.);
#1304 = EDGE_CURVE('',#954,#1305,#1307,.T.);
#1305 = VERTEX_POINT('',#1306);
#1306 = CARTESIAN_POINT('',(31.180857784396,13.599934895833,20.6));
#1307 = SURFACE_CURVE('',#1308,(#1324,#1348),.PCURVE_S1.);
#1308 = ( BOUNDED_CURVE() B_SPLINE_CURVE(14,(#1309,#1310,#1311,#1312,
    #1313,#1314,#1315,#1316,#1317,#1318,#1319,#1320,#1321,#1322,#1323),
.UNSPECIFIED.,.F.,.F.) B_SPLINE_CURVE_WITH_KNOTS((15,15),(
155.97145996315,173.61717294533),.PIECEWISE_BEZIER_KNOTS.) CURVE() 
GEOMETRIC_REPRESENTATION_ITEM() RATIONAL_B_SPLINE_CURVE((1.,1.,
    1.000000000002,0.999999999995,1.000000000012,0.99999999998,
    1.000000000028,0.999999999969,1.000000000029,0.999999999979,
    1.000000000013,0.999999999994,1.000000000002,1.,1.)) 
REPRESENTATION_ITEM('') );
#1309 = CARTESIAN_POINT('',(18.280792680229,24.800130208333,20.6));
#1310 = CARTESIAN_POINT('',(19.795599279014,24.800130208335,20.6));
#1311 = CARTESIAN_POINT('',(21.330381911696,24.717774093237,20.6));
#1312 = CARTESIAN_POINT('',(22.841165900562,24.532235445501,20.6));
#1313 = CARTESIAN_POINT('',(24.279310731522,24.22655625024,
    20.599999999999));
#1314 = CARTESIAN_POINT('',(25.645595878213,23.791001110164,
    20.600000000001));
#1315 = CARTESIAN_POINT('',(26.833250910882,23.199698411243,
    20.599999999997));
#1316 = CARTESIAN_POINT('',(27.973370560403,22.509377107847,
    20.600000000004));
#1317 = CARTESIAN_POINT('',(28.84605105929,21.580323592734,
    20.599999999996));
#1318 = CARTESIAN_POINT('',(29.612781819825,20.655022842368,
    20.600000000004));
#1319 = CARTESIAN_POINT('',(30.231981460139,19.521442248586,
    20.599999999998));
#1320 = CARTESIAN_POINT('',(30.700466558221,18.275396507637,
    20.600000000001));
#1321 = CARTESIAN_POINT('',(31.019333280212,16.870917668315,20.6));
#1322 = CARTESIAN_POINT('',(31.180857784397,15.314514937724,20.6));
#1323 = CARTESIAN_POINT('',(31.180857784396,13.599934895833,20.6));
#1324 = PCURVE('',#1128,#1325);
#1325 = DEFINITIONAL_REPRESENTATION('',(#1326),#1347);
#1326 = B_SPLINE_CURVE_WITH_KNOTS('',10,(#1327,#1328,#1329,#1330,#1331,
    #1332,#1333,#1334,#1335,#1336,#1337,#1338,#1339,#1340,#1341,#1342,
    #1343,#1344,#1345,#1346),.UNSPECIFIED.,.F.,.F.,(11,9,11),(
    155.97145996315,164.79431645424,173.61717294533),.UNSPECIFIED.);
#1327 = CARTESIAN_POINT('',(-6.861613786538E-16,-20.6));
#1328 = CARTESIAN_POINT('',(4.418185913119E-02,-20.59999999999));
#1329 = CARTESIAN_POINT('',(9.046643188434E-02,-20.60000000001));
#1330 = CARTESIAN_POINT('',(0.138472808566,-20.59999999997));
#1331 = CARTESIAN_POINT('',(0.187783787313,-20.60000000003));
#1332 = CARTESIAN_POINT('',(0.238195981186,-20.59999999997));
#1333 = CARTESIAN_POINT('',(0.289268924912,-20.60000000001));
#1334 = CARTESIAN_POINT('',(0.340881066562,-20.59999999999));
#1335 = CARTESIAN_POINT('',(0.392645972246,-20.6));
#1336 = CARTESIAN_POINT('',(0.444336019575,-20.6));
#1337 = CARTESIAN_POINT('',(0.54725516131,-20.6));
#1338 = CARTESIAN_POINT('',(0.598485793443,-20.6));
#1339 = CARTESIAN_POINT('',(0.6493305417,-20.59999999999));
#1340 = CARTESIAN_POINT('',(0.699777649557,-20.60000000001));
#1341 = CARTESIAN_POINT('',(0.749836996789,-20.59999999997));
#1342 = CARTESIAN_POINT('',(0.799956432908,-20.60000000003));
#1343 = CARTESIAN_POINT('',(0.849943905217,-20.59999999997));
#1344 = CARTESIAN_POINT('',(0.899979472773,-20.60000000001));
#1345 = CARTESIAN_POINT('',(0.949991415445,-20.59999999999));
#1346 = CARTESIAN_POINT('',(1.,-20.6));
#1347 = ( GEOMETRIC_REPRESENTATION_CONTEXT(2) 
PARAMETRIC_REPRESENTATION_CONTEXT() REPRESENTATION_CONTEXT('2D SPACE',''
  ) );
#1348 = PCURVE('',#1349,#1395);
#1349 = ( BOUNDED_SURFACE() B_SPLINE_SURFACE(2,14,(
    (#1350,#1351,#1352,#1353,#1354,#1355,#1356,#1357,#1358,#1359,#1360
      ,#1361,#1362,#1363,#1364)
    ,(#1365,#1366,#1367,#1368,#1369,#1370,#1371,#1372,#1373,#1374,#1375
      ,#1376,#1377,#1378,#1379)
    ,(#1380,#1381,#1382,#1383,#1384,#1385,#1386,#1387,#1388,#1389,#1390
      ,#1391,#1392,#1393,#1394
)),.UNSPECIFIED.,.F.,.F.,.F.) B_SPLINE_SURFACE_WITH_KNOTS((3,3),(15,15),
  (0.,17.645712982182),(155.97145996315,173.61717294533),
.PIECEWISE_BEZIER_KNOTS.) GEOMETRIC_REPRESENTATION_ITEM() 
RATIONAL_B_SPLINE_SURFACE((
    (1.,1.,1.000000000002,0.999999999995,1.000000000012,0.99999999998
      ,1.000000000028,0.999999999969,1.000000000029,0.999999999979
      ,1.000000000013,0.999999999994,1.000000000002,1.,1.)
    ,(0.707106781187,0.707106781186,0.707106781188,0.707106781181
      ,0.707106781198,0.707106781167,0.707106781213,0.707106781156
      ,0.707106781214,0.707106781166,0.707106781199,0.70710678118
      ,0.707106781189,0.707106781186,0.707106781187)
    ,(1.,1.,1.000000000002,0.999999999995,1.000000000012,0.99999999998
      ,1.000000000028,0.999999999969,1.000000000029,0.999999999979
      ,1.000000000013,0.999999999994,1.000000000002,1.,1.
))) REPRESENTATION_ITEM('') SURFACE() );
#1350 = CARTESIAN_POINT('',(18.280792680229,24.800130208333,20.6));
#1351 = CARTESIAN_POINT('',(19.795599279014,24.800130208335,20.6));
#1352 = CARTESIAN_POINT('',(21.330381911696,24.717774093237,20.6));
#1353 = CARTESIAN_POINT('',(22.841165900562,24.532235445501,20.6));
#1354 = CARTESIAN_POINT('',(24.279310731522,24.22655625024,
    20.599999999999));
#1355 = CARTESIAN_POINT('',(25.645595878213,23.791001110164,
    20.600000000001));
#1356 = CARTESIAN_POINT('',(26.833250910882,23.199698411243,
    20.599999999997));
#1357 = CARTESIAN_POINT('',(27.973370560403,22.509377107847,
    20.600000000004));
#1358 = CARTESIAN_POINT('',(28.84605105929,21.580323592734,
    20.599999999996));
#1359 = CARTESIAN_POINT('',(29.612781819825,20.655022842368,
    20.600000000004));
#1360 = CARTESIAN_POINT('',(30.231981460139,19.521442248586,
    20.599999999998));
#1361 = CARTESIAN_POINT('',(30.700466558221,18.275396507637,
    20.600000000001));
#1362 = CARTESIAN_POINT('',(31.019333280212,16.870917668315,20.6));
#1363 = CARTESIAN_POINT('',(31.180857784397,15.314514937724,20.6));
#1364 = CARTESIAN_POINT('',(31.180857784396,13.599934895833,20.6));
#1365 = CARTESIAN_POINT('',(18.280792680229,24.800130208333,22.));
#1366 = CARTESIAN_POINT('',(19.795599279013,24.800130208335,22.));
#1367 = CARTESIAN_POINT('',(21.330381911696,24.717774093234,22.));
#1368 = CARTESIAN_POINT('',(22.841165900563,24.53223544551,
    22.000000000001));
#1369 = CARTESIAN_POINT('',(24.279310731515,24.22655625022,
    21.999999999999));
#1370 = CARTESIAN_POINT('',(25.645595878234,23.791001110197,
    22.000000000002));
#1371 = CARTESIAN_POINT('',(26.833250910843,23.199698411201,
    21.999999999998));
#1372 = CARTESIAN_POINT('',(27.97337056046,22.509377107888,
    22.000000000002));
#1373 = CARTESIAN_POINT('',(28.846051059227,21.580323592706,
    21.999999999998));
#1374 = CARTESIAN_POINT('',(29.61278181988,20.655022842381,
    22.000000000001));
#1375 = CARTESIAN_POINT('',(30.231981460101,19.521442248584,
    21.999999999999));
#1376 = CARTESIAN_POINT('',(30.700466558241,18.275396507635,22.));
#1377 = CARTESIAN_POINT('',(31.019333280205,16.870917668317,22.));
#1378 = CARTESIAN_POINT('',(31.180857784398,15.314514937723,22.));
#1379 = CARTESIAN_POINT('',(31.180857784396,13.599934895833,22.));
#1380 = CARTESIAN_POINT('',(18.282241546186,26.200129458614,22.));
#1381 = CARTESIAN_POINT('',(19.887531141829,26.200035817328,22.));
#1382 = CARTESIAN_POINT('',(21.51406973604,26.111082350215,22.));
#1383 = CARTESIAN_POINT('',(23.123471589914,25.914352275114,22.));
#1384 = CARTESIAN_POINT('',(24.683591064946,25.578851871079,
    22.000000000001));
#1385 = CARTESIAN_POINT('',(26.153433404465,25.126805922195,
    21.999999999999));
#1386 = CARTESIAN_POINT('',(27.558200881673,24.445117245,22.000000000003
    ));
#1387 = CARTESIAN_POINT('',(28.758007567369,23.698430844728,
    21.999999999996));
#1388 = CARTESIAN_POINT('',(29.962786455212,22.641213243022,
    22.000000000004));
#1389 = CARTESIAN_POINT('',(30.80597364754,21.452223144931,
    21.999999999996));
#1390 = CARTESIAN_POINT('',(31.541592037118,20.145199970873,
    22.000000000002));
#1391 = CARTESIAN_POINT('',(32.05909503313,18.700875689501,
    21.999999999999));
#1392 = CARTESIAN_POINT('',(32.407876067035,17.135281253105,22.));
#1393 = CARTESIAN_POINT('',(32.580857784398,15.43699183323,22.));
#1394 = CARTESIAN_POINT('',(32.580857784396,13.599934895833,22.));
#1395 = DEFINITIONAL_REPRESENTATION('',(#1396),#1400);
#1396 = LINE('',#1397,#1398);
#1397 = CARTESIAN_POINT('',(0.,0.));
#1398 = VECTOR('',#1399,1.);
#1399 = DIRECTION('',(0.,1.));
#1400 = ( GEOMETRIC_REPRESENTATION_CONTEXT(2) 
PARAMETRIC_REPRESENTATION_CONTEXT() REPRESENTATION_CONTEXT('2D SPACE',''
  ) );
#1401 = ORIENTED_EDGE('',*,*,#1402,.F.);
#1402 = EDGE_CURVE('',#1403,#1305,#1405,.T.);
#1403 = VERTEX_POINT('',#1404);
#1404 = CARTESIAN_POINT('',(31.180857784396,13.599934895833,1.4));
#1405 = SURFACE_CURVE('',#1406,(#1410,#1417),.PCURVE_S1.);
#1406 = LINE('',#1407,#1408);
#1407 = CARTESIAN_POINT('',(31.180857784396,13.599934895833,0.));
#1408 = VECTOR('',#1409,1.);
#1409 = DIRECTION('',(0.,0.,1.));
#1410 = PCURVE('',#1128,#1411);
#1411 = DEFINITIONAL_REPRESENTATION('',(#1412),#1416);
#1412 = LINE('',#1413,#1414);
#1413 = CARTESIAN_POINT('',(1.,0.));
#1414 = VECTOR('',#1415,1.);
#1415 = DIRECTION('',(0.,-1.));
#1416 = ( GEOMETRIC_REPRESENTATION_CONTEXT(2) 
PARAMETRIC_REPRESENTATION_CONTEXT() REPRESENTATION_CONTEXT('2D SPACE',''
  ) );
#1417 = PCURVE('',#1418,#1423);
#1418 = PLANE('',#1419);
#1419 = AXIS2_PLACEMENT_3D('',#1420,#1421,#1422);
#1420 = CARTESIAN_POINT('',(31.180857784396,13.599934895833,0.));
#1421 = DIRECTION('',(1.,0.,-0.));
#1422 = DIRECTION('',(0.,-1.,0.));
#1423 = DEFINITIONAL_REPRESENTATION('',(#1424),#1428);
#1424 = LINE('',#1425,#1426);
#1425 = CARTESIAN_POINT('',(0.,0.));
#1426 = VECTOR('',#1427,1.);
#1427 = DIRECTION('',(0.,-1.));
#1428 = ( GEOMETRIC_REPRESENTATION_CONTEXT(2) 
PARAMETRIC_REPRESENTATION_CONTEXT() REPRESENTATION_CONTEXT('2D SPACE',''
  ) );
#1429 = ORIENTED_EDGE('',*,*,#1430,.F.);
#1430 = EDGE_CURVE('',#1113,#1403,#1431,.T.);
#1431 = SURFACE_CURVE('',#1432,(#1448,#1472),.PCURVE_S1.);
#1432 = ( BOUNDED_CURVE() B_SPLINE_CURVE(14,(#1433,#1434,#1435,#1436,
    #1437,#1438,#1439,#1440,#1441,#1442,#1443,#1444,#1445,#1446,#1447),
.UNSPECIFIED.,.F.,.F.) B_SPLINE_CURVE_WITH_KNOTS((15,15),(
155.97145996315,173.61717294533),.PIECEWISE_BEZIER_KNOTS.) CURVE() 
GEOMETRIC_REPRESENTATION_ITEM() RATIONAL_B_SPLINE_CURVE((1.,1.,
    1.000000000002,0.999999999995,1.000000000012,0.99999999998,
    1.000000000028,0.999999999969,1.000000000029,0.999999999979,
    1.000000000013,0.999999999994,1.000000000002,1.,1.)) 
REPRESENTATION_ITEM('') );
#1433 = CARTESIAN_POINT('',(18.280792680229,24.800130208333,1.4));
#1434 = CARTESIAN_POINT('',(19.795599279014,24.800130208335,1.4));
#1435 = CARTESIAN_POINT('',(21.330381911696,24.717774093237,1.4));
#1436 = CARTESIAN_POINT('',(22.841165900562,24.532235445501,1.4));
#1437 = CARTESIAN_POINT('',(24.279310731522,24.22655625024,1.4));
#1438 = CARTESIAN_POINT('',(25.645595878213,23.791001110164,
    1.399999999999));
#1439 = CARTESIAN_POINT('',(26.833250910882,23.199698411243,
    1.400000000002));
#1440 = CARTESIAN_POINT('',(27.973370560403,22.509377107847,
    1.399999999997));
#1441 = CARTESIAN_POINT('',(28.84605105929,21.580323592734,
    1.400000000003));
#1442 = CARTESIAN_POINT('',(29.612781819825,20.655022842368,
    1.399999999997));
#1443 = CARTESIAN_POINT('',(30.231981460139,19.521442248586,
    1.400000000002));
#1444 = CARTESIAN_POINT('',(30.700466558221,18.275396507637,
    1.399999999999));
#1445 = CARTESIAN_POINT('',(31.019333280212,16.870917668315,1.4));
#1446 = CARTESIAN_POINT('',(31.180857784397,15.314514937724,1.4));
#1447 = CARTESIAN_POINT('',(31.180857784396,13.599934895833,1.4));
#1448 = PCURVE('',#1128,#1449);
#1449 = DEFINITIONAL_REPRESENTATION('',(#1450),#1471);
#1450 = B_SPLINE_CURVE_WITH_KNOTS('',10,(#1451,#1452,#1453,#1454,#1455,
    #1456,#1457,#1458,#1459,#1460,#1461,#1462,#1463,#1464,#1465,#1466,
    #1467,#1468,#1469,#1470),.UNSPECIFIED.,.F.,.F.,(11,9,11),(
    155.97145996315,164.79431645424,173.61717294533),.UNSPECIFIED.);
#1451 = CARTESIAN_POINT('',(-6.861613786538E-16,-1.4));
#1452 = CARTESIAN_POINT('',(4.418185913119E-02,-1.4));
#1453 = CARTESIAN_POINT('',(9.046643188434E-02,-1.400000000001));
#1454 = CARTESIAN_POINT('',(0.138472808566,-1.399999999998));
#1455 = CARTESIAN_POINT('',(0.187783787313,-1.400000000002));
#1456 = CARTESIAN_POINT('',(0.238195981186,-1.399999999998));
#1457 = CARTESIAN_POINT('',(0.289268924912,-1.400000000001));
#1458 = CARTESIAN_POINT('',(0.340881066562,-1.399999999999));
#1459 = CARTESIAN_POINT('',(0.392645972246,-1.4));
#1460 = CARTESIAN_POINT('',(0.444336019575,-1.4));
#1461 = CARTESIAN_POINT('',(0.54725516131,-1.4));
#1462 = CARTESIAN_POINT('',(0.598485793443,-1.4));
#1463 = CARTESIAN_POINT('',(0.6493305417,-1.399999999999));
#1464 = CARTESIAN_POINT('',(0.699777649557,-1.400000000002));
#1465 = CARTESIAN_POINT('',(0.749836996789,-1.399999999998));
#1466 = CARTESIAN_POINT('',(0.799956432908,-1.400000000003));
#1467 = CARTESIAN_POINT('',(0.849943905217,-1.399999999997));
#1468 = CARTESIAN_POINT('',(0.899979472773,-1.400000000002));
#1469 = CARTESIAN_POINT('',(0.949991415445,-1.399999999999));
#1470 = CARTESIAN_POINT('',(1.,-1.4));
#1471 = ( GEOMETRIC_REPRESENTATION_CONTEXT(2) 
PARAMETRIC_REPRESENTATION_CONTEXT() REPRESENTATION_CONTEXT('2D SPACE',''
  ) );
#1472 = PCURVE('',#1473,#1519);
#1473 = ( BOUNDED_SURFACE() B_SPLINE_SURFACE(2,14,(
    (#1474,#1475,#1476,#1477,#1478,#1479,#1480,#1481,#1482,#1483,#1484
      ,#1485,#1486,#1487,#1488)
    ,(#1489,#1490,#1491,#1492,#1493,#1494,#1495,#1496,#1497,#1498,#1499
      ,#1500,#1501,#1502,#1503)
    ,(#1504,#1505,#1506,#1507,#1508,#1509,#1510,#1511,#1512,#1513,#1514
      ,#1515,#1516,#1517,#1518
)),.UNSPECIFIED.,.F.,.F.,.F.) B_SPLINE_SURFACE_WITH_KNOTS((3,3),(15,15),
  (0.,17.645712982182),(155.97145996315,173.61717294533),
.PIECEWISE_BEZIER_KNOTS.) GEOMETRIC_REPRESENTATION_ITEM() 
RATIONAL_B_SPLINE_SURFACE((
    (1.,1.,1.000000000002,0.999999999995,1.000000000012,0.99999999998
      ,1.000000000028,0.999999999969,1.000000000029,0.999999999979
      ,1.000000000013,0.999999999994,1.000000000002,1.,1.)
    ,(0.707106781187,0.707106781186,0.707106781188,0.707106781181
      ,0.707106781198,0.707106781167,0.707106781213,0.707106781156
      ,0.707106781214,0.707106781166,0.707106781199,0.70710678118
      ,0.707106781189,0.707106781186,0.707106781187)
    ,(1.,1.,1.000000000002,0.999999999995,1.000000000012,0.99999999998
      ,1.000000000028,0.999999999969,1.000000000029,0.999999999979
      ,1.000000000013,0.999999999994,1.000000000002,1.,1.
))) REPRESENTATION_ITEM('') SURFACE() );
#1474 = CARTESIAN_POINT('',(18.280792680229,24.800130208333,1.4));
#1475 = CARTESIAN_POINT('',(19.795599279014,24.800130208335,1.4));
#1476 = CARTESIAN_POINT('',(21.330381911696,24.717774093237,1.4));
#1477 = CARTESIAN_POINT('',(22.841165900562,24.532235445501,1.4));
#1478 = CARTESIAN_POINT('',(24.279310731522,24.22655625024,1.4));
#1479 = CARTESIAN_POINT('',(25.645595878213,23.791001110164,
    1.399999999999));
#1480 = CARTESIAN_POINT('',(26.833250910882,23.199698411243,
    1.400000000002));
#1481 = CARTESIAN_POINT('',(27.973370560403,22.509377107847,
    1.399999999997));
#1482 = CARTESIAN_POINT('',(28.84605105929,21.580323592734,
    1.400000000003));
#1483 = CARTESIAN_POINT('',(29.612781819825,20.655022842368,
    1.399999999997));
#1484 = CARTESIAN_POINT('',(30.231981460139,19.521442248586,
    1.400000000002));
#1485 = CARTESIAN_POINT('',(30.700466558221,18.275396507637,
    1.399999999999));
#1486 = CARTESIAN_POINT('',(31.019333280212,16.870917668315,1.4));
#1487 = CARTESIAN_POINT('',(31.180857784397,15.314514937724,1.4));
#1488 = CARTESIAN_POINT('',(31.180857784396,13.599934895833,1.4));
#1489 = CARTESIAN_POINT('',(18.280792680229,24.800130208333,
    2.22044604925E-16));
#1490 = CARTESIAN_POINT('',(19.795599279013,24.800130208335,
    -8.604228440845E-14));
#1491 = CARTESIAN_POINT('',(21.330381911696,24.717774093234,
    4.110045637162E-13));
#1492 = CARTESIAN_POINT('',(22.841165900563,24.53223544551,
    -1.193045662262E-12));
#1493 = CARTESIAN_POINT('',(24.279310731515,24.22655625022,
    2.579270130809E-12));
#1494 = CARTESIAN_POINT('',(25.645595878234,23.791001110197,
    -4.416467191959E-12));
#1495 = CARTESIAN_POINT('',(26.833250910843,23.199698411201,
    6.152522935565E-12));
#1496 = CARTESIAN_POINT('',(27.97337056046,22.509377107888,
    -7.048917005648E-12));
#1497 = CARTESIAN_POINT('',(28.846051059227,21.580323592706,
    6.661116103146E-12));
#1498 = CARTESIAN_POINT('',(29.61278181988,20.655022842381,
    -5.163758309834E-12));
#1499 = CARTESIAN_POINT('',(30.231981460101,19.521442248584,
    3.234190693036E-12));
#1500 = CARTESIAN_POINT('',(30.700466558241,18.275396507635,
    -1.587507902912E-12));
#1501 = CARTESIAN_POINT('',(31.019333280205,16.870917668317,
    5.71542813077E-13));
#1502 = CARTESIAN_POINT('',(31.180857784398,15.314514937723,
    -1.237898672457E-13));
#1503 = CARTESIAN_POINT('',(31.180857784396,13.599934895833,
    2.22044604925E-16));
#1504 = CARTESIAN_POINT('',(18.282241546186,26.200129458614,0.));
#1505 = CARTESIAN_POINT('',(19.887531141829,26.200035817328,
    -5.284661597216E-14));
#1506 = CARTESIAN_POINT('',(21.51406973604,26.111082350215,
    2.302602553073E-13));
#1507 = CARTESIAN_POINT('',(23.123471589914,25.914352275114,
    -5.833111771381E-13));
#1508 = CARTESIAN_POINT('',(24.683591064946,25.578851871079,
    1.024624829427E-12));
#1509 = CARTESIAN_POINT('',(26.153433404465,25.126805922195,
    -1.304623076237E-12));
#1510 = CARTESIAN_POINT('',(27.558200881673,24.445117245,
    1.188493747861E-12));
#1511 = CARTESIAN_POINT('',(28.758007567369,23.698430844728,
    -6.846745392863E-13));
#1512 = CARTESIAN_POINT('',(29.962786455212,22.641213243022,
    6.87228052243E-14));
#1513 = CARTESIAN_POINT('',(30.80597364754,21.452223144931,
    3.40616423955E-13));
#1514 = CARTESIAN_POINT('',(31.541592037118,20.145199970873,
    -4.231059946846E-13));
#1515 = CARTESIAN_POINT('',(32.05909503313,18.700875689501,
    2.912114993592E-13));
#1516 = CARTESIAN_POINT('',(32.407876067035,17.135281253105,
    -1.268984917147E-13));
#1517 = CARTESIAN_POINT('',(32.580857784398,15.43699183323,
    3.097522238704E-14));
#1518 = CARTESIAN_POINT('',(32.580857784396,13.599934895833,0.));
#1519 = DEFINITIONAL_REPRESENTATION('',(#1520),#1524);
#1520 = LINE('',#1521,#1522);
#1521 = CARTESIAN_POINT('',(0.,0.));
#1522 = VECTOR('',#1523,1.);
#1523 = DIRECTION('',(0.,1.));
#1524 = ( GEOMETRIC_REPRESENTATION_CONTEXT(2) 
PARAMETRIC_REPRESENTATION_CONTEXT() REPRESENTATION_CONTEXT('2D SPACE',''
  ) );
#1525 = ADVANCED_FACE('',(#1526),#1418,.F.);
#1526 = FACE_BOUND('',#1527,.F.);
#1527 = EDGE_LOOP('',(#1528,#1529,#1557,#1585));
#1528 = ORIENTED_EDGE('',*,*,#1402,.T.);
#1529 = ORIENTED_EDGE('',*,*,#1530,.T.);
#1530 = EDGE_CURVE('',#1305,#1531,#1533,.T.);
#1531 = VERTEX_POINT('',#1532);
#1532 = CARTESIAN_POINT('',(31.180857784396,10.599934895833,20.6));
#1533 = SURFACE_CURVE('',#1534,(#1538,#1545),.PCURVE_S1.);
#1534 = LINE('',#1535,#1536);
#1535 = CARTESIAN_POINT('',(31.180857784396,13.599934895833,20.6));
#1536 = VECTOR('',#1537,1.);
#1537 = DIRECTION('',(0.,-1.,0.));
#1538 = PCURVE('',#1418,#1539);
#1539 = DEFINITIONAL_REPRESENTATION('',(#1540),#1544);
#1540 = LINE('',#1541,#1542);
#1541 = CARTESIAN_POINT('',(0.,-20.6));
#1542 = VECTOR('',#1543,1.);
#1543 = DIRECTION('',(1.,0.));
#1544 = ( GEOMETRIC_REPRESENTATION_CONTEXT(2) 
PARAMETRIC_REPRESENTATION_CONTEXT() REPRESENTATION_CONTEXT('2D SPACE',''
  ) );
#1545 = PCURVE('',#1546,#1551);
#1546 = CYLINDRICAL_SURFACE('',#1547,1.4);
#1547 = AXIS2_PLACEMENT_3D('',#1548,#1549,#1550);
#1548 = CARTESIAN_POINT('',(32.580857784396,13.599934895833,20.6));
#1549 = DIRECTION('',(0.,-1.,0.));
#1550 = DIRECTION('',(-1.,-0.,0.));
#1551 = DEFINITIONAL_REPRESENTATION('',(#1552),#1556);
#1552 = LINE('',#1553,#1554);
#1553 = CARTESIAN_POINT('',(-0.,0.));
#1554 = VECTOR('',#1555,1.);
#1555 = DIRECTION('',(-0.,1.));
#1556 = ( GEOMETRIC_REPRESENTATION_CONTEXT(2) 
PARAMETRIC_REPRESENTATION_CONTEXT() REPRESENTATION_CONTEXT('2D SPACE',''
  ) );
#1557 = ORIENTED_EDGE('',*,*,#1558,.F.);
#1558 = EDGE_CURVE('',#1559,#1531,#1561,.T.);
#1559 = VERTEX_POINT('',#1560);
#1560 = CARTESIAN_POINT('',(31.180857784396,10.599934895833,1.4));
#1561 = SURFACE_CURVE('',#1562,(#1566,#1573),.PCURVE_S1.);
#1562 = LINE('',#1563,#1564);
#1563 = CARTESIAN_POINT('',(31.180857784396,10.599934895833,0.));
#1564 = VECTOR('',#1565,1.);
#1565 = DIRECTION('',(0.,0.,1.));
#1566 = PCURVE('',#1418,#1567);
#1567 = DEFINITIONAL_REPRESENTATION('',(#1568),#1572);
#1568 = LINE('',#1569,#1570);
#1569 = CARTESIAN_POINT('',(3.,0.));
#1570 = VECTOR('',#1571,1.);
#1571 = DIRECTION('',(0.,-1.));
#1572 = ( GEOMETRIC_REPRESENTATION_CONTEXT(2) 
PARAMETRIC_REPRESENTATION_CONTEXT() REPRESENTATION_CONTEXT('2D SPACE',''
  ) );
#1573 = PCURVE('',#1574,#1579);
#1574 = PLANE('',#1575);
#1575 = AXIS2_PLACEMENT_3D('',#1576,#1577,#1578);
#1576 = CARTESIAN_POINT('',(31.180857784396,10.599934895833,0.));
#1577 = DIRECTION('',(0.,1.,0.));
#1578 = DIRECTION('',(1.,0.,0.));
#1579 = DEFINITIONAL_REPRESENTATION('',(#1580),#1584);
#1580 = LINE('',#1581,#1582);
#1581 = CARTESIAN_POINT('',(0.,0.));
#1582 = VECTOR('',#1583,1.);
#1583 = DIRECTION('',(0.,-1.));
#1584 = ( GEOMETRIC_REPRESENTATION_CONTEXT(2) 
PARAMETRIC_REPRESENTATION_CONTEXT() REPRESENTATION_CONTEXT('2D SPACE',''
  ) );
#1585 = ORIENTED_EDGE('',*,*,#1586,.F.);
#1586 = EDGE_CURVE('',#1403,#1559,#1587,.T.);
#1587 = SURFACE_CURVE('',#1588,(#1592,#1599),.PCURVE_S1.);
#1588 = LINE('',#1589,#1590);
#1589 = CARTESIAN_POINT('',(31.180857784396,13.599934895833,1.4));
#1590 = VECTOR('',#1591,1.);
#1591 = DIRECTION('',(0.,-1.,0.));
#1592 = PCURVE('',#1418,#1593);
#1593 = DEFINITIONAL_REPRESENTATION('',(#1594),#1598);
#1594 = LINE('',#1595,#1596);
#1595 = CARTESIAN_POINT('',(0.,-1.4));
#1596 = VECTOR('',#1597,1.);
#1597 = DIRECTION('',(1.,0.));
#1598 = ( GEOMETRIC_REPRESENTATION_CONTEXT(2) 
PARAMETRIC_REPRESENTATION_CONTEXT() REPRESENTATION_CONTEXT('2D SPACE',''
  ) );
#1599 = PCURVE('',#1600,#1605);
#1600 = CYLINDRICAL_SURFACE('',#1601,1.4);
#1601 = AXIS2_PLACEMENT_3D('',#1602,#1603,#1604);
#1602 = CARTESIAN_POINT('',(32.580857784396,13.599934895833,1.4));
#1603 = DIRECTION('',(0.,-1.,0.));
#1604 = DIRECTION('',(-1.,-0.,0.));
#1605 = DEFINITIONAL_REPRESENTATION('',(#1606),#1610);
#1606 = LINE('',#1607,#1608);
#1607 = CARTESIAN_POINT('',(0.,0.));
#1608 = VECTOR('',#1609,1.);
#1609 = DIRECTION('',(0.,1.));
#1610 = ( GEOMETRIC_REPRESENTATION_CONTEXT(2) 
PARAMETRIC_REPRESENTATION_CONTEXT() REPRESENTATION_CONTEXT('2D SPACE',''
  ) );
#1611 = ADVANCED_FACE('',(#1612),#1574,.F.);
#1612 = FACE_BOUND('',#1613,.F.);
#1613 = EDGE_LOOP('',(#1614,#1615,#1643,#1671));
#1614 = ORIENTED_EDGE('',*,*,#1558,.T.);
#1615 = ORIENTED_EDGE('',*,*,#1616,.T.);
#1616 = EDGE_CURVE('',#1531,#1617,#1619,.T.);
#1617 = VERTEX_POINT('',#1618);
#1618 = CARTESIAN_POINT('',(44.180857784396,10.599934895833,20.6));
#1619 = SURFACE_CURVE('',#1620,(#1624,#1631),.PCURVE_S1.);
#1620 = LINE('',#1621,#1622);
#1621 = CARTESIAN_POINT('',(31.180857784396,10.599934895833,20.6));
#1622 = VECTOR('',#1623,1.);
#1623 = DIRECTION('',(1.,0.,0.));
#1624 = PCURVE('',#1574,#1625);
#1625 = DEFINITIONAL_REPRESENTATION('',(#1626),#1630);
#1626 = LINE('',#1627,#1628);
#1627 = CARTESIAN_POINT('',(0.,-20.6));
#1628 = VECTOR('',#1629,1.);
#1629 = DIRECTION('',(1.,0.));
#1630 = ( GEOMETRIC_REPRESENTATION_CONTEXT(2) 
PARAMETRIC_REPRESENTATION_CONTEXT() REPRESENTATION_CONTEXT('2D SPACE',''
  ) );
#1631 = PCURVE('',#1632,#1637);
#1632 = CYLINDRICAL_SURFACE('',#1633,1.4);
#1633 = AXIS2_PLACEMENT_3D('',#1634,#1635,#1636);
#1634 = CARTESIAN_POINT('',(31.180857784396,11.999934895833,20.6));
#1635 = DIRECTION('',(1.,0.,0.));
#1636 = DIRECTION('',(0.,-1.,-0.));
#1637 = DEFINITIONAL_REPRESENTATION('',(#1638),#1642);
#1638 = LINE('',#1639,#1640);
#1639 = CARTESIAN_POINT('',(-0.,0.));
#1640 = VECTOR('',#1641,1.);
#1641 = DIRECTION('',(-0.,1.));
#1642 = ( GEOMETRIC_REPRESENTATION_CONTEXT(2) 
PARAMETRIC_REPRESENTATION_CONTEXT() REPRESENTATION_CONTEXT('2D SPACE',''
  ) );
#1643 = ORIENTED_EDGE('',*,*,#1644,.F.);
#1644 = EDGE_CURVE('',#1645,#1617,#1647,.T.);
#1645 = VERTEX_POINT('',#1646);
#1646 = CARTESIAN_POINT('',(44.180857784396,10.599934895833,1.4));
#1647 = SURFACE_CURVE('',#1648,(#1652,#1659),.PCURVE_S1.);
#1648 = LINE('',#1649,#1650);
#1649 = CARTESIAN_POINT('',(44.180857784396,10.599934895833,0.));
#1650 = VECTOR('',#1651,1.);
#1651 = DIRECTION('',(0.,0.,1.));
#1652 = PCURVE('',#1574,#1653);
#1653 = DEFINITIONAL_REPRESENTATION('',(#1654),#1658);
#1654 = LINE('',#1655,#1656);
#1655 = CARTESIAN_POINT('',(13.,0.));
#1656 = VECTOR('',#1657,1.);
#1657 = DIRECTION('',(0.,-1.));
#1658 = ( GEOMETRIC_REPRESENTATION_CONTEXT(2) 
PARAMETRIC_REPRESENTATION_CONTEXT() REPRESENTATION_CONTEXT('2D SPACE',''
  ) );
#1659 = PCURVE('',#1660,#1665);
#1660 = PLANE('',#1661);
#1661 = AXIS2_PLACEMENT_3D('',#1662,#1663,#1664);
#1662 = CARTESIAN_POINT('',(44.180857784396,10.599934895833,0.));
#1663 = DIRECTION('',(-1.,0.,0.));
#1664 = DIRECTION('',(0.,1.,0.));
#1665 = DEFINITIONAL_REPRESENTATION('',(#1666),#1670);
#1666 = LINE('',#1667,#1668);
#1667 = CARTESIAN_POINT('',(0.,0.));
#1668 = VECTOR('',#1669,1.);
#1669 = DIRECTION('',(0.,-1.));
#1670 = ( GEOMETRIC_REPRESENTATION_CONTEXT(2) 
PARAMETRIC_REPRESENTATION_CONTEXT() REPRESENTATION_CONTEXT('2D SPACE',''
  ) );
#1671 = ORIENTED_EDGE('',*,*,#1672,.F.);
#1672 = EDGE_CURVE('',#1559,#1645,#1673,.T.);
#1673 = SURFACE_CURVE('',#1674,(#1678,#1685),.PCURVE_S1.);
#1674 = LINE('',#1675,#1676);
#1675 = CARTESIAN_POINT('',(31.180857784396,10.599934895833,1.4));
#1676 = VECTOR('',#1677,1.);
#1677 = DIRECTION('',(1.,0.,0.));
#1678 = PCURVE('',#1574,#1679);
#1679 = DEFINITIONAL_REPRESENTATION('',(#1680),#1684);
#1680 = LINE('',#1681,#1682);
#1681 = CARTESIAN_POINT('',(0.,-1.4));
#1682 = VECTOR('',#1683,1.);
#1683 = DIRECTION('',(1.,0.));
#1684 = ( GEOMETRIC_REPRESENTATION_CONTEXT(2) 
PARAMETRIC_REPRESENTATION_CONTEXT() REPRESENTATION_CONTEXT('2D SPACE',''
  ) );
#1685 = PCURVE('',#1686,#1691);
#1686 = CYLINDRICAL_SURFACE('',#1687,1.4);
#1687 = AXIS2_PLACEMENT_3D('',#1688,#1689,#1690);
#1688 = CARTESIAN_POINT('',(31.180857784396,11.999934895833,1.4));
#1689 = DIRECTION('',(1.,0.,0.));
#1690 = DIRECTION('',(0.,-1.,-0.));
#1691 = DEFINITIONAL_REPRESENTATION('',(#1692),#1696);
#1692 = LINE('',#1693,#1694);
#1693 = CARTESIAN_POINT('',(0.,0.));
#1694 = VECTOR('',#1695,1.);
#1695 = DIRECTION('',(0.,1.));
#1696 = ( GEOMETRIC_REPRESENTATION_CONTEXT(2) 
PARAMETRIC_REPRESENTATION_CONTEXT() REPRESENTATION_CONTEXT('2D SPACE',''
  ) );
#1697 = ADVANCED_FACE('',(#1698),#1660,.F.);
#1698 = FACE_BOUND('',#1699,.F.);
#1699 = EDGE_LOOP('',(#1700,#1701,#1729,#1760));
#1700 = ORIENTED_EDGE('',*,*,#1644,.T.);
#1701 = ORIENTED_EDGE('',*,*,#1702,.T.);
#1702 = EDGE_CURVE('',#1617,#1703,#1705,.T.);
#1703 = VERTEX_POINT('',#1704);
#1704 = CARTESIAN_POINT('',(44.180857784396,13.599934895833,20.6));
#1705 = SURFACE_CURVE('',#1706,(#1710,#1717),.PCURVE_S1.);
#1706 = LINE('',#1707,#1708);
#1707 = CARTESIAN_POINT('',(44.180857784396,10.599934895833,20.6));
#1708 = VECTOR('',#1709,1.);
#1709 = DIRECTION('',(0.,1.,0.));
#1710 = PCURVE('',#1660,#1711);
#1711 = DEFINITIONAL_REPRESENTATION('',(#1712),#1716);
#1712 = LINE('',#1713,#1714);
#1713 = CARTESIAN_POINT('',(0.,-20.6));
#1714 = VECTOR('',#1715,1.);
#1715 = DIRECTION('',(1.,0.));
#1716 = ( GEOMETRIC_REPRESENTATION_CONTEXT(2) 
PARAMETRIC_REPRESENTATION_CONTEXT() REPRESENTATION_CONTEXT('2D SPACE',''
  ) );
#1717 = PCURVE('',#1718,#1723);
#1718 = CYLINDRICAL_SURFACE('',#1719,1.4);
#1719 = AXIS2_PLACEMENT_3D('',#1720,#1721,#1722);
#1720 = CARTESIAN_POINT('',(42.780857784396,10.599934895833,20.6));
#1721 = DIRECTION('',(0.,1.,0.));
#1722 = DIRECTION('',(1.,0.,-0.));
#1723 = DEFINITIONAL_REPRESENTATION('',(#1724),#1728);
#1724 = LINE('',#1725,#1726);
#1725 = CARTESIAN_POINT('',(-0.,0.));
#1726 = VECTOR('',#1727,1.);
#1727 = DIRECTION('',(-0.,1.));
#1728 = ( GEOMETRIC_REPRESENTATION_CONTEXT(2) 
PARAMETRIC_REPRESENTATION_CONTEXT() REPRESENTATION_CONTEXT('2D SPACE',''
  ) );
#1729 = ORIENTED_EDGE('',*,*,#1730,.F.);
#1730 = EDGE_CURVE('',#1731,#1703,#1733,.T.);
#1731 = VERTEX_POINT('',#1732);
#1732 = CARTESIAN_POINT('',(44.180857784396,13.599934895833,1.4));
#1733 = SURFACE_CURVE('',#1734,(#1738,#1745),.PCURVE_S1.);
#1734 = LINE('',#1735,#1736);
#1735 = CARTESIAN_POINT('',(44.180857784396,13.599934895833,0.));
#1736 = VECTOR('',#1737,1.);
#1737 = DIRECTION('',(0.,0.,1.));
#1738 = PCURVE('',#1660,#1739);
#1739 = DEFINITIONAL_REPRESENTATION('',(#1740),#1744);
#1740 = LINE('',#1741,#1742);
#1741 = CARTESIAN_POINT('',(3.,0.));
#1742 = VECTOR('',#1743,1.);
#1743 = DIRECTION('',(0.,-1.));
#1744 = ( GEOMETRIC_REPRESENTATION_CONTEXT(2) 
PARAMETRIC_REPRESENTATION_CONTEXT() REPRESENTATION_CONTEXT('2D SPACE',''
  ) );
#1745 = PCURVE('',#1746,#1754);
#1746 = SURFACE_OF_LINEAR_EXTRUSION('',#1747,#1752);
#1747 = B_SPLINE_CURVE_WITH_KNOTS('',3,(#1748,#1749,#1750,#1751),
  .UNSPECIFIED.,.F.,.F.,(4,4),(0.,1.),.PIECEWISE_BEZIER_KNOTS.);
#1748 = CARTESIAN_POINT('',(44.180857784396,13.599934895833,0.));
#1749 = CARTESIAN_POINT('',(44.180857784396,28.800130208333,0.));
#1750 = CARTESIAN_POINT('',(33.280792680229,36.400065104167,0.));
#1751 = CARTESIAN_POINT('',(18.280792680229,36.400065104167,0.));
#1752 = VECTOR('',#1753,1.);
#1753 = DIRECTION('',(-0.,-0.,-1.));
#1754 = DEFINITIONAL_REPRESENTATION('',(#1755),#1759);
#1755 = LINE('',#1756,#1757);
#1756 = CARTESIAN_POINT('',(0.,0.));
#1757 = VECTOR('',#1758,1.);
#1758 = DIRECTION('',(0.,-1.));
#1759 = ( GEOMETRIC_REPRESENTATION_CONTEXT(2) 
PARAMETRIC_REPRESENTATION_CONTEXT() REPRESENTATION_CONTEXT('2D SPACE',''
  ) );
#1760 = ORIENTED_EDGE('',*,*,#1761,.F.);
#1761 = EDGE_CURVE('',#1645,#1731,#1762,.T.);
#1762 = SURFACE_CURVE('',#1763,(#1767,#1774),.PCURVE_S1.);
#1763 = LINE('',#1764,#1765);
#1764 = CARTESIAN_POINT('',(44.180857784396,10.599934895833,1.4));
#1765 = VECTOR('',#1766,1.);
#1766 = DIRECTION('',(0.,1.,0.));
#1767 = PCURVE('',#1660,#1768);
#1768 = DEFINITIONAL_REPRESENTATION('',(#1769),#1773);
#1769 = LINE('',#1770,#1771);
#1770 = CARTESIAN_POINT('',(0.,-1.4));
#1771 = VECTOR('',#1772,1.);
#1772 = DIRECTION('',(1.,0.));
#1773 = ( GEOMETRIC_REPRESENTATION_CONTEXT(2) 
PARAMETRIC_REPRESENTATION_CONTEXT() REPRESENTATION_CONTEXT('2D SPACE',''
  ) );
#1774 = PCURVE('',#1775,#1780);
#1775 = CYLINDRICAL_SURFACE('',#1776,1.4);
#1776 = AXIS2_PLACEMENT_3D('',#1777,#1778,#1779);
#1777 = CARTESIAN_POINT('',(42.780857784396,10.599934895833,1.4));
#1778 = DIRECTION('',(0.,1.,0.));
#1779 = DIRECTION('',(1.,0.,-0.));
#1780 = DEFINITIONAL_REPRESENTATION('',(#1781),#1785);
#1781 = LINE('',#1782,#1783);
#1782 = CARTESIAN_POINT('',(0.,0.));
#1783 = VECTOR('',#1784,1.);
#1784 = DIRECTION('',(0.,1.));
#1785 = ( GEOMETRIC_REPRESENTATION_CONTEXT(2) 
PARAMETRIC_REPRESENTATION_CONTEXT() REPRESENTATION_CONTEXT('2D SPACE',''
  ) );
#1786 = ADVANCED_FACE('',(#1787),#1746,.F.);
#1787 = FACE_BOUND('',#1788,.F.);
#1788 = EDGE_LOOP('',(#1789,#1790,#1882,#1913));
#1789 = ORIENTED_EDGE('',*,*,#1730,.T.);
#1790 = ORIENTED_EDGE('',*,*,#1791,.T.);
#1791 = EDGE_CURVE('',#1703,#1792,#1794,.T.);
#1792 = VERTEX_POINT('',#1793);
#1793 = CARTESIAN_POINT('',(18.280792680229,36.400065104167,20.6));
#1794 = SURFACE_CURVE('',#1795,(#1810,#1832),.PCURVE_S1.);
#1795 = ( BOUNDED_CURVE() B_SPLINE_CURVE(13,(#1796,#1797,#1798,#1799,
    #1800,#1801,#1802,#1803,#1804,#1805,#1806,#1807,#1808,#1809),
.UNSPECIFIED.,.F.,.F.) B_SPLINE_CURVE_WITH_KNOTS((14,14),(3.,
39.500933407385),.PIECEWISE_BEZIER_KNOTS.) CURVE() 
GEOMETRIC_REPRESENTATION_ITEM() RATIONAL_B_SPLINE_CURVE((1.,1.,1.,
    0.999999999999,1.000000000002,0.999999999997,1.000000000004,
    0.999999999996,1.000000000003,0.999999999998,1.000000000001,1.,1.,1.
)) REPRESENTATION_ITEM('') );
#1796 = CARTESIAN_POINT('',(44.180857784396,13.599934895833,20.6));
#1797 = CARTESIAN_POINT('',(44.180857784396,17.10710589199,20.6));
#1798 = CARTESIAN_POINT('',(43.761889744062,20.321503642544,20.6));
#1799 = CARTESIAN_POINT('',(42.946531245994,23.24290972937,20.6));
#1800 = CARTESIAN_POINT('',(41.766444349638,25.87251763021,20.6));
#1801 = CARTESIAN_POINT('',(40.21875912477,28.215096455604,20.6));
#1802 = CARTESIAN_POINT('',(38.388725958181,30.268283067337,20.6));
#1803 = CARTESIAN_POINT('',(36.167432598008,32.107180906397,20.6));
#1804 = CARTESIAN_POINT('',(33.646690183834,33.577894613104,20.6));
#1805 = CARTESIAN_POINT('',(30.852253834319,34.765594888082,20.6));
#1806 = CARTESIAN_POINT('',(27.842887324379,35.613035260034,20.6));
#1807 = CARTESIAN_POINT('',(24.689663269238,36.151423191723,20.6));
#1808 = CARTESIAN_POINT('',(21.474070586001,36.400065104166,20.6));
#1809 = CARTESIAN_POINT('',(18.280792680229,36.400065104167,20.6));
#1810 = PCURVE('',#1746,#1811);
#1811 = DEFINITIONAL_REPRESENTATION('',(#1812),#1831);
#1812 = B_SPLINE_CURVE_WITH_KNOTS('',9,(#1813,#1814,#1815,#1816,#1817,
    #1818,#1819,#1820,#1821,#1822,#1823,#1824,#1825,#1826,#1827,#1828,
    #1829,#1830),.UNSPECIFIED.,.F.,.F.,(10,8,10),(3.,21.250466703692,
    39.500933407385),.UNSPECIFIED.);
#1813 = CARTESIAN_POINT('',(1.665334536938E-16,-20.6));
#1814 = CARTESIAN_POINT('',(5.554658516953E-02,-20.6));
#1815 = CARTESIAN_POINT('',(0.111086895346,-20.6));
#1816 = CARTESIAN_POINT('',(0.16661494516,-20.6));
#1817 = CARTESIAN_POINT('',(0.222150298496,-20.59999999999));
#1818 = CARTESIAN_POINT('',(0.277680147775,-20.6));
#1819 = CARTESIAN_POINT('',(0.333370879488,-20.59999999999));
#1820 = CARTESIAN_POINT('',(0.389369886463,-20.6));
#1821 = CARTESIAN_POINT('',(0.445675546101,-20.59999999999));
#1822 = CARTESIAN_POINT('',(0.558707352708,-20.6));
#1823 = CARTESIAN_POINT('',(0.615432863139,-20.59999999999));
#1824 = CARTESIAN_POINT('',(0.672271569052,-20.6));
#1825 = CARTESIAN_POINT('',(0.729011770992,-20.59999999999));
#1826 = CARTESIAN_POINT('',(0.785365447102,-20.6));
#1827 = CARTESIAN_POINT('',(0.841016719289,-20.59999999999));
#1828 = CARTESIAN_POINT('',(0.895616292363,-20.6));
#1829 = CARTESIAN_POINT('',(0.948749860772,-20.6));
#1830 = CARTESIAN_POINT('',(1.,-20.6));
#1831 = ( GEOMETRIC_REPRESENTATION_CONTEXT(2) 
PARAMETRIC_REPRESENTATION_CONTEXT() REPRESENTATION_CONTEXT('2D SPACE',''
  ) );
#1832 = PCURVE('',#1833,#1876);
#1833 = ( BOUNDED_SURFACE() B_SPLINE_SURFACE(2,13,(
    (#1834,#1835,#1836,#1837,#1838,#1839,#1840,#1841,#1842,#1843,#1844
      ,#1845,#1846,#1847)
    ,(#1848,#1849,#1850,#1851,#1852,#1853,#1854,#1855,#1856,#1857,#1858
      ,#1859,#1860,#1861)
    ,(#1862,#1863,#1864,#1865,#1866,#1867,#1868,#1869,#1870,#1871,#1872
      ,#1873,#1874,#1875
)),.UNSPECIFIED.,.F.,.F.,.F.) B_SPLINE_SURFACE_WITH_KNOTS((3,3),(14,14),
  (0.,36.500933407385),(3.,39.500933407385),.PIECEWISE_BEZIER_KNOTS.) 
GEOMETRIC_REPRESENTATION_ITEM() RATIONAL_B_SPLINE_SURFACE((
    (1.,1.,1.,0.999999999999,1.000000000002,0.999999999997
      ,1.000000000004,0.999999999996,1.000000000003,0.999999999998
      ,1.000000000001,1.,1.,1.)
    ,(0.707106781187,0.707106781187,0.707106781187,0.707106781186
      ,0.707106781187,0.707106781185,0.707106781188,0.707106781185
      ,0.707106781188,0.707106781186,0.707106781187,0.707106781186
      ,0.707106781187,0.707106781187)
    ,(1.,1.,1.,0.999999999999,1.000000000002,0.999999999997
      ,1.000000000004,0.999999999996,1.000000000003,0.999999999998
,1.000000000001,1.,1.,1.))) REPRESENTATION_ITEM('') SURFACE() );
#1834 = CARTESIAN_POINT('',(44.180857784396,13.599934895833,20.6));
#1835 = CARTESIAN_POINT('',(44.180857784396,17.10710589199,20.6));
#1836 = CARTESIAN_POINT('',(43.761889744062,20.321503642544,20.6));
#1837 = CARTESIAN_POINT('',(42.946531245994,23.24290972937,20.6));
#1838 = CARTESIAN_POINT('',(41.766444349638,25.87251763021,20.6));
#1839 = CARTESIAN_POINT('',(40.21875912477,28.215096455604,20.6));
#1840 = CARTESIAN_POINT('',(38.388725958181,30.268283067337,20.6));
#1841 = CARTESIAN_POINT('',(36.167432598008,32.107180906397,20.6));
#1842 = CARTESIAN_POINT('',(33.646690183834,33.577894613104,20.6));
#1843 = CARTESIAN_POINT('',(30.852253834319,34.765594888082,20.6));
#1844 = CARTESIAN_POINT('',(27.842887324379,35.613035260034,20.6));
#1845 = CARTESIAN_POINT('',(24.689663269238,36.151423191723,20.6));
#1846 = CARTESIAN_POINT('',(21.474070586001,36.400065104166,20.6));
#1847 = CARTESIAN_POINT('',(18.280792680229,36.400065104167,20.6));
#1848 = CARTESIAN_POINT('',(44.180857784396,13.599934895833,22.));
#1849 = CARTESIAN_POINT('',(44.180857784396,17.10710589199,22.));
#1850 = CARTESIAN_POINT('',(43.761889744062,20.321503642545,22.));
#1851 = CARTESIAN_POINT('',(42.946531245993,23.242909729365,22.));
#1852 = CARTESIAN_POINT('',(41.766444349639,25.872517630222,22.));
#1853 = CARTESIAN_POINT('',(40.218759124769,28.215096455581,
    22.000000000001));
#1854 = CARTESIAN_POINT('',(38.388725958181,30.26828306737,
    21.999999999999));
#1855 = CARTESIAN_POINT('',(36.16743259801,32.10718090636,
    22.000000000002));
#1856 = CARTESIAN_POINT('',(33.646690183831,33.577894613135,
    21.999999999999));
#1857 = CARTESIAN_POINT('',(30.852253834322,34.765594888062,
    22.000000000001));
#1858 = CARTESIAN_POINT('',(27.842887324377,35.613035260043,
    21.999999999999));
#1859 = CARTESIAN_POINT('',(24.689663269239,36.15142319172,22.));
#1860 = CARTESIAN_POINT('',(21.474070586,36.400065104166,22.));
#1861 = CARTESIAN_POINT('',(18.280792680229,36.400065104167,22.));
#1862 = CARTESIAN_POINT('',(42.780857784396,13.599934895833,22.));
#1863 = CARTESIAN_POINT('',(42.780857784396,16.952631203538,22.));
#1864 = CARTESIAN_POINT('',(42.380474587915,19.994788494453,22.));
#1865 = CARTESIAN_POINT('',(41.607953571108,22.727174460647,22.));
#1866 = CARTESIAN_POINT('',(40.510125519873,25.154727138724,22.));
#1867 = CARTESIAN_POINT('',(39.069595568815,27.302263194027,22.));
#1868 = CARTESIAN_POINT('',(37.42560554305,29.161127150372,22.));
#1869 = CARTESIAN_POINT('',(35.373276368147,30.918523159209,22.));
#1870 = CARTESIAN_POINT('',(33.008674927983,32.290067820266,22.));
#1871 = CARTESIAN_POINT('',(30.364185257466,33.434466067769,22.));
#1872 = CARTESIAN_POINT('',(27.486089415813,34.244089299858,22.));
#1873 = CARTESIAN_POINT('',(24.455986571222,34.762124549393,22.));
#1874 = CARTESIAN_POINT('',(21.357013925582,34.999955406109,22.));
#1875 = CARTESIAN_POINT('',(18.280792680229,35.000065712128,22.));
#1876 = DEFINITIONAL_REPRESENTATION('',(#1877),#1881);
#1877 = LINE('',#1878,#1879);
#1878 = CARTESIAN_POINT('',(0.,0.));
#1879 = VECTOR('',#1880,1.);
#1880 = DIRECTION('',(0.,1.));
#1881 = ( GEOMETRIC_REPRESENTATION_CONTEXT(2) 
PARAMETRIC_REPRESENTATION_CONTEXT() REPRESENTATION_CONTEXT('2D SPACE',''
  ) );
#1882 = ORIENTED_EDGE('',*,*,#1883,.F.);
#1883 = EDGE_CURVE('',#1884,#1792,#1886,.T.);
#1884 = VERTEX_POINT('',#1885);
#1885 = CARTESIAN_POINT('',(18.280792680229,36.400065104167,1.4));
#1886 = SURFACE_CURVE('',#1887,(#1891,#1898),.PCURVE_S1.);
#1887 = LINE('',#1888,#1889);
#1888 = CARTESIAN_POINT('',(18.280792680229,36.400065104167,0.));
#1889 = VECTOR('',#1890,1.);
#1890 = DIRECTION('',(0.,0.,1.));
#1891 = PCURVE('',#1746,#1892);
#1892 = DEFINITIONAL_REPRESENTATION('',(#1893),#1897);
#1893 = LINE('',#1894,#1895);
#1894 = CARTESIAN_POINT('',(1.,0.));
#1895 = VECTOR('',#1896,1.);
#1896 = DIRECTION('',(0.,-1.));
#1897 = ( GEOMETRIC_REPRESENTATION_CONTEXT(2) 
PARAMETRIC_REPRESENTATION_CONTEXT() REPRESENTATION_CONTEXT('2D SPACE',''
  ) );
#1898 = PCURVE('',#1899,#1907);
#1899 = SURFACE_OF_LINEAR_EXTRUSION('',#1900,#1905);
#1900 = B_SPLINE_CURVE_WITH_KNOTS('',3,(#1901,#1902,#1903,#1904),
  .UNSPECIFIED.,.F.,.F.,(4,4),(0.,1.),.PIECEWISE_BEZIER_KNOTS.);
#1901 = CARTESIAN_POINT('',(18.280792680229,36.400065104167,0.));
#1902 = CARTESIAN_POINT('',(3.280792680229,36.400065104167,0.));
#1903 = CARTESIAN_POINT('',(-6.419077111437,28.800130208333,0.));
#1904 = CARTESIAN_POINT('',(-6.419077111437,16.,0.));
#1905 = VECTOR('',#1906,1.);
#1906 = DIRECTION('',(-0.,-0.,-1.));
#1907 = DEFINITIONAL_REPRESENTATION('',(#1908),#1912);
#1908 = LINE('',#1909,#1910);
#1909 = CARTESIAN_POINT('',(0.,0.));
#1910 = VECTOR('',#1911,1.);
#1911 = DIRECTION('',(0.,-1.));
#1912 = ( GEOMETRIC_REPRESENTATION_CONTEXT(2) 
PARAMETRIC_REPRESENTATION_CONTEXT() REPRESENTATION_CONTEXT('2D SPACE',''
  ) );
#1913 = ORIENTED_EDGE('',*,*,#1914,.F.);
#1914 = EDGE_CURVE('',#1731,#1884,#1915,.T.);
#1915 = SURFACE_CURVE('',#1916,(#1931,#1953),.PCURVE_S1.);
#1916 = ( BOUNDED_CURVE() B_SPLINE_CURVE(13,(#1917,#1918,#1919,#1920,
    #1921,#1922,#1923,#1924,#1925,#1926,#1927,#1928,#1929,#1930),
.UNSPECIFIED.,.F.,.F.) B_SPLINE_CURVE_WITH_KNOTS((14,14),(3.,
39.500933407385),.PIECEWISE_BEZIER_KNOTS.) CURVE() 
GEOMETRIC_REPRESENTATION_ITEM() RATIONAL_B_SPLINE_CURVE((1.,1.,1.,
    0.999999999999,1.000000000002,0.999999999997,1.000000000004,
    0.999999999996,1.000000000003,0.999999999998,1.000000000001,1.,1.,1.
)) REPRESENTATION_ITEM('') );
#1917 = CARTESIAN_POINT('',(44.180857784396,13.599934895833,1.4));
#1918 = CARTESIAN_POINT('',(44.180857784396,17.10710589199,1.4));
#1919 = CARTESIAN_POINT('',(43.761889744062,20.321503642544,1.4));
#1920 = CARTESIAN_POINT('',(42.946531245994,23.24290972937,
    1.400000000001));
#1921 = CARTESIAN_POINT('',(41.766444349638,25.87251763021,
    1.399999999998));
#1922 = CARTESIAN_POINT('',(40.21875912477,28.215096455604,
    1.400000000002));
#1923 = CARTESIAN_POINT('',(38.388725958181,30.268283067337,
    1.399999999997));
#1924 = CARTESIAN_POINT('',(36.167432598008,32.107180906397,
    1.400000000003));
#1925 = CARTESIAN_POINT('',(33.646690183834,33.577894613104,
    1.399999999997));
#1926 = CARTESIAN_POINT('',(30.852253834319,34.765594888082,
    1.400000000002));
#1927 = CARTESIAN_POINT('',(27.842887324379,35.613035260034,
    1.399999999999));
#1928 = CARTESIAN_POINT('',(24.689663269238,36.151423191723,1.4));
#1929 = CARTESIAN_POINT('',(21.474070586001,36.400065104166,1.4));
#1930 = CARTESIAN_POINT('',(18.280792680229,36.400065104167,1.4));
#1931 = PCURVE('',#1746,#1932);
#1932 = DEFINITIONAL_REPRESENTATION('',(#1933),#1952);
#1933 = B_SPLINE_CURVE_WITH_KNOTS('',9,(#1934,#1935,#1936,#1937,#1938,
    #1939,#1940,#1941,#1942,#1943,#1944,#1945,#1946,#1947,#1948,#1949,
    #1950,#1951),.UNSPECIFIED.,.F.,.F.,(10,8,10),(3.,21.250466703692,
    39.500933407385),.UNSPECIFIED.);
#1934 = CARTESIAN_POINT('',(1.665334536938E-16,-1.4));
#1935 = CARTESIAN_POINT('',(5.554658516953E-02,-1.4));
#1936 = CARTESIAN_POINT('',(0.111086895346,-1.4));
#1937 = CARTESIAN_POINT('',(0.16661494516,-1.4));
#1938 = CARTESIAN_POINT('',(0.222150298496,-1.4));
#1939 = CARTESIAN_POINT('',(0.277680147775,-1.4));
#1940 = CARTESIAN_POINT('',(0.333370879488,-1.4));
#1941 = CARTESIAN_POINT('',(0.389369886463,-1.4));
#1942 = CARTESIAN_POINT('',(0.445675546101,-1.4));
#1943 = CARTESIAN_POINT('',(0.558707352708,-1.4));
#1944 = CARTESIAN_POINT('',(0.615432863139,-1.4));
#1945 = CARTESIAN_POINT('',(0.672271569052,-1.4));
#1946 = CARTESIAN_POINT('',(0.729011770992,-1.4));
#1947 = CARTESIAN_POINT('',(0.785365447102,-1.4));
#1948 = CARTESIAN_POINT('',(0.841016719289,-1.4));
#1949 = CARTESIAN_POINT('',(0.895616292363,-1.4));
#1950 = CARTESIAN_POINT('',(0.948749860772,-1.4));
#1951 = CARTESIAN_POINT('',(1.,-1.4));
#1952 = ( GEOMETRIC_REPRESENTATION_CONTEXT(2) 
PARAMETRIC_REPRESENTATION_CONTEXT() REPRESENTATION_CONTEXT('2D SPACE',''
  ) );
#1953 = PCURVE('',#1954,#1997);
#1954 = ( BOUNDED_SURFACE() B_SPLINE_SURFACE(2,13,(
    (#1955,#1956,#1957,#1958,#1959,#1960,#1961,#1962,#1963,#1964,#1965
      ,#1966,#1967,#1968)
    ,(#1969,#1970,#1971,#1972,#1973,#1974,#1975,#1976,#1977,#1978,#1979
      ,#1980,#1981,#1982)
    ,(#1983,#1984,#1985,#1986,#1987,#1988,#1989,#1990,#1991,#1992,#1993
      ,#1994,#1995,#1996
)),.UNSPECIFIED.,.F.,.F.,.F.) B_SPLINE_SURFACE_WITH_KNOTS((3,3),(14,14),
  (0.,36.500933407385),(3.,39.500933407385),.PIECEWISE_BEZIER_KNOTS.) 
GEOMETRIC_REPRESENTATION_ITEM() RATIONAL_B_SPLINE_SURFACE((
    (1.,1.,1.,0.999999999999,1.000000000002,0.999999999997
      ,1.000000000004,0.999999999996,1.000000000003,0.999999999998
      ,1.000000000001,1.,1.,1.)
    ,(0.707106781187,0.707106781187,0.707106781187,0.707106781186
      ,0.707106781187,0.707106781185,0.707106781188,0.707106781185
      ,0.707106781188,0.707106781186,0.707106781187,0.707106781186
      ,0.707106781187,0.707106781187)
    ,(1.,1.,1.,0.999999999999,1.000000000002,0.999999999997
      ,1.000000000004,0.999999999996,1.000000000003,0.999999999998
,1.000000000001,1.,1.,1.))) REPRESENTATION_ITEM('') SURFACE() );
#1955 = CARTESIAN_POINT('',(44.180857784396,13.599934895833,1.4));
#1956 = CARTESIAN_POINT('',(44.180857784396,17.10710589199,1.4));
#1957 = CARTESIAN_POINT('',(43.761889744062,20.321503642544,1.4));
#1958 = CARTESIAN_POINT('',(42.946531245994,23.24290972937,
    1.400000000001));
#1959 = CARTESIAN_POINT('',(41.766444349638,25.87251763021,
    1.399999999998));
#1960 = CARTESIAN_POINT('',(40.21875912477,28.215096455604,
    1.400000000002));
#1961 = CARTESIAN_POINT('',(38.388725958181,30.268283067337,
    1.399999999997));
#1962 = CARTESIAN_POINT('',(36.167432598008,32.107180906397,
    1.400000000003));
#1963 = CARTESIAN_POINT('',(33.646690183834,33.577894613104,
    1.399999999997));
#1964 = CARTESIAN_POINT('',(30.852253834319,34.765594888082,
    1.400000000002));
#1965 = CARTESIAN_POINT('',(27.842887324379,35.613035260034,
    1.399999999999));
#1966 = CARTESIAN_POINT('',(24.689663269238,36.151423191723,1.4));
#1967 = CARTESIAN_POINT('',(21.474070586001,36.400065104166,1.4));
#1968 = CARTESIAN_POINT('',(18.280792680229,36.400065104167,1.4));
#1969 = CARTESIAN_POINT('',(44.180857784396,13.599934895833,
    2.22044604925E-16));
#1970 = CARTESIAN_POINT('',(44.180857784396,17.10710589199,
    -3.275157922644E-14));
#1971 = CARTESIAN_POINT('',(43.761889744062,20.321503642545,
    1.503241975342E-13));
#1972 = CARTESIAN_POINT('',(42.946531245993,23.242909729365,
    -4.181099910738E-13));
#1973 = CARTESIAN_POINT('',(41.766444349639,25.872517630222,
    8.598677325722E-13));
#1974 = CARTESIAN_POINT('',(40.218759124769,28.215096455581,
    -1.39133149446E-12));
#1975 = CARTESIAN_POINT('',(38.388725958181,30.26828306737,
    1.82776016544E-12));
#1976 = CARTESIAN_POINT('',(36.16743259801,32.10718090636,
    -1.960542839186E-12));
#1977 = CARTESIAN_POINT('',(33.646690183831,33.577894613135,
    1.706079721941E-12));
#1978 = CARTESIAN_POINT('',(30.852253834322,34.765594888062,
    -1.178390718337E-12));
#1979 = CARTESIAN_POINT('',(27.842887324377,35.613035260043,
    6.261657858886E-13));
#1980 = CARTESIAN_POINT('',(24.689663269239,36.15142319172,
    -2.394751064116E-13));
#1981 = CARTESIAN_POINT('',(21.474070586,36.400065104166,
    5.417888360171E-14));
#1982 = CARTESIAN_POINT('',(18.280792680229,36.400065104167,
    2.22044604925E-16));
#1983 = CARTESIAN_POINT('',(42.780857784396,13.599934895833,0.));
#1984 = CARTESIAN_POINT('',(42.780857784396,16.952631203538,
    -2.886579864025E-15));
#1985 = CARTESIAN_POINT('',(42.380474587915,19.994788494453,
    1.665334536938E-14));
#1986 = CARTESIAN_POINT('',(41.607953571108,22.727174460647,
    -5.639932965096E-14));
#1987 = CARTESIAN_POINT('',(40.510125519873,25.154727138724,
    1.404432126151E-13));
#1988 = CARTESIAN_POINT('',(39.069595568815,27.302263194027,
    -2.672306820273E-13));
#1989 = CARTESIAN_POINT('',(37.42560554305,29.161127150372,
    3.963496197912E-13));
#1990 = CARTESIAN_POINT('',(35.373276368147,30.918523159209,
    -4.610756221268E-13));
#1991 = CARTESIAN_POINT('',(33.008674927983,32.290067820266,
    4.178879464689E-13));
#1992 = CARTESIAN_POINT('',(30.364185257466,33.434466067769,
    -2.901012763346E-13));
#1993 = CARTESIAN_POINT('',(27.486089415813,34.244089299858,
    1.491029522072E-13));
#1994 = CARTESIAN_POINT('',(24.455986571222,34.762124549393,
    -5.384581669432E-14));
#1995 = CARTESIAN_POINT('',(21.357013925582,34.999955406109,
    1.176836406103E-14));
#1996 = CARTESIAN_POINT('',(18.280792680229,35.000065712128,0.));
#1997 = DEFINITIONAL_REPRESENTATION('',(#1998),#2002);
#1998 = LINE('',#1999,#2000);
#1999 = CARTESIAN_POINT('',(0.,0.));
#2000 = VECTOR('',#2001,1.);
#2001 = DIRECTION('',(0.,1.));
#2002 = ( GEOMETRIC_REPRESENTATION_CONTEXT(2) 
PARAMETRIC_REPRESENTATION_CONTEXT() REPRESENTATION_CONTEXT('2D SPACE',''
  ) );
#2003 = ADVANCED_FACE('',(#2004),#1899,.F.);
#2004 = FACE_BOUND('',#2005,.F.);
#2005 = EDGE_LOOP('',(#2006,#2098,#2099,#2191,#2222,#2268,#2353));
#2006 = ORIENTED_EDGE('',*,*,#2007,.F.);
#2007 = EDGE_CURVE('',#1884,#2008,#2010,.T.);
#2008 = VERTEX_POINT('',#2009);
#2009 = CARTESIAN_POINT('',(-2.831248802737,27.719986959167,1.4));
#2010 = SURFACE_CURVE('',#2011,(#2026,#2048),.PCURVE_S1.);
#2011 = ( BOUNDED_CURVE() B_SPLINE_CURVE(13,(#2012,#2013,#2014,#2015,
    #2016,#2017,#2018,#2019,#2020,#2021,#2022,#2023,#2024,#2025),
.UNSPECIFIED.,.F.,.F.) B_SPLINE_CURVE_WITH_KNOTS((14,14),(
39.500933407385,75.946549249947),.PIECEWISE_BEZIER_KNOTS.) CURVE() 
GEOMETRIC_REPRESENTATION_ITEM() RATIONAL_B_SPLINE_CURVE((1.,1.,1.,
    0.999999999999,1.000000000002,0.999999999997,1.000000000004,
    0.999999999996,1.000000000003,0.999999999998,1.000000000001,1.,1.,1.
)) REPRESENTATION_ITEM('') );
#2012 = CARTESIAN_POINT('',(18.280792680229,36.400065104167,1.4));
#2013 = CARTESIAN_POINT('',(15.092354222141,36.400065104167,1.4));
#2014 = CARTESIAN_POINT('',(11.926178279043,36.151836003049,1.4));
#2015 = CARTESIAN_POINT('',(8.858455355069,35.625968441343,1.4));
#2016 = CARTESIAN_POINT('',(5.960591266504,34.792265283066,
    1.400000000001));
#2017 = CARTESIAN_POINT('',(3.304294625779,33.690087054976,
    1.399999999999));
#2018 = CARTESIAN_POINT('',(0.879767354658,32.233705397489,
    1.400000000002));
#2019 = CARTESIAN_POINT('',(-1.162670042674,30.591817311007,
    1.399999999998));
#2020 = CARTESIAN_POINT('',(-3.052553030689,28.598048174737,
    1.400000000002));
#2021 = CARTESIAN_POINT('',(-4.46429595593,26.306849599715,
    1.399999999999));
#2022 = CARTESIAN_POINT('',(-5.505371330672,23.821409009365,
    1.400000000001));
#2023 = CARTESIAN_POINT('',(-6.136034133022,21.206390078543,1.4));
#2024 = CARTESIAN_POINT('',(-6.419077111436,18.571930579403,1.4));
#2025 = CARTESIAN_POINT('',(-6.419077111437,16.,1.4));
#2026 = PCURVE('',#1899,#2027);
#2027 = DEFINITIONAL_REPRESENTATION('',(#2028),#2047);
#2028 = B_SPLINE_CURVE_WITH_KNOTS('',9,(#2029,#2030,#2031,#2032,#2033,
    #2034,#2035,#2036,#2037,#2038,#2039,#2040,#2041,#2042,#2043,#2044,
    #2045,#2046),.UNSPECIFIED.,.F.,.F.,(10,8,10),(39.500933407385,
    57.723741328666,75.946549249947),.UNSPECIFIED.);
#2029 = CARTESIAN_POINT('',(1.665334536938E-16,-1.4));
#2030 = CARTESIAN_POINT('',(5.117246908042E-02,-1.4));
#2031 = CARTESIAN_POINT('',(0.104158782547,-1.4));
#2032 = CARTESIAN_POINT('',(0.158606986361,-1.4));
#2033 = CARTESIAN_POINT('',(0.214151181457,-1.4));
#2034 = CARTESIAN_POINT('',(0.270476791988,-1.4));
#2035 = CARTESIAN_POINT('',(0.327351567138,-1.4));
#2036 = CARTESIAN_POINT('',(0.384655244114,-1.4));
#2037 = CARTESIAN_POINT('',(0.442355581345,-1.4));
#2038 = CARTESIAN_POINT('',(0.558230923472,-1.4));
#2039 = CARTESIAN_POINT('',(0.616406607362,-1.4));
#2040 = CARTESIAN_POINT('',(0.67466878359,-1.4));
#2041 = CARTESIAN_POINT('',(0.732758135355,-1.4));
#2042 = CARTESIAN_POINT('',(0.790219980158,-1.4));
#2043 = CARTESIAN_POINT('',(0.846213204571,-1.4));
#2044 = CARTESIAN_POINT('',(0.900234522303,-1.4));
#2045 = CARTESIAN_POINT('',(0.951627955127,-1.4));
#2046 = CARTESIAN_POINT('',(1.,-1.4));
#2047 = ( GEOMETRIC_REPRESENTATION_CONTEXT(2) 
PARAMETRIC_REPRESENTATION_CONTEXT() REPRESENTATION_CONTEXT('2D SPACE',''
  ) );
#2048 = PCURVE('',#2049,#2092);
#2049 = ( BOUNDED_SURFACE() B_SPLINE_SURFACE(2,13,(
    (#2050,#2051,#2052,#2053,#2054,#2055,#2056,#2057,#2058,#2059,#2060
      ,#2061,#2062,#2063)
    ,(#2064,#2065,#2066,#2067,#2068,#2069,#2070,#2071,#2072,#2073,#2074
      ,#2075,#2076,#2077)
    ,(#2078,#2079,#2080,#2081,#2082,#2083,#2084,#2085,#2086,#2087,#2088
      ,#2089,#2090,#2091
)),.UNSPECIFIED.,.F.,.F.,.F.) B_SPLINE_SURFACE_WITH_KNOTS((3,3),(14,14),
  (0.,36.445615842562),(39.500933407385,75.946549249947),
.PIECEWISE_BEZIER_KNOTS.) GEOMETRIC_REPRESENTATION_ITEM() 
RATIONAL_B_SPLINE_SURFACE((
    (1.,1.,1.,0.999999999999,1.000000000002,0.999999999997
      ,1.000000000004,0.999999999996,1.000000000003,0.999999999998
      ,1.000000000001,1.,1.,1.)
    ,(0.707106781187,0.707106781187,0.707106781187,0.707106781186
      ,0.707106781187,0.707106781185,0.707106781188,0.707106781185
      ,0.707106781187,0.707106781186,0.707106781187,0.707106781186
      ,0.707106781187,0.707106781187)
    ,(1.,1.,1.,0.999999999999,1.000000000002,0.999999999997
      ,1.000000000004,0.999999999996,1.000000000003,0.999999999998
,1.000000000001,1.,1.,1.))) REPRESENTATION_ITEM('') SURFACE() );
#2050 = CARTESIAN_POINT('',(18.280792680229,36.400065104167,1.4));
#2051 = CARTESIAN_POINT('',(15.092354222141,36.400065104167,1.4));
#2052 = CARTESIAN_POINT('',(11.926178279043,36.151836003049,1.4));
#2053 = CARTESIAN_POINT('',(8.858455355069,35.625968441343,1.4));
#2054 = CARTESIAN_POINT('',(5.960591266504,34.792265283066,
    1.400000000001));
#2055 = CARTESIAN_POINT('',(3.304294625779,33.690087054976,
    1.399999999999));
#2056 = CARTESIAN_POINT('',(0.879767354658,32.233705397489,
    1.400000000002));
#2057 = CARTESIAN_POINT('',(-1.162670042674,30.591817311007,
    1.399999999998));
#2058 = CARTESIAN_POINT('',(-3.052553030689,28.598048174737,
    1.400000000002));
#2059 = CARTESIAN_POINT('',(-4.46429595593,26.306849599715,
    1.399999999999));
#2060 = CARTESIAN_POINT('',(-5.505371330672,23.821409009365,
    1.400000000001));
#2061 = CARTESIAN_POINT('',(-6.136034133022,21.206390078543,1.4));
#2062 = CARTESIAN_POINT('',(-6.419077111436,18.571930579403,1.4));
#2063 = CARTESIAN_POINT('',(-6.419077111437,16.,1.4));
#2064 = CARTESIAN_POINT('',(18.280792680229,36.400065104167,
    2.22044604925E-16));
#2065 = CARTESIAN_POINT('',(15.092354222141,36.400065104167,
    -1.842970220878E-14));
#2066 = CARTESIAN_POINT('',(11.926178279045,36.15183600305,
    8.337774914935E-14));
#2067 = CARTESIAN_POINT('',(8.858455355066,35.625968441339,
    -2.193800696659E-13));
#2068 = CARTESIAN_POINT('',(5.960591266505,34.792265283073,
    4.284350652028E-13));
#2069 = CARTESIAN_POINT('',(3.304294625784,33.690087054967,
    -6.691314169416E-13));
#2070 = CARTESIAN_POINT('',(0.879767354645,32.233705397499,
    8.659739592076E-13));
#2071 = CARTESIAN_POINT('',(-1.162670042656,30.591817311,
    -9.281464485866E-13));
#2072 = CARTESIAN_POINT('',(-3.052553030707,28.598048174739,
    8.074652058099E-13));
#2073 = CARTESIAN_POINT('',(-4.464295955918,26.306849599717,
    -5.505595979116E-13));
#2074 = CARTESIAN_POINT('',(-5.505371330679,23.821409009363,
    2.839950496991E-13));
#2075 = CARTESIAN_POINT('',(-6.136034133019,21.206390078544,
    -1.040278974074E-13));
#2076 = CARTESIAN_POINT('',(-6.419077111437,18.571930579402,
    2.275957200482E-14));
#2077 = CARTESIAN_POINT('',(-6.419077111437,16.,2.22044604925E-16));
#2078 = CARTESIAN_POINT('',(18.280792680229,35.000065712128,0.));
#2079 = CARTESIAN_POINT('',(15.21184094287,35.000175850976,
    -4.229949723822E-14));
#2080 = CARTESIAN_POINT('',(12.162356349579,34.762802564406,
    1.890709810937E-13));
#2081 = CARTESIAN_POINT('',(9.219673399732,34.258710614299,
    -5.101474798153E-13));
#2082 = CARTESIAN_POINT('',(6.455120004414,33.45892672173,
    1.010413974711E-12));
#2083 = CARTESIAN_POINT('',(3.963323981203,32.415409541177,
    -1.559863349598E-12));
#2084 = CARTESIAN_POINT('',(1.682575524611,31.04173666309,
    1.916355962805E-12));
#2085 = CARTESIAN_POINT('',(-0.148066745781,29.514486328815,
    -1.883715405882E-12));
#2086 = CARTESIAN_POINT('',(-1.906238228976,27.719499009735,
    1.47470924361E-12));
#2087 = CARTESIAN_POINT('',(-3.211308780126,25.595569217299,
    -9.083844787483E-13));
#2088 = CARTESIAN_POINT('',(-4.180564890215,23.291117517314,
    4.297673328324E-13));
#2089 = CARTESIAN_POINT('',(-4.765458425477,20.843641014894,
    -1.478817068801E-13));
#2090 = CARTESIAN_POINT('',(-5.02213627664,18.374201946641,
    3.119726699197E-14));
#2091 = CARTESIAN_POINT('',(-5.019265959943,15.977005649553,0.));
#2092 = DEFINITIONAL_REPRESENTATION('',(#2093),#2097);
#2093 = LINE('',#2094,#2095);
#2094 = CARTESIAN_POINT('',(0.,0.));
#2095 = VECTOR('',#2096,1.);
#2096 = DIRECTION('',(0.,1.));
#2097 = ( GEOMETRIC_REPRESENTATION_CONTEXT(2) 
PARAMETRIC_REPRESENTATION_CONTEXT() REPRESENTATION_CONTEXT('2D SPACE',''
  ) );
#2098 = ORIENTED_EDGE('',*,*,#1883,.T.);
#2099 = ORIENTED_EDGE('',*,*,#2100,.T.);
#2100 = EDGE_CURVE('',#1792,#2101,#2103,.T.);
#2101 = VERTEX_POINT('',#2102);
#2102 = CARTESIAN_POINT('',(-6.419077111437,16.,20.6));
#2103 = SURFACE_CURVE('',#2104,(#2119,#2141),.PCURVE_S1.);
#2104 = ( BOUNDED_CURVE() B_SPLINE_CURVE(13,(#2105,#2106,#2107,#2108,
    #2109,#2110,#2111,#2112,#2113,#2114,#2115,#2116,#2117,#2118),
.UNSPECIFIED.,.F.,.F.) B_SPLINE_CURVE_WITH_KNOTS((14,14),(
39.500933407385,75.946549249947),.PIECEWISE_BEZIER_KNOTS.) CURVE() 
GEOMETRIC_REPRESENTATION_ITEM() RATIONAL_B_SPLINE_CURVE((1.,1.,1.,
    0.999999999999,1.000000000002,0.999999999997,1.000000000004,
    0.999999999996,1.000000000003,0.999999999998,1.000000000001,1.,1.,1.
)) REPRESENTATION_ITEM('') );
#2105 = CARTESIAN_POINT('',(18.280792680229,36.400065104167,20.6));
#2106 = CARTESIAN_POINT('',(15.092354222141,36.400065104167,20.6));
#2107 = CARTESIAN_POINT('',(11.926178279043,36.151836003049,20.6));
#2108 = CARTESIAN_POINT('',(8.858455355069,35.625968441343,20.6));
#2109 = CARTESIAN_POINT('',(5.960591266504,34.792265283066,20.6));
#2110 = CARTESIAN_POINT('',(3.304294625779,33.690087054976,
    20.599999999999));
#2111 = CARTESIAN_POINT('',(0.879767354658,32.233705397489,
    20.600000000001));
#2112 = CARTESIAN_POINT('',(-1.162670042674,30.591817311007,
    20.599999999999));
#2113 = CARTESIAN_POINT('',(-3.052553030689,28.598048174737,
    20.600000000001));
#2114 = CARTESIAN_POINT('',(-4.46429595593,26.306849599715,
    20.599999999999));
#2115 = CARTESIAN_POINT('',(-5.505371330672,23.821409009365,20.6));
#2116 = CARTESIAN_POINT('',(-6.136034133022,21.206390078543,20.6));
#2117 = CARTESIAN_POINT('',(-6.419077111436,18.571930579403,20.6));
#2118 = CARTESIAN_POINT('',(-6.419077111437,16.,20.6));
#2119 = PCURVE('',#1899,#2120);
#2120 = DEFINITIONAL_REPRESENTATION('',(#2121),#2140);
#2121 = B_SPLINE_CURVE_WITH_KNOTS('',9,(#2122,#2123,#2124,#2125,#2126,
    #2127,#2128,#2129,#2130,#2131,#2132,#2133,#2134,#2135,#2136,#2137,
    #2138,#2139),.UNSPECIFIED.,.F.,.F.,(10,8,10),(39.500933407385,
    57.723741328666,75.946549249947),.UNSPECIFIED.);
#2122 = CARTESIAN_POINT('',(1.665334536938E-16,-20.6));
#2123 = CARTESIAN_POINT('',(5.117246908042E-02,-20.59999999999));
#2124 = CARTESIAN_POINT('',(0.104158782547,-20.6));
#2125 = CARTESIAN_POINT('',(0.158606986361,-20.6));
#2126 = CARTESIAN_POINT('',(0.214151181457,-20.59999999999));
#2127 = CARTESIAN_POINT('',(0.270476791988,-20.6));
#2128 = CARTESIAN_POINT('',(0.327351567138,-20.59999999999));
#2129 = CARTESIAN_POINT('',(0.384655244114,-20.6));
#2130 = CARTESIAN_POINT('',(0.442355581345,-20.6));
#2131 = CARTESIAN_POINT('',(0.558230923472,-20.6));
#2132 = CARTESIAN_POINT('',(0.616406607362,-20.6));
#2133 = CARTESIAN_POINT('',(0.67466878359,-20.59999999999));
#2134 = CARTESIAN_POINT('',(0.732758135355,-20.6));
#2135 = CARTESIAN_POINT('',(0.790219980158,-20.59999999999));
#2136 = CARTESIAN_POINT('',(0.846213204571,-20.6));
#2137 = CARTESIAN_POINT('',(0.900234522303,-20.59999999999));
#2138 = CARTESIAN_POINT('',(0.951627955127,-20.6));
#2139 = CARTESIAN_POINT('',(1.,-20.6));
#2140 = ( GEOMETRIC_REPRESENTATION_CONTEXT(2) 
PARAMETRIC_REPRESENTATION_CONTEXT() REPRESENTATION_CONTEXT('2D SPACE',''
  ) );
#2141 = PCURVE('',#2142,#2185);
#2142 = ( BOUNDED_SURFACE() B_SPLINE_SURFACE(2,13,(
    (#2143,#2144,#2145,#2146,#2147,#2148,#2149,#2150,#2151,#2152,#2153
      ,#2154,#2155,#2156)
    ,(#2157,#2158,#2159,#2160,#2161,#2162,#2163,#2164,#2165,#2166,#2167
      ,#2168,#2169,#2170)
    ,(#2171,#2172,#2173,#2174,#2175,#2176,#2177,#2178,#2179,#2180,#2181
      ,#2182,#2183,#2184
)),.UNSPECIFIED.,.F.,.F.,.F.) B_SPLINE_SURFACE_WITH_KNOTS((3,3),(14,14),
  (0.,36.445615842562),(39.500933407385,75.946549249947),
.PIECEWISE_BEZIER_KNOTS.) GEOMETRIC_REPRESENTATION_ITEM() 
RATIONAL_B_SPLINE_SURFACE((
    (1.,1.,1.,0.999999999999,1.000000000002,0.999999999997
      ,1.000000000004,0.999999999996,1.000000000003,0.999999999998
      ,1.000000000001,1.,1.,1.)
    ,(0.707106781187,0.707106781187,0.707106781187,0.707106781186
      ,0.707106781187,0.707106781185,0.707106781188,0.707106781185
      ,0.707106781187,0.707106781186,0.707106781187,0.707106781186
      ,0.707106781187,0.707106781187)
    ,(1.,1.,1.,0.999999999999,1.000000000002,0.999999999997
      ,1.000000000004,0.999999999996,1.000000000003,0.999999999998
,1.000000000001,1.,1.,1.))) REPRESENTATION_ITEM('') SURFACE() );
#2143 = CARTESIAN_POINT('',(18.280792680229,36.400065104167,20.6));
#2144 = CARTESIAN_POINT('',(15.092354222141,36.400065104167,20.6));
#2145 = CARTESIAN_POINT('',(11.926178279043,36.151836003049,20.6));
#2146 = CARTESIAN_POINT('',(8.858455355069,35.625968441343,20.6));
#2147 = CARTESIAN_POINT('',(5.960591266504,34.792265283066,20.6));
#2148 = CARTESIAN_POINT('',(3.304294625779,33.690087054976,
    20.599999999999));
#2149 = CARTESIAN_POINT('',(0.879767354658,32.233705397489,
    20.600000000001));
#2150 = CARTESIAN_POINT('',(-1.162670042674,30.591817311007,
    20.599999999999));
#2151 = CARTESIAN_POINT('',(-3.052553030689,28.598048174737,
    20.600000000001));
#2152 = CARTESIAN_POINT('',(-4.46429595593,26.306849599715,
    20.599999999999));
#2153 = CARTESIAN_POINT('',(-5.505371330672,23.821409009365,20.6));
#2154 = CARTESIAN_POINT('',(-6.136034133022,21.206390078543,20.6));
#2155 = CARTESIAN_POINT('',(-6.419077111436,18.571930579403,20.6));
#2156 = CARTESIAN_POINT('',(-6.419077111437,16.,20.6));
#2157 = CARTESIAN_POINT('',(18.280792680229,36.400065104167,22.));
#2158 = CARTESIAN_POINT('',(15.092354222141,36.400065104167,22.));
#2159 = CARTESIAN_POINT('',(11.926178279045,36.15183600305,22.));
#2160 = CARTESIAN_POINT('',(8.858455355066,35.625968441339,22.));
#2161 = CARTESIAN_POINT('',(5.960591266505,34.792265283073,
    21.999999999999));
#2162 = CARTESIAN_POINT('',(3.304294625784,33.690087054967,
    22.000000000001));
#2163 = CARTESIAN_POINT('',(0.879767354645,32.233705397499,
    21.999999999999));
#2164 = CARTESIAN_POINT('',(-1.162670042656,30.591817311,22.000000000001
    ));
#2165 = CARTESIAN_POINT('',(-3.052553030707,28.598048174739,
    21.999999999999));
#2166 = CARTESIAN_POINT('',(-4.464295955918,26.306849599717,
    22.000000000001));
#2167 = CARTESIAN_POINT('',(-5.505371330679,23.821409009363,22.));
#2168 = CARTESIAN_POINT('',(-6.136034133019,21.206390078544,22.));
#2169 = CARTESIAN_POINT('',(-6.419077111437,18.571930579402,22.));
#2170 = CARTESIAN_POINT('',(-6.419077111437,16.,22.));
#2171 = CARTESIAN_POINT('',(18.280792680229,35.000065712128,22.));
#2172 = CARTESIAN_POINT('',(15.21184094287,35.000175850976,22.));
#2173 = CARTESIAN_POINT('',(12.162356349579,34.762802564406,22.));
#2174 = CARTESIAN_POINT('',(9.219673399732,34.258710614299,22.));
#2175 = CARTESIAN_POINT('',(6.455120004414,33.45892672173,22.));
#2176 = CARTESIAN_POINT('',(3.963323981203,32.415409541177,
    22.000000000001));
#2177 = CARTESIAN_POINT('',(1.682575524611,31.04173666309,
    21.999999999999));
#2178 = CARTESIAN_POINT('',(-0.148066745781,29.514486328815,
    22.000000000001));
#2179 = CARTESIAN_POINT('',(-1.906238228976,27.719499009735,
    21.999999999999));
#2180 = CARTESIAN_POINT('',(-3.211308780126,25.595569217299,
    22.000000000001));
#2181 = CARTESIAN_POINT('',(-4.180564890215,23.291117517314,22.));
#2182 = CARTESIAN_POINT('',(-4.765458425477,20.843641014894,22.));
#2183 = CARTESIAN_POINT('',(-5.02213627664,18.374201946641,22.));
#2184 = CARTESIAN_POINT('',(-5.019265959943,15.977005649553,22.));
#2185 = DEFINITIONAL_REPRESENTATION('',(#2186),#2190);
#2186 = LINE('',#2187,#2188);
#2187 = CARTESIAN_POINT('',(0.,0.));
#2188 = VECTOR('',#2189,1.);
#2189 = DIRECTION('',(0.,1.));
#2190 = ( GEOMETRIC_REPRESENTATION_CONTEXT(2) 
PARAMETRIC_REPRESENTATION_CONTEXT() REPRESENTATION_CONTEXT('2D SPACE',''
  ) );
#2191 = ORIENTED_EDGE('',*,*,#2192,.F.);
#2192 = EDGE_CURVE('',#2193,#2101,#2195,.T.);
#2193 = VERTEX_POINT('',#2194);
#2194 = CARTESIAN_POINT('',(-6.419077111437,16.,16.));
#2195 = SURFACE_CURVE('',#2196,(#2200,#2207),.PCURVE_S1.);
#2196 = LINE('',#2197,#2198);
#2197 = CARTESIAN_POINT('',(-6.419077111437,16.,0.));
#2198 = VECTOR('',#2199,1.);
#2199 = DIRECTION('',(0.,0.,1.));
#2200 = PCURVE('',#1899,#2201);
#2201 = DEFINITIONAL_REPRESENTATION('',(#2202),#2206);
#2202 = LINE('',#2203,#2204);
#2203 = CARTESIAN_POINT('',(1.,0.));
#2204 = VECTOR('',#2205,1.);
#2205 = DIRECTION('',(0.,-1.));
#2206 = ( GEOMETRIC_REPRESENTATION_CONTEXT(2) 
PARAMETRIC_REPRESENTATION_CONTEXT() REPRESENTATION_CONTEXT('2D SPACE',''
  ) );
#2207 = PCURVE('',#2208,#2216);
#2208 = SURFACE_OF_LINEAR_EXTRUSION('',#2209,#2214);
#2209 = B_SPLINE_CURVE_WITH_KNOTS('',3,(#2210,#2211,#2212,#2213),
  .UNSPECIFIED.,.F.,.F.,(4,4),(0.,1.),.PIECEWISE_BEZIER_KNOTS.);
#2210 = CARTESIAN_POINT('',(-6.419077111437,16.,0.));
#2211 = CARTESIAN_POINT('',(-6.419077111437,3.199869791667,0.));
#2212 = CARTESIAN_POINT('',(2.080922888563,-1.699869791667,0.));
#2213 = CARTESIAN_POINT('',(16.580922888563,-4.900065104167,0.));
#2214 = VECTOR('',#2215,1.);
#2215 = DIRECTION('',(-0.,-0.,-1.));
#2216 = DEFINITIONAL_REPRESENTATION('',(#2217),#2221);
#2217 = LINE('',#2218,#2219);
#2218 = CARTESIAN_POINT('',(0.,0.));
#2219 = VECTOR('',#2220,1.);
#2220 = DIRECTION('',(0.,-1.));
#2221 = ( GEOMETRIC_REPRESENTATION_CONTEXT(2) 
PARAMETRIC_REPRESENTATION_CONTEXT() REPRESENTATION_CONTEXT('2D SPACE',''
  ) );
#2222 = ORIENTED_EDGE('',*,*,#2223,.T.);
#2223 = EDGE_CURVE('',#2193,#2224,#2226,.T.);
#2224 = VERTEX_POINT('',#2225);
#2225 = CARTESIAN_POINT('',(-3.761702246245,26.319986959167,16.));
#2226 = SURFACE_CURVE('',#2227,(#2237,#2250),.PCURVE_S1.);
#2227 = B_SPLINE_CURVE_WITH_KNOTS('',8,(#2228,#2229,#2230,#2231,#2232,
    #2233,#2234,#2235,#2236),.UNSPECIFIED.,.F.,.F.,(9,9),(0.,1.),
  .PIECEWISE_BEZIER_KNOTS.);
#2228 = CARTESIAN_POINT('',(-6.419077111437,16.,16.));
#2229 = CARTESIAN_POINT('',(-6.419077111437,17.347711265018,16.));
#2230 = CARTESIAN_POINT('',(-6.337149316047,18.696952551979,16.));
#2231 = CARTESIAN_POINT('',(-6.165361561723,20.040648120408,16.));
#2232 = CARTESIAN_POINT('',(-5.896140720921,21.369953669755,16.));
#2233 = CARTESIAN_POINT('',(-5.523117786462,22.674488955899,16.));
#2234 = CARTESIAN_POINT('',(-5.042226400225,23.942645632567,16.));
#2235 = CARTESIAN_POINT('',(-4.453095261398,25.161983226879,16.));
#2236 = CARTESIAN_POINT('',(-3.761702246245,26.319986959167,16.));
#2237 = PCURVE('',#1899,#2238);
#2238 = DEFINITIONAL_REPRESENTATION('',(#2239),#2249);
#2239 = B_SPLINE_CURVE_WITH_KNOTS('',8,(#2240,#2241,#2242,#2243,#2244,
    #2245,#2246,#2247,#2248),.UNSPECIFIED.,.F.,.F.,(9,9),(0.,1.),
  .PIECEWISE_BEZIER_KNOTS.);
#2240 = CARTESIAN_POINT('',(1.,-16.));
#2241 = CARTESIAN_POINT('',(0.964903709491,-16.));
#2242 = CARTESIAN_POINT('',(0.928623777831,-16.));
#2243 = CARTESIAN_POINT('',(0.891184741071,-16.));
#2244 = CARTESIAN_POINT('',(0.852648363865,-16.));
#2245 = CARTESIAN_POINT('',(0.813117910611,-16.));
#2246 = CARTESIAN_POINT('',(0.772747405144,-16.));
#2247 = CARTESIAN_POINT('',(0.73175754123,-16.));
#2248 = CARTESIAN_POINT('',(0.690478777619,-16.));
#2249 = ( GEOMETRIC_REPRESENTATION_CONTEXT(2) 
PARAMETRIC_REPRESENTATION_CONTEXT() REPRESENTATION_CONTEXT('2D SPACE',''
  ) );
#2250 = PCURVE('',#2251,#2256);
#2251 = PLANE('',#2252);
#2252 = AXIS2_PLACEMENT_3D('',#2253,#2254,#2255);
#2253 = CARTESIAN_POINT('',(-47.88089033647,-42.28001304083,16.));
#2254 = DIRECTION('',(0.,0.,1.));
#2255 = DIRECTION('',(1.,0.,0.));
#2256 = DEFINITIONAL_REPRESENTATION('',(#2257),#2267);
#2257 = B_SPLINE_CURVE_WITH_KNOTS('',8,(#2258,#2259,#2260,#2261,#2262,
    #2263,#2264,#2265,#2266),.UNSPECIFIED.,.F.,.F.,(9,9),(0.,1.),
  .PIECEWISE_BEZIER_KNOTS.);
#2258 = CARTESIAN_POINT('',(41.461813225042,58.280013040833));
#2259 = CARTESIAN_POINT('',(41.461813225042,59.627724305851));
#2260 = CARTESIAN_POINT('',(41.543741020432,60.976965592813));
#2261 = CARTESIAN_POINT('',(41.715528774756,62.320661161241));
#2262 = CARTESIAN_POINT('',(41.984749615558,63.649966710588));
#2263 = CARTESIAN_POINT('',(42.357772550017,64.954501996732));
#2264 = CARTESIAN_POINT('',(42.838663936255,66.222658673401));
#2265 = CARTESIAN_POINT('',(43.427795075081,67.441996267712));
#2266 = CARTESIAN_POINT('',(44.119188090234,68.6));
#2267 = ( GEOMETRIC_REPRESENTATION_CONTEXT(2) 
PARAMETRIC_REPRESENTATION_CONTEXT() REPRESENTATION_CONTEXT('2D SPACE',''
  ) );
#2268 = ORIENTED_EDGE('',*,*,#2269,.T.);
#2269 = EDGE_CURVE('',#2224,#2270,#2272,.T.);
#2270 = VERTEX_POINT('',#2271);
#2271 = CARTESIAN_POINT('',(-2.831252060726,27.719986959167,14.6));
#2272 = SURFACE_CURVE('',#2273,(#2296,#2322),.PCURVE_S1.);
#2273 = B_SPLINE_CURVE_WITH_KNOTS('',6,(#2274,#2275,#2276,#2277,#2278,
    #2279,#2280,#2281,#2282,#2283,#2284,#2285,#2286,#2287,#2288,#2289,
    #2290,#2291,#2292,#2293,#2294,#2295),.UNSPECIFIED.,.F.,.F.,(7,5,5,5,
    7),(0.,0.285370121148,0.517002103529,0.749471211729,1.),
  .UNSPECIFIED.);
#2274 = CARTESIAN_POINT('',(-3.761702420587,26.319986667165,16.));
#2275 = CARTESIAN_POINT('',(-3.696306959961,26.429516542614,
    16.000000022845));
#2276 = CARTESIAN_POINT('',(-3.630028401538,26.538340497285,
    15.989716847465));
#2277 = CARTESIAN_POINT('',(-3.563694829202,26.645078394279,
    15.969400677263));
#2278 = CARTESIAN_POINT('',(-3.498098864895,26.748594820637,
    15.939588369769));
#2279 = CARTESIAN_POINT('',(-3.433984366137,26.847964583614,
    15.90090768968));
#2280 = CARTESIAN_POINT('',(-3.321752658785,27.01909862187,
    15.815964624793));
#2281 = CARTESIAN_POINT('',(-3.272894097261,27.092541308392,
    15.772499449271));
#2282 = CARTESIAN_POINT('',(-3.225816691818,27.162360466677,
    15.723972221286));
#2283 = CARTESIAN_POINT('',(-3.180865039396,27.228211771279,
    15.670741446125));
#2284 = CARTESIAN_POINT('',(-3.138367942618,27.289789724759,
    15.613173815995));
#2285 = CARTESIAN_POINT('',(-3.058757792636,27.404051623871,
    15.489883900075));
#2286 = CARTESIAN_POINT('',(-3.021666551087,27.456700094518,
    15.424135612824));
#2287 = CARTESIAN_POINT('',(-2.987675740575,27.504480299634,
    15.354776295723));
#2288 = CARTESIAN_POINT('',(-2.957089639322,27.54712648479,
    15.282209355231));
#2289 = CARTESIAN_POINT('',(-2.93018457857,27.584400154025,
    15.206870106037));
#2290 = CARTESIAN_POINT('',(-2.882412206515,27.650263211727,
    15.045569493702));
#2291 = CARTESIAN_POINT('',(-2.862173983017,27.67795591642,
    14.959229976624));
#2292 = CARTESIAN_POINT('',(-2.846772148076,27.698919655924,
    14.870832833152));
#2293 = CARTESIAN_POINT('',(-2.836425016181,27.712964539458,
    14.78103042538));
#2294 = CARTESIAN_POINT('',(-2.831252060726,27.719986959167,
    14.690511297425));
#2295 = CARTESIAN_POINT('',(-2.831252060726,27.719986959167,14.6));
#2296 = PCURVE('',#1899,#2297);
#2297 = DEFINITIONAL_REPRESENTATION('',(#2298),#2321);
#2298 = B_SPLINE_CURVE_WITH_KNOTS('',6,(#2299,#2300,#2301,#2302,#2303,
    #2304,#2305,#2306,#2307,#2308,#2309,#2310,#2311,#2312,#2313,#2314,
    #2315,#2316,#2317,#2318,#2319,#2320),.UNSPECIFIED.,.F.,.F.,(7,5,5,5,
    7),(0.,0.285370121148,0.517002103529,0.749471211729,1.),
  .UNSPECIFIED.);
#2299 = CARTESIAN_POINT('',(0.690478788027,-16.));
#2300 = CARTESIAN_POINT('',(0.686574432928,-16.00000002284));
#2301 = CARTESIAN_POINT('',(0.682671990507,-15.98971684746));
#2302 = CARTESIAN_POINT('',(0.678820641363,-15.96940067726));
#2303 = CARTESIAN_POINT('',(0.675062814588,-15.93958836976));
#2304 = CARTESIAN_POINT('',(0.671434853271,-15.90090768968));
#2305 = CARTESIAN_POINT('',(0.665153995989,-15.81596462479));
#2306 = CARTESIAN_POINT('',(0.662445998366,-15.77249944927));
#2307 = CARTESIAN_POINT('',(0.659860192716,-15.72397222128));
#2308 = CARTESIAN_POINT('',(0.657411344476,-15.67074144612));
#2309 = CARTESIAN_POINT('',(0.655112982477,-15.61317381599));
#2310 = CARTESIAN_POINT('',(0.650834459518,-15.48988390007));
#2311 = CARTESIAN_POINT('',(0.648855573829,-15.42413561282));
#2312 = CARTESIAN_POINT('',(0.64705364485,-15.35477629572));
#2313 = CARTESIAN_POINT('',(0.645440795045,-15.28220935523));
#2314 = CARTESIAN_POINT('',(0.644027970301,-15.20687010603));
#2315 = CARTESIAN_POINT('',(0.641527252018,-15.0455694937));
#2316 = CARTESIAN_POINT('',(0.640473012779,-14.95922997662));
#2317 = CARTESIAN_POINT('',(0.639673444868,-14.87083283315));
#2318 = CARTESIAN_POINT('',(0.639137240355,-14.78103042538));
#2319 = CARTESIAN_POINT('',(0.638869150128,-14.69051129742));
#2320 = CARTESIAN_POINT('',(0.638869150128,-14.6));
#2321 = ( GEOMETRIC_REPRESENTATION_CONTEXT(2) 
PARAMETRIC_REPRESENTATION_CONTEXT() REPRESENTATION_CONTEXT('2D SPACE',''
  ) );
#2322 = PCURVE('',#2323,#2328);
#2323 = CYLINDRICAL_SURFACE('',#2324,1.4);
#2324 = AXIS2_PLACEMENT_3D('',#2325,#2326,#2327);
#2325 = CARTESIAN_POINT('',(5.119109663521,26.319986959167,14.6));
#2326 = DIRECTION('',(-1.,0.,0.));
#2327 = DIRECTION('',(0.,1.,-0.));
#2328 = DEFINITIONAL_REPRESENTATION('',(#2329),#2352);
#2329 = B_SPLINE_CURVE_WITH_KNOTS('',6,(#2330,#2331,#2332,#2333,#2334,
    #2335,#2336,#2337,#2338,#2339,#2340,#2341,#2342,#2343,#2344,#2345,
    #2346,#2347,#2348,#2349,#2350,#2351),.UNSPECIFIED.,.F.,.F.,(7,5,5,5,
    7),(0.,0.285370121148,0.517002103529,0.749471211729,1.),
  .UNSPECIFIED.);
#2330 = CARTESIAN_POINT('',(-1.570796535368,8.880812084108));
#2331 = CARTESIAN_POINT('',(-1.492560910047,8.815416623481));
#2332 = CARTESIAN_POINT('',(-1.41482966026,8.749138065059));
#2333 = CARTESIAN_POINT('',(-1.337725581722,8.682804492723));
#2334 = CARTESIAN_POINT('',(-1.261257362048,8.617208528416));
#2335 = CARTESIAN_POINT('',(-1.185396230289,8.553094029658));
#2336 = CARTESIAN_POINT('',(-1.048928054807,8.440862322306));
#2337 = CARTESIAN_POINT('',(-0.988135693135,8.392003760782));
#2338 = CARTESIAN_POINT('',(-0.9276425272,8.344926355339));
#2339 = CARTESIAN_POINT('',(-0.867395290426,8.299974702917));
#2340 = CARTESIAN_POINT('',(-0.807337946928,8.257477606139));
#2341 = CARTESIAN_POINT('',(-0.687269546022,8.177867456157));
#2342 = CARTESIAN_POINT('',(-0.627261834899,8.140776214608));
#2343 = CARTESIAN_POINT('',(-0.567335129649,8.106785404096));
#2344 = CARTESIAN_POINT('',(-0.507445378923,8.076199302843));
#2345 = CARTESIAN_POINT('',(-0.447560454827,8.049294242091));
#2346 = CARTESIAN_POINT('',(-0.323110993915,8.001521870036));
#2347 = CARTESIAN_POINT('',(-0.258538427363,7.981283646538));
#2348 = CARTESIAN_POINT('',(-0.193938813325,7.965881811597));
#2349 = CARTESIAN_POINT('',(-0.129307268188,7.955534679702));
#2350 = CARTESIAN_POINT('',(-6.465092673193E-02,7.950361724247));
#2351 = CARTESIAN_POINT('',(0.,7.950361724247));
#2352 = ( GEOMETRIC_REPRESENTATION_CONTEXT(2) 
PARAMETRIC_REPRESENTATION_CONTEXT() REPRESENTATION_CONTEXT('2D SPACE',''
  ) );
#2353 = ORIENTED_EDGE('',*,*,#2354,.T.);
#2354 = EDGE_CURVE('',#2270,#2008,#2355,.T.);
#2355 = SURFACE_CURVE('',#2356,(#2362,#2371),.PCURVE_S1.);
#2356 = B_SPLINE_CURVE_WITH_KNOTS('',4,(#2357,#2358,#2359,#2360,#2361),
  .UNSPECIFIED.,.F.,.F.,(5,5),(0.,1.),.PIECEWISE_BEZIER_KNOTS.);
#2357 = CARTESIAN_POINT('',(-2.831252060726,27.719986959167,14.6));
#2358 = CARTESIAN_POINT('',(-2.831252060726,27.719986959167,11.2999994)
  );
#2359 = CARTESIAN_POINT('',(-2.831252060726,27.719986959167,7.9999988));
#2360 = CARTESIAN_POINT('',(-2.831252060726,27.719986959167,4.6999982));
#2361 = CARTESIAN_POINT('',(-2.831252060726,27.719986959167,1.3999976));
#2362 = PCURVE('',#1899,#2363);
#2363 = DEFINITIONAL_REPRESENTATION('',(#2364),#2370);
#2364 = B_SPLINE_CURVE_WITH_KNOTS('',4,(#2365,#2366,#2367,#2368,#2369),
  .UNSPECIFIED.,.F.,.F.,(5,5),(0.,1.),.PIECEWISE_BEZIER_KNOTS.);
#2365 = CARTESIAN_POINT('',(0.638869150128,-14.6));
#2366 = CARTESIAN_POINT('',(0.638869150128,-11.2999994));
#2367 = CARTESIAN_POINT('',(0.638869150128,-7.9999988));
#2368 = CARTESIAN_POINT('',(0.638869150128,-4.6999982));
#2369 = CARTESIAN_POINT('',(0.638869150128,-1.3999976));
#2370 = ( GEOMETRIC_REPRESENTATION_CONTEXT(2) 
PARAMETRIC_REPRESENTATION_CONTEXT() REPRESENTATION_CONTEXT('2D SPACE',''
  ) );
#2371 = PCURVE('',#2372,#2377);
#2372 = PLANE('',#2373);
#2373 = AXIS2_PLACEMENT_3D('',#2374,#2375,#2376);
#2374 = CARTESIAN_POINT('',(5.119109663521,27.719986959167,-6.));
#2375 = DIRECTION('',(0.,-1.,0.));
#2376 = DIRECTION('',(-1.,0.,0.));
#2377 = DEFINITIONAL_REPRESENTATION('',(#2378),#2384);
#2378 = B_SPLINE_CURVE_WITH_KNOTS('',4,(#2379,#2380,#2381,#2382,#2383),
  .UNSPECIFIED.,.F.,.F.,(5,5),(0.,1.),.PIECEWISE_BEZIER_KNOTS.);
#2379 = CARTESIAN_POINT('',(7.950361724247,-20.6));
#2380 = CARTESIAN_POINT('',(7.950361724247,-17.2999994));
#2381 = CARTESIAN_POINT('',(7.950361724247,-13.9999988));
#2382 = CARTESIAN_POINT('',(7.950361724247,-10.6999982));
#2383 = CARTESIAN_POINT('',(7.950361724247,-7.3999976));
#2384 = ( GEOMETRIC_REPRESENTATION_CONTEXT(2) 
PARAMETRIC_REPRESENTATION_CONTEXT() REPRESENTATION_CONTEXT('2D SPACE',''
  ) );
#2385 = ADVANCED_FACE('',(#2386),#2142,.F.);
#2386 = FACE_BOUND('',#2387,.F.);
#2387 = EDGE_LOOP('',(#2388,#2409,#2483,#2581));
#2388 = ORIENTED_EDGE('',*,*,#2389,.T.);
#2389 = EDGE_CURVE('',#1792,#2390,#2392,.T.);
#2390 = VERTEX_POINT('',#2391);
#2391 = CARTESIAN_POINT('',(18.280792680229,35.000065712128,22.));
#2392 = SURFACE_CURVE('',#2393,(#2397,#2403),.PCURVE_S1.);
#2393 = ( BOUNDED_CURVE() B_SPLINE_CURVE(2,(#2394,#2395,#2396),
.UNSPECIFIED.,.F.,.F.) B_SPLINE_CURVE_WITH_KNOTS((3,3),(0.,
36.500933407385),.PIECEWISE_BEZIER_KNOTS.) CURVE() 
GEOMETRIC_REPRESENTATION_ITEM() RATIONAL_B_SPLINE_CURVE((1.,
0.707106781187,1.)) REPRESENTATION_ITEM('') );
#2394 = CARTESIAN_POINT('',(18.280792680229,36.400065104167,20.6));
#2395 = CARTESIAN_POINT('',(18.280792680229,36.400065104167,22.));
#2396 = CARTESIAN_POINT('',(18.280792680229,35.000065712128,22.));
#2397 = PCURVE('',#2142,#2398);
#2398 = DEFINITIONAL_REPRESENTATION('',(#2399),#2402);
#2399 = B_SPLINE_CURVE_WITH_KNOTS('',1,(#2400,#2401),.UNSPECIFIED.,.F.,
  .F.,(2,2),(0.,36.500933407385),.PIECEWISE_BEZIER_KNOTS.);
#2400 = CARTESIAN_POINT('',(0.,39.500933407385));
#2401 = CARTESIAN_POINT('',(36.445615842562,39.500933407385));
#2402 = ( GEOMETRIC_REPRESENTATION_CONTEXT(2) 
PARAMETRIC_REPRESENTATION_CONTEXT() REPRESENTATION_CONTEXT('2D SPACE',''
  ) );
#2403 = PCURVE('',#1833,#2404);
#2404 = DEFINITIONAL_REPRESENTATION('',(#2405),#2408);
#2405 = B_SPLINE_CURVE_WITH_KNOTS('',1,(#2406,#2407),.UNSPECIFIED.,.F.,
  .F.,(2,2),(0.,36.500933407385),.PIECEWISE_BEZIER_KNOTS.);
#2406 = CARTESIAN_POINT('',(0.,39.500933407385));
#2407 = CARTESIAN_POINT('',(36.500933407385,39.500933407385));
#2408 = ( GEOMETRIC_REPRESENTATION_CONTEXT(2) 
PARAMETRIC_REPRESENTATION_CONTEXT() REPRESENTATION_CONTEXT('2D SPACE',''
  ) );
#2409 = ORIENTED_EDGE('',*,*,#2410,.T.);
#2410 = EDGE_CURVE('',#2390,#2411,#2413,.T.);
#2411 = VERTEX_POINT('',#2412);
#2412 = CARTESIAN_POINT('',(-5.019265959943,15.977005649553,22.));
#2413 = SURFACE_CURVE('',#2414,(#2429,#2436),.PCURVE_S1.);
#2414 = ( BOUNDED_CURVE() B_SPLINE_CURVE(13,(#2415,#2416,#2417,#2418,
    #2419,#2420,#2421,#2422,#2423,#2424,#2425,#2426,#2427,#2428),
.UNSPECIFIED.,.F.,.F.) B_SPLINE_CURVE_WITH_KNOTS((14,14),(
39.500933407385,75.946549249947),.PIECEWISE_BEZIER_KNOTS.) CURVE() 
GEOMETRIC_REPRESENTATION_ITEM() RATIONAL_B_SPLINE_CURVE((1.,1.,1.,
    0.999999999999,1.000000000002,0.999999999997,1.000000000004,
    0.999999999996,1.000000000003,0.999999999998,1.000000000001,1.,1.,1.
)) REPRESENTATION_ITEM('') );
#2415 = CARTESIAN_POINT('',(18.280792680229,35.000065712128,22.));
#2416 = CARTESIAN_POINT('',(15.21184094287,35.000175850976,22.));
#2417 = CARTESIAN_POINT('',(12.162356349579,34.762802564406,22.));
#2418 = CARTESIAN_POINT('',(9.219673399732,34.258710614299,22.));
#2419 = CARTESIAN_POINT('',(6.455120004414,33.45892672173,22.));
#2420 = CARTESIAN_POINT('',(3.963323981203,32.415409541177,
    22.000000000001));
#2421 = CARTESIAN_POINT('',(1.682575524611,31.04173666309,
    21.999999999999));
#2422 = CARTESIAN_POINT('',(-0.148066745781,29.514486328815,
    22.000000000001));
#2423 = CARTESIAN_POINT('',(-1.906238228976,27.719499009735,
    21.999999999999));
#2424 = CARTESIAN_POINT('',(-3.211308780126,25.595569217299,
    22.000000000001));
#2425 = CARTESIAN_POINT('',(-4.180564890215,23.291117517314,22.));
#2426 = CARTESIAN_POINT('',(-4.765458425477,20.843641014894,22.));
#2427 = CARTESIAN_POINT('',(-5.02213627664,18.374201946641,22.));
#2428 = CARTESIAN_POINT('',(-5.019265959943,15.977005649553,22.));
#2429 = PCURVE('',#2142,#2430);
#2430 = DEFINITIONAL_REPRESENTATION('',(#2431),#2435);
#2431 = LINE('',#2432,#2433);
#2432 = CARTESIAN_POINT('',(36.445615842562,0.));
#2433 = VECTOR('',#2434,1.);
#2434 = DIRECTION('',(0.,1.));
#2435 = ( GEOMETRIC_REPRESENTATION_CONTEXT(2) 
PARAMETRIC_REPRESENTATION_CONTEXT() REPRESENTATION_CONTEXT('2D SPACE',''
  ) );
#2436 = PCURVE('',#2437,#2442);
#2437 = PLANE('',#2438);
#2438 = AXIS2_PLACEMENT_3D('',#2439,#2440,#2441);
#2439 = CARTESIAN_POINT('',(-11.41907711143,-35.,22.));
#2440 = DIRECTION('',(0.,0.,1.));
#2441 = DIRECTION('',(1.,0.,0.));
#2442 = DEFINITIONAL_REPRESENTATION('',(#2443),#2482);
#2443 = B_SPLINE_CURVE_WITH_KNOTS('',10,(#2444,#2445,#2446,#2447,#2448,
    #2449,#2450,#2451,#2452,#2453,#2454,#2455,#2456,#2457,#2458,#2459,
    #2460,#2461,#2462,#2463,#2464,#2465,#2466,#2467,#2468,#2469,#2470,
    #2471,#2472,#2473,#2474,#2475,#2476,#2477,#2478,#2479,#2480,#2481),
  .UNSPECIFIED.,.F.,.F.,(11,9,9,9,11),(39.500933407385,44.056635387705,
    48.612337368025,57.723741328666,75.946549249947),.UNSPECIFIED.);
#2444 = CARTESIAN_POINT('',(29.701174510807,70.000065712128));
#2445 = CARTESIAN_POINT('',(29.202469853486,70.000083602086));
#2446 = CARTESIAN_POINT('',(28.703036837804,69.993711984222));
#2447 = CARTESIAN_POINT('',(28.19877257132,69.980422674368));
#2448 = CARTESIAN_POINT('',(27.721941642087,69.96123677201));
#2449 = CARTESIAN_POINT('',(27.205135848285,69.934326498848));
#2450 = CARTESIAN_POINT('',(26.728941627845,69.901003306526));
#2451 = CARTESIAN_POINT('',(26.232169269553,69.860562469292));
#2452 = CARTESIAN_POINT('',(25.747296570007,69.812959186404));
#2453 = CARTESIAN_POINT('',(25.263352498075,69.75823440013));
#2454 = CARTESIAN_POINT('',(24.302993271058,69.634350840825));
#2455 = CARTESIAN_POINT('',(23.826305169865,69.565196025876));
#2456 = CARTESIAN_POINT('',(23.353441998619,69.488784033579));
#2457 = CARTESIAN_POINT('',(22.884721753049,69.405080679034));
#2458 = CARTESIAN_POINT('',(22.420447007103,69.314061734604));
#2459 = CARTESIAN_POINT('',(21.960904912751,69.21571292973));
#2460 = CARTESIAN_POINT('',(21.506367200228,69.110029951164));
#2461 = CARTESIAN_POINT('',(21.057090177797,68.99701844274));
#2462 = CARTESIAN_POINT('',(20.613314731933,68.876694005551));
#2463 = CARTESIAN_POINT('',(19.299169517766,68.493858582432));
#2464 = CARTESIAN_POINT('',(18.445955280341,68.209449165352));
#2465 = CARTESIAN_POINT('',(17.617472296032,67.896074741533));
#2466 = CARTESIAN_POINT('',(16.815242832139,67.554007167815));
#2467 = CARTESIAN_POINT('',(16.040516903043,67.183551471727));
#2468 = CARTESIAN_POINT('',(15.294326430806,66.785027959901));
#2469 = CARTESIAN_POINT('',(14.577539406115,66.358754326878));
#2470 = CARTESIAN_POINT('',(13.890914048889,65.905027763619));
#2471 = CARTESIAN_POINT('',(13.235152969151,65.424107066145));
#2472 = CARTESIAN_POINT('',(11.362566044893,63.900370100264));
#2473 = CARTESIAN_POINT('',(10.240666664614,62.776557186389));
#2474 = CARTESIAN_POINT('',(9.250424261449,61.547869835287));
#2475 = CARTESIAN_POINT('',(8.39875531669,60.215969106911));
#2476 = CARTESIAN_POINT('',(7.694469312034,58.788306972501));
#2477 = CARTESIAN_POINT('',(7.145039529678,57.280722769729));
#2478 = CARTESIAN_POINT('',(6.752213156719,55.716729609695));
#2479 = CARTESIAN_POINT('',(6.508670790901,54.12482791112));
#2480 = CARTESIAN_POINT('',(6.397945445642,52.535183242662));
#2481 = CARTESIAN_POINT('',(6.399811151494,50.977005649553));
#2482 = ( GEOMETRIC_REPRESENTATION_CONTEXT(2) 
PARAMETRIC_REPRESENTATION_CONTEXT() REPRESENTATION_CONTEXT('2D SPACE',''
  ) );
#2483 = ORIENTED_EDGE('',*,*,#2484,.F.);
#2484 = EDGE_CURVE('',#2101,#2411,#2485,.T.);
#2485 = SURFACE_CURVE('',#2486,(#2490,#2496),.PCURVE_S1.);
#2486 = ( BOUNDED_CURVE() B_SPLINE_CURVE(2,(#2487,#2488,#2489),
.UNSPECIFIED.,.F.,.F.) B_SPLINE_CURVE_WITH_KNOTS((3,3),(0.,
36.445615842562),.PIECEWISE_BEZIER_KNOTS.) CURVE() 
GEOMETRIC_REPRESENTATION_ITEM() RATIONAL_B_SPLINE_CURVE((1.,
0.707106781187,1.)) REPRESENTATION_ITEM('') );
#2487 = CARTESIAN_POINT('',(-6.419077111437,16.,20.6));
#2488 = CARTESIAN_POINT('',(-6.419077111437,16.,22.));
#2489 = CARTESIAN_POINT('',(-5.019265959943,15.977005649553,22.));
#2490 = PCURVE('',#2142,#2491);
#2491 = DEFINITIONAL_REPRESENTATION('',(#2492),#2495);
#2492 = B_SPLINE_CURVE_WITH_KNOTS('',1,(#2493,#2494),.UNSPECIFIED.,.F.,
  .F.,(2,2),(0.,36.445615842562),.PIECEWISE_BEZIER_KNOTS.);
#2493 = CARTESIAN_POINT('',(0.,75.946549249947));
#2494 = CARTESIAN_POINT('',(36.445615842562,75.946549249947));
#2495 = ( GEOMETRIC_REPRESENTATION_CONTEXT(2) 
PARAMETRIC_REPRESENTATION_CONTEXT() REPRESENTATION_CONTEXT('2D SPACE',''
  ) );
#2496 = PCURVE('',#2497,#2576);
#2497 = ( BOUNDED_SURFACE() B_SPLINE_SURFACE(2,9,(
    (#2498,#2499,#2500,#2501,#2502,#2503,#2504,#2505,#2506,#2507,#2508
      ,#2509,#2510,#2511,#2512,#2513,#2514,#2515,#2516,#2517,#2518,#2519
      ,#2520,#2521,#2522,#2523)
    ,(#2524,#2525,#2526,#2527,#2528,#2529,#2530,#2531,#2532,#2533,#2534
      ,#2535,#2536,#2537,#2538,#2539,#2540,#2541,#2542,#2543,#2544,#2545
      ,#2546,#2547,#2548,#2549)
    ,(#2550,#2551,#2552,#2553,#2554,#2555,#2556,#2557,#2558,#2559,#2560
      ,#2561,#2562,#2563,#2564,#2565,#2566,#2567,#2568,#2569,#2570,#2571
      ,#2572,#2573,#2574,#2575
)),.UNSPECIFIED.,.F.,.F.,.F.) B_SPLINE_SURFACE_WITH_KNOTS((3,3),(10,8,8,
    10),(0.,36.573934910562),(75.946549249947,76.013656107006,
    94.267070133758,112.5204841605),.UNSPECIFIED.) 
GEOMETRIC_REPRESENTATION_ITEM() RATIONAL_B_SPLINE_SURFACE((
    (1.,1.,1.,1.,1.,1.,1.,1.,1.,1.,1.,1.,1.,1.,1.,1.,1.,1.,1.,1.,1.,1.
      ,1.,1.,1.,1.)
    ,(0.707106781187,0.707106781187,0.707106781187,0.707106781187
      ,0.707106781187,0.707106781187,0.707106781187,0.707106781187
      ,0.707106781187,0.707106781187,0.707106781187,0.707106781187
      ,0.707106781187,0.707106781187,0.707106781187,0.707106781187
      ,0.707106781187,0.707106781187,0.707106781187,0.707106781186
      ,0.707106781187,0.707106781186,0.707106781187,0.707106781187
      ,0.707106781187,0.707106781187)
    ,(1.,1.,1.,1.,1.,1.,1.,1.,1.,1.,1.,1.,1.,1.,1.,1.,1.,1.,1.,1.,1.,1.
,1.,1.,1.,1.))) REPRESENTATION_ITEM('') SURFACE() );
#2498 = CARTESIAN_POINT('',(-6.419077111437,16.,20.6));
#2499 = CARTESIAN_POINT('',(-6.419077111437,15.993159596965,20.6));
#2500 = CARTESIAN_POINT('',(-6.419075290833,15.98631965867,20.6));
#2501 = CARTESIAN_POINT('',(-6.41907164863,15.979480186531,20.6));
#2502 = CARTESIAN_POINT('',(-6.419066183833,15.972641181966,20.6));
#2503 = CARTESIAN_POINT('',(-6.419058895448,15.965802646392,20.6));
#2504 = CARTESIAN_POINT('',(-6.419049782479,15.958964581227,20.6));
#2505 = CARTESIAN_POINT('',(-6.419038843932,15.952126987888,20.6));
#2506 = CARTESIAN_POINT('',(-6.419026078813,15.945289867793,20.6));
#2507 = CARTESIAN_POINT('',(-6.415042199257,14.078850118821,20.6));
#2508 = CARTESIAN_POINT('',(-6.275899632506,12.254388520919,20.6));
#2509 = CARTESIAN_POINT('',(-5.981273040642,10.479694757195,20.6));
#2510 = CARTESIAN_POINT('',(-5.511782595011,8.77944625673,20.6));
#2511 = CARTESIAN_POINT('',(-4.85072106454,7.167613378464,20.6));
#2512 = CARTESIAN_POINT('',(-3.987768769546,5.684233841623,20.6));
#2513 = CARTESIAN_POINT('',(-2.95464328223,4.335096781061,20.6));
#2514 = CARTESIAN_POINT('',(-1.763062016603,3.112717822184,20.6));
#2515 = CARTESIAN_POINT('',(0.915361479944,0.897990462126,20.6));
#2516 = CARTESIAN_POINT('',(2.402357742363,-9.44067263779E-02,20.6));
#2517 = CARTESIAN_POINT('',(4.026919593604,-0.983711483551,20.6));
#2518 = CARTESIAN_POINT('',(5.786023817886,-1.78745243151,20.6));
#2519 = CARTESIAN_POINT('',(7.680925583191,-2.517915869398,20.6));
#2520 = CARTESIAN_POINT('',(9.711005354715,-3.184801026593,20.6));
#2521 = CARTESIAN_POINT('',(11.872937215299,-3.798015513126,20.6));
#2522 = CARTESIAN_POINT('',(14.164256221896,-4.36669921875,20.6));
#2523 = CARTESIAN_POINT('',(16.580922888563,-4.900065104167,20.6));
#2524 = CARTESIAN_POINT('',(-6.419077111437,16.,22.));
#2525 = CARTESIAN_POINT('',(-6.419077111438,15.993159596966,22.));
#2526 = CARTESIAN_POINT('',(-6.419075290833,15.98631965867,22.));
#2527 = CARTESIAN_POINT('',(-6.419071648631,15.979480186531,22.));
#2528 = CARTESIAN_POINT('',(-6.419066183832,15.972641181965,22.));
#2529 = CARTESIAN_POINT('',(-6.419058895449,15.965802646392,22.));
#2530 = CARTESIAN_POINT('',(-6.419049782479,15.958964581227,22.));
#2531 = CARTESIAN_POINT('',(-6.419038843933,15.952126987888,22.));
#2532 = CARTESIAN_POINT('',(-6.419026078813,15.945289867793,22.));
#2533 = CARTESIAN_POINT('',(-6.415042199258,14.078850118821,22.));
#2534 = CARTESIAN_POINT('',(-6.275899632506,12.254388520919,22.));
#2535 = CARTESIAN_POINT('',(-5.981273040643,10.479694757196,22.));
#2536 = CARTESIAN_POINT('',(-5.51178259501,8.779446256729,22.));
#2537 = CARTESIAN_POINT('',(-4.85072106454,7.167613378464,22.));
#2538 = CARTESIAN_POINT('',(-3.987768769545,5.684233841623,22.));
#2539 = CARTESIAN_POINT('',(-2.954643282231,4.335096781061,22.));
#2540 = CARTESIAN_POINT('',(-1.763062016603,3.112717822184,22.));
#2541 = CARTESIAN_POINT('',(0.915361479944,0.897990462126,22.));
#2542 = CARTESIAN_POINT('',(2.402357742363,-9.440672637771E-02,22.));
#2543 = CARTESIAN_POINT('',(4.026919593604,-0.983711483551,22.));
#2544 = CARTESIAN_POINT('',(5.786023817886,-1.787452431509,22.));
#2545 = CARTESIAN_POINT('',(7.68092558319,-2.517915869398,22.));
#2546 = CARTESIAN_POINT('',(9.711005354715,-3.184801026592,22.));
#2547 = CARTESIAN_POINT('',(11.872937215299,-3.798015513126,22.));
#2548 = CARTESIAN_POINT('',(14.164256221896,-4.36669921875,22.));
#2549 = CARTESIAN_POINT('',(16.580922888563,-4.900065104167,22.));
#2550 = CARTESIAN_POINT('',(-5.019265959943,15.977005649553,22.));
#2551 = CARTESIAN_POINT('',(-5.019258325941,15.97062997637,22.));
#2552 = CARTESIAN_POINT('',(-5.019249043765,15.964254840218,22.));
#2553 = CARTESIAN_POINT('',(-5.019238112509,15.957880242807,22.));
#2554 = CARTESIAN_POINT('',(-5.019225531259,15.951506185843,22.));
#2555 = CARTESIAN_POINT('',(-5.019211299115,15.945132671038,22.));
#2556 = CARTESIAN_POINT('',(-5.019195415158,15.938759700097,22.));
#2557 = CARTESIAN_POINT('',(-5.019177878488,15.932387274731,22.));
#2558 = CARTESIAN_POINT('',(-5.019158688193,15.926015396646,22.));
#2559 = CARTESIAN_POINT('',(-5.013467941701,14.186609427835,22.));
#2560 = CARTESIAN_POINT('',(-4.885514637574,12.48829484019,22.));
#2561 = CARTESIAN_POINT('',(-4.61465095061,10.842476500297,22.));
#2562 = CARTESIAN_POINT('',(-4.183869188468,9.274529295728,22.));
#2563 = CARTESIAN_POINT('',(-3.578139568646,7.797837172913,22.));
#2564 = CARTESIAN_POINT('',(-2.791680996752,6.446056199279,22.));
#2565 = CARTESIAN_POINT('',(-1.849652047916,5.215070112092,22.));
#2566 = CARTESIAN_POINT('',(-0.756312425383,4.094188401982,22.));
#2567 = CARTESIAN_POINT('',(1.72462702482,2.047737615333,22.));
#2568 = CARTESIAN_POINT('',(3.112384488892,1.122156690226,22.));
#2569 = CARTESIAN_POINT('',(4.643787951047,0.281684274334,22.));
#2570 = CARTESIAN_POINT('',(6.321630236956,-0.4880363181,22.));
#2571 = CARTESIAN_POINT('',(8.148245668741,-1.194621438982,22.));
#2572 = CARTESIAN_POINT('',(10.121889044584,-1.844390068504,22.));
#2573 = CARTESIAN_POINT('',(12.237919263154,-2.445466492766,22.));
#2574 = CARTESIAN_POINT('',(14.492010962186,-3.005250465671,22.));
#2575 = CARTESIAN_POINT('',(16.87830831466,-3.532014699998,22.));
#2576 = DEFINITIONAL_REPRESENTATION('',(#2577),#2580);
#2577 = B_SPLINE_CURVE_WITH_KNOTS('',1,(#2578,#2579),.UNSPECIFIED.,.F.,
  .F.,(2,2),(0.,36.445615842562),.PIECEWISE_BEZIER_KNOTS.);
#2578 = CARTESIAN_POINT('',(0.,75.946549249947));
#2579 = CARTESIAN_POINT('',(36.573934910562,75.946549249947));
#2580 = ( GEOMETRIC_REPRESENTATION_CONTEXT(2) 
PARAMETRIC_REPRESENTATION_CONTEXT() REPRESENTATION_CONTEXT('2D SPACE',''
  ) );
#2581 = ORIENTED_EDGE('',*,*,#2100,.F.);
#2582 = ADVANCED_FACE('',(#2583),#2497,.F.);
#2583 = FACE_BOUND('',#2584,.F.);
#2584 = EDGE_LOOP('',(#2585,#2586,#2655,#2689));
#2585 = ORIENTED_EDGE('',*,*,#2484,.T.);
#2586 = ORIENTED_EDGE('',*,*,#2587,.T.);
#2587 = EDGE_CURVE('',#2411,#2588,#2590,.T.);
#2588 = VERTEX_POINT('',#2589);
#2589 = CARTESIAN_POINT('',(16.87830831466,-3.532014699998,22.));
#2590 = SURFACE_CURVE('',#2591,(#2618,#2625),.PCURVE_S1.);
#2591 = ( BOUNDED_CURVE() B_SPLINE_CURVE(9,(#2592,#2593,#2594,#2595,
    #2596,#2597,#2598,#2599,#2600,#2601,#2602,#2603,#2604,#2605,#2606,
    #2607,#2608,#2609,#2610,#2611,#2612,#2613,#2614,#2615,#2616,#2617),
.UNSPECIFIED.,.F.,.F.) B_SPLINE_CURVE_WITH_KNOTS((10,8,8,10),(
    75.946549249947,76.013656107006,94.267070133758,112.5204841605),
.UNSPECIFIED.) CURVE() GEOMETRIC_REPRESENTATION_ITEM() 
RATIONAL_B_SPLINE_CURVE((1.,1.,1.,1.,1.,1.,1.,1.,1.,1.,1.,1.,1.,1.,1.,1.
,1.,1.,1.,1.,1.,1.,1.,1.,1.,1.)) REPRESENTATION_ITEM('') );
#2592 = CARTESIAN_POINT('',(-5.019265959943,15.977005649553,22.));
#2593 = CARTESIAN_POINT('',(-5.019258325941,15.97062997637,22.));
#2594 = CARTESIAN_POINT('',(-5.019249043765,15.964254840218,22.));
#2595 = CARTESIAN_POINT('',(-5.019238112509,15.957880242807,22.));
#2596 = CARTESIAN_POINT('',(-5.019225531259,15.951506185843,22.));
#2597 = CARTESIAN_POINT('',(-5.019211299115,15.945132671038,22.));
#2598 = CARTESIAN_POINT('',(-5.019195415158,15.938759700097,22.));
#2599 = CARTESIAN_POINT('',(-5.019177878488,15.932387274731,22.));
#2600 = CARTESIAN_POINT('',(-5.019158688193,15.926015396646,22.));
#2601 = CARTESIAN_POINT('',(-5.013467941701,14.186609427835,22.));
#2602 = CARTESIAN_POINT('',(-4.885514637574,12.48829484019,22.));
#2603 = CARTESIAN_POINT('',(-4.61465095061,10.842476500297,22.));
#2604 = CARTESIAN_POINT('',(-4.183869188468,9.274529295728,22.));
#2605 = CARTESIAN_POINT('',(-3.578139568646,7.797837172913,22.));
#2606 = CARTESIAN_POINT('',(-2.791680996752,6.446056199279,22.));
#2607 = CARTESIAN_POINT('',(-1.849652047916,5.215070112092,22.));
#2608 = CARTESIAN_POINT('',(-0.756312425383,4.094188401982,22.));
#2609 = CARTESIAN_POINT('',(1.72462702482,2.047737615333,22.));
#2610 = CARTESIAN_POINT('',(3.112384488892,1.122156690226,22.));
#2611 = CARTESIAN_POINT('',(4.643787951047,0.281684274334,22.));
#2612 = CARTESIAN_POINT('',(6.321630236956,-0.4880363181,22.));
#2613 = CARTESIAN_POINT('',(8.148245668741,-1.194621438982,22.));
#2614 = CARTESIAN_POINT('',(10.121889044584,-1.844390068504,22.));
#2615 = CARTESIAN_POINT('',(12.237919263154,-2.445466492766,22.));
#2616 = CARTESIAN_POINT('',(14.492010962186,-3.005250465671,22.));
#2617 = CARTESIAN_POINT('',(16.87830831466,-3.532014699998,22.));
#2618 = PCURVE('',#2497,#2619);
#2619 = DEFINITIONAL_REPRESENTATION('',(#2620),#2624);
#2620 = LINE('',#2621,#2622);
#2621 = CARTESIAN_POINT('',(36.573934910562,0.));
#2622 = VECTOR('',#2623,1.);
#2623 = DIRECTION('',(0.,1.));
#2624 = ( GEOMETRIC_REPRESENTATION_CONTEXT(2) 
PARAMETRIC_REPRESENTATION_CONTEXT() REPRESENTATION_CONTEXT('2D SPACE',''
  ) );
#2625 = PCURVE('',#2437,#2626);
#2626 = DEFINITIONAL_REPRESENTATION('',(#2627),#2654);
#2627 = B_SPLINE_CURVE_WITH_KNOTS('',9,(#2628,#2629,#2630,#2631,#2632,
    #2633,#2634,#2635,#2636,#2637,#2638,#2639,#2640,#2641,#2642,#2643,
    #2644,#2645,#2646,#2647,#2648,#2649,#2650,#2651,#2652,#2653),
  .UNSPECIFIED.,.F.,.F.,(10,8,8,10),(75.946549249947,76.013656107006,
    94.267070133758,112.5204841605),.UNSPECIFIED.);
#2628 = CARTESIAN_POINT('',(6.399811151494,50.977005649553));
#2629 = CARTESIAN_POINT('',(6.399818785496,50.97062997637));
#2630 = CARTESIAN_POINT('',(6.399828067671,50.964254840216));
#2631 = CARTESIAN_POINT('',(6.39983899893,50.957880242811));
#2632 = CARTESIAN_POINT('',(6.399851580176,50.951506185838));
#2633 = CARTESIAN_POINT('',(6.399865812325,50.945132671042));
#2634 = CARTESIAN_POINT('',(6.399881696278,50.938759700094));
#2635 = CARTESIAN_POINT('',(6.39989923295,50.932387274732));
#2636 = CARTESIAN_POINT('',(6.399918423245,50.926015396646));
#2637 = CARTESIAN_POINT('',(6.405609169737,49.186609427836));
#2638 = CARTESIAN_POINT('',(6.533562473863,47.488294840188));
#2639 = CARTESIAN_POINT('',(6.804426160829,45.842476500301));
#2640 = CARTESIAN_POINT('',(7.235207922969,44.274529295725));
#2641 = CARTESIAN_POINT('',(7.840937542792,42.797837172914));
#2642 = CARTESIAN_POINT('',(8.627396114686,41.44605619928));
#2643 = CARTESIAN_POINT('',(9.569425063521,40.215070112091));
#2644 = CARTESIAN_POINT('',(10.662764686054,39.094188401983));
#2645 = CARTESIAN_POINT('',(13.143704136257,37.047737615332));
#2646 = CARTESIAN_POINT('',(14.53146160033,36.122156690228));
#2647 = CARTESIAN_POINT('',(16.062865062483,35.28168427433));
#2648 = CARTESIAN_POINT('',(17.740707348395,34.511963681905));
#2649 = CARTESIAN_POINT('',(19.567322780177,33.805378561014));
#2650 = CARTESIAN_POINT('',(21.540966156022,33.155609931498));
#2651 = CARTESIAN_POINT('',(23.656996374591,32.554533507233));
#2652 = CARTESIAN_POINT('',(25.911088073624,31.994749534329));
#2653 = CARTESIAN_POINT('',(28.297385426097,31.467985300002));
#2654 = ( GEOMETRIC_REPRESENTATION_CONTEXT(2) 
PARAMETRIC_REPRESENTATION_CONTEXT() REPRESENTATION_CONTEXT('2D SPACE',''
  ) );
#2655 = ORIENTED_EDGE('',*,*,#2656,.F.);
#2656 = EDGE_CURVE('',#2657,#2588,#2659,.T.);
#2657 = VERTEX_POINT('',#2658);
#2658 = CARTESIAN_POINT('',(16.580922888563,-4.900065104167,20.6));
#2659 = SURFACE_CURVE('',#2660,(#2664,#2670),.PCURVE_S1.);
#2660 = ( BOUNDED_CURVE() B_SPLINE_CURVE(2,(#2661,#2662,#2663),
.UNSPECIFIED.,.F.,.F.) B_SPLINE_CURVE_WITH_KNOTS((3,3),(0.,
36.573934910562),.PIECEWISE_BEZIER_KNOTS.) CURVE() 
GEOMETRIC_REPRESENTATION_ITEM() RATIONAL_B_SPLINE_CURVE((1.,
0.707106781187,1.)) REPRESENTATION_ITEM('') );
#2661 = CARTESIAN_POINT('',(16.580922888563,-4.900065104167,20.6));
#2662 = CARTESIAN_POINT('',(16.580922888563,-4.900065104167,22.));
#2663 = CARTESIAN_POINT('',(16.87830831466,-3.532014699998,22.));
#2664 = PCURVE('',#2497,#2665);
#2665 = DEFINITIONAL_REPRESENTATION('',(#2666),#2669);
#2666 = B_SPLINE_CURVE_WITH_KNOTS('',1,(#2667,#2668),.UNSPECIFIED.,.F.,
  .F.,(2,2),(0.,36.573934910562),.PIECEWISE_BEZIER_KNOTS.);
#2667 = CARTESIAN_POINT('',(0.,112.5204841605));
#2668 = CARTESIAN_POINT('',(36.573934910562,112.5204841605));
#2669 = ( GEOMETRIC_REPRESENTATION_CONTEXT(2) 
PARAMETRIC_REPRESENTATION_CONTEXT() REPRESENTATION_CONTEXT('2D SPACE',''
  ) );
#2670 = PCURVE('',#2671,#2676);
#2671 = CYLINDRICAL_SURFACE('',#2672,1.4);
#2672 = AXIS2_PLACEMENT_3D('',#2673,#2674,#2675);
#2673 = CARTESIAN_POINT('',(16.87830831466,-3.532014699998,20.6));
#2674 = DIRECTION('',(0.97717886012,-0.212418161498,0.));
#2675 = DIRECTION('',(-0.212418161498,-0.97717886012,0.));
#2676 = DEFINITIONAL_REPRESENTATION('',(#2677),#2688);
#2677 = B_SPLINE_CURVE_WITH_KNOTS('',9,(#2678,#2679,#2680,#2681,#2682,
    #2683,#2684,#2685,#2686,#2687),.UNSPECIFIED.,.F.,.F.,(10,10),(0.,
    36.573934910562),.PIECEWISE_BEZIER_KNOTS.);
#2678 = CARTESIAN_POINT('',(0.,-1.110223024625E-15));
#2679 = CARTESIAN_POINT('',(-0.157134840264,-1.110223024625E-15));
#2680 = CARTESIAN_POINT('',(-0.325774716821,-1.110223024625E-15));
#2681 = CARTESIAN_POINT('',(-0.50456638687,-1.110223024625E-15));
#2682 = CARTESIAN_POINT('',(-0.690744851612,-1.110223024625E-15));
#2683 = CARTESIAN_POINT('',(-0.880051475183,-1.110223024625E-15));
#2684 = CARTESIAN_POINT('',(-1.066229939925,-1.110223024625E-15));
#2685 = CARTESIAN_POINT('',(-1.245021609974,-1.110223024625E-15));
#2686 = CARTESIAN_POINT('',(-1.413661486531,-1.110223024625E-15));
#2687 = CARTESIAN_POINT('',(-1.570796326795,-1.110223024625E-15));
#2688 = ( GEOMETRIC_REPRESENTATION_CONTEXT(2) 
PARAMETRIC_REPRESENTATION_CONTEXT() REPRESENTATION_CONTEXT('2D SPACE',''
  ) );
#2689 = ORIENTED_EDGE('',*,*,#2690,.F.);
#2690 = EDGE_CURVE('',#2101,#2657,#2691,.T.);
#2691 = SURFACE_CURVE('',#2692,(#2719,#2726),.PCURVE_S1.);
#2692 = ( BOUNDED_CURVE() B_SPLINE_CURVE(9,(#2693,#2694,#2695,#2696,
    #2697,#2698,#2699,#2700,#2701,#2702,#2703,#2704,#2705,#2706,#2707,
    #2708,#2709,#2710,#2711,#2712,#2713,#2714,#2715,#2716,#2717,#2718),
.UNSPECIFIED.,.F.,.F.) B_SPLINE_CURVE_WITH_KNOTS((10,8,8,10),(
    75.946549249947,76.013656107006,94.267070133758,112.5204841605),
.UNSPECIFIED.) CURVE() GEOMETRIC_REPRESENTATION_ITEM() 
RATIONAL_B_SPLINE_CURVE((1.,1.,1.,1.,1.,1.,1.,1.,1.,1.,1.,1.,1.,1.,1.,1.
,1.,1.,1.,1.,1.,1.,1.,1.,1.,1.)) REPRESENTATION_ITEM('') );
#2693 = CARTESIAN_POINT('',(-6.419077111437,16.,20.6));
#2694 = CARTESIAN_POINT('',(-6.419077111437,15.993159596965,20.6));
#2695 = CARTESIAN_POINT('',(-6.419075290833,15.98631965867,20.6));
#2696 = CARTESIAN_POINT('',(-6.41907164863,15.979480186531,20.6));
#2697 = CARTESIAN_POINT('',(-6.419066183833,15.972641181966,20.6));
#2698 = CARTESIAN_POINT('',(-6.419058895448,15.965802646392,20.6));
#2699 = CARTESIAN_POINT('',(-6.419049782479,15.958964581227,20.6));
#2700 = CARTESIAN_POINT('',(-6.419038843932,15.952126987888,20.6));
#2701 = CARTESIAN_POINT('',(-6.419026078813,15.945289867793,20.6));
#2702 = CARTESIAN_POINT('',(-6.415042199257,14.078850118821,20.6));
#2703 = CARTESIAN_POINT('',(-6.275899632506,12.254388520919,20.6));
#2704 = CARTESIAN_POINT('',(-5.981273040642,10.479694757195,20.6));
#2705 = CARTESIAN_POINT('',(-5.511782595011,8.77944625673,20.6));
#2706 = CARTESIAN_POINT('',(-4.85072106454,7.167613378464,20.6));
#2707 = CARTESIAN_POINT('',(-3.987768769546,5.684233841623,20.6));
#2708 = CARTESIAN_POINT('',(-2.95464328223,4.335096781061,20.6));
#2709 = CARTESIAN_POINT('',(-1.763062016603,3.112717822184,20.6));
#2710 = CARTESIAN_POINT('',(0.915361479944,0.897990462126,20.6));
#2711 = CARTESIAN_POINT('',(2.402357742363,-9.44067263779E-02,20.6));
#2712 = CARTESIAN_POINT('',(4.026919593604,-0.983711483551,20.6));
#2713 = CARTESIAN_POINT('',(5.786023817886,-1.78745243151,20.6));
#2714 = CARTESIAN_POINT('',(7.680925583191,-2.517915869398,20.6));
#2715 = CARTESIAN_POINT('',(9.711005354715,-3.184801026593,20.6));
#2716 = CARTESIAN_POINT('',(11.872937215299,-3.798015513126,20.6));
#2717 = CARTESIAN_POINT('',(14.164256221896,-4.36669921875,20.6));
#2718 = CARTESIAN_POINT('',(16.580922888563,-4.900065104167,20.6));
#2719 = PCURVE('',#2497,#2720);
#2720 = DEFINITIONAL_REPRESENTATION('',(#2721),#2725);
#2721 = LINE('',#2722,#2723);
#2722 = CARTESIAN_POINT('',(0.,0.));
#2723 = VECTOR('',#2724,1.);
#2724 = DIRECTION('',(0.,1.));
#2725 = ( GEOMETRIC_REPRESENTATION_CONTEXT(2) 
PARAMETRIC_REPRESENTATION_CONTEXT() REPRESENTATION_CONTEXT('2D SPACE',''
  ) );
#2726 = PCURVE('',#2208,#2727);
#2727 = DEFINITIONAL_REPRESENTATION('',(#2728),#2751);
#2728 = B_SPLINE_CURVE_WITH_KNOTS('',11,(#2729,#2730,#2731,#2732,#2733,
    #2734,#2735,#2736,#2737,#2738,#2739,#2740,#2741,#2742,#2743,#2744,
    #2745,#2746,#2747,#2748,#2749,#2750),.UNSPECIFIED.,.F.,.F.,(12,10,12
    ),(75.946549249947,94.233516705228,112.5204841605),.UNSPECIFIED.);
#2729 = CARTESIAN_POINT('',(6.194586974378E-17,-20.6));
#2730 = CARTESIAN_POINT('',(3.971647223371E-02,-20.6));
#2731 = CARTESIAN_POINT('',(8.098102298957E-02,-20.59999999996));
#2732 = CARTESIAN_POINT('',(0.123793082241,-20.6000000001));
#2733 = CARTESIAN_POINT('',(0.168059556014,-20.59999999982));
#2734 = CARTESIAN_POINT('',(0.213629419952,-20.60000000019));
#2735 = CARTESIAN_POINT('',(0.260321822927,-20.59999999985));
#2736 = CARTESIAN_POINT('',(0.307648065264,-20.60000000007));
#2737 = CARTESIAN_POINT('',(0.355139917686,-20.59999999997));
#2738 = CARTESIAN_POINT('',(0.402450802306,-20.6));
#2739 = CARTESIAN_POINT('',(0.449485722763,-20.6));
#2740 = CARTESIAN_POINT('',(0.542918535566,-20.59999999999));
#2741 = CARTESIAN_POINT('',(0.589319274809,-20.6));
#2742 = CARTESIAN_POINT('',(0.635370118911,-20.59999999999));
#2743 = CARTESIAN_POINT('',(0.681159527767,-20.6));
#2744 = CARTESIAN_POINT('',(0.726794179894,-20.6));
#2745 = CARTESIAN_POINT('',(0.772353995888,-20.59999999999));
#2746 = CARTESIAN_POINT('',(0.817884181684,-20.6));
#2747 = CARTESIAN_POINT('',(0.86340566685,-20.59999999999));
#2748 = CARTESIAN_POINT('',(0.908929161054,-20.6));
#2749 = CARTESIAN_POINT('',(0.954461899993,-20.6));
#2750 = CARTESIAN_POINT('',(1.,-20.6));
#2751 = ( GEOMETRIC_REPRESENTATION_CONTEXT(2) 
PARAMETRIC_REPRESENTATION_CONTEXT() REPRESENTATION_CONTEXT('2D SPACE',''
  ) );
#2752 = ADVANCED_FACE('',(#2753),#2671,.T.);
#2753 = FACE_BOUND('',#2754,.F.);
#2754 = EDGE_LOOP('',(#2755,#2756,#2779,#2929));
#2755 = ORIENTED_EDGE('',*,*,#2656,.T.);
#2756 = ORIENTED_EDGE('',*,*,#2757,.T.);
#2757 = EDGE_CURVE('',#2588,#2758,#2760,.T.);
#2758 = VERTEX_POINT('',#2759);
#2759 = CARTESIAN_POINT('',(19.178438522993,-4.032014699998,22.));
#2760 = SURFACE_CURVE('',#2761,(#2765,#2772),.PCURVE_S1.);
#2761 = LINE('',#2762,#2763);
#2762 = CARTESIAN_POINT('',(16.87830831466,-3.532014699998,22.));
#2763 = VECTOR('',#2764,1.);
#2764 = DIRECTION('',(0.97717886012,-0.212418161498,0.));
#2765 = PCURVE('',#2671,#2766);
#2766 = DEFINITIONAL_REPRESENTATION('',(#2767),#2771);
#2767 = LINE('',#2768,#2769);
#2768 = CARTESIAN_POINT('',(-1.570796326795,0.));
#2769 = VECTOR('',#2770,1.);
#2770 = DIRECTION('',(-0.,1.));
#2771 = ( GEOMETRIC_REPRESENTATION_CONTEXT(2) 
PARAMETRIC_REPRESENTATION_CONTEXT() REPRESENTATION_CONTEXT('2D SPACE',''
  ) );
#2772 = PCURVE('',#2437,#2773);
#2773 = DEFINITIONAL_REPRESENTATION('',(#2774),#2778);
#2774 = LINE('',#2775,#2776);
#2775 = CARTESIAN_POINT('',(28.297385426097,31.467985300002));
#2776 = VECTOR('',#2777,1.);
#2777 = DIRECTION('',(0.97717886012,-0.212418161498));
#2778 = ( GEOMETRIC_REPRESENTATION_CONTEXT(2) 
PARAMETRIC_REPRESENTATION_CONTEXT() REPRESENTATION_CONTEXT('2D SPACE',''
  ) );
#2779 = ORIENTED_EDGE('',*,*,#2780,.F.);
#2780 = EDGE_CURVE('',#2781,#2758,#2783,.T.);
#2781 = VERTEX_POINT('',#2782);
#2782 = CARTESIAN_POINT('',(18.881053096896,-5.400065104167,20.6));
#2783 = SURFACE_CURVE('',#2784,(#2789,#2795),.PCURVE_S1.);
#2784 = CIRCLE('',#2785,1.4);
#2785 = AXIS2_PLACEMENT_3D('',#2786,#2787,#2788);
#2786 = CARTESIAN_POINT('',(19.178438522993,-4.032014699998,20.6));
#2787 = DIRECTION('',(-0.97717886012,0.212418161498,0.));
#2788 = DIRECTION('',(-0.212418161498,-0.97717886012,0.));
#2789 = PCURVE('',#2671,#2790);
#2790 = DEFINITIONAL_REPRESENTATION('',(#2791),#2794);
#2791 = B_SPLINE_CURVE_WITH_KNOTS('',1,(#2792,#2793),.UNSPECIFIED.,.F.,
  .F.,(2,2),(0.,1.570796326795),.PIECEWISE_BEZIER_KNOTS.);
#2792 = CARTESIAN_POINT('',(0.,2.353847695856));
#2793 = CARTESIAN_POINT('',(-1.570796326795,2.353847695856));
#2794 = ( GEOMETRIC_REPRESENTATION_CONTEXT(2) 
PARAMETRIC_REPRESENTATION_CONTEXT() REPRESENTATION_CONTEXT('2D SPACE',''
  ) );
#2795 = PCURVE('',#2796,#2884);
#2796 = ( BOUNDED_SURFACE() B_SPLINE_SURFACE(2,10,(
    (#2797,#2798,#2799,#2800,#2801,#2802,#2803,#2804,#2805,#2806,#2807
      ,#2808,#2809,#2810,#2811,#2812,#2813,#2814,#2815,#2816,#2817,#2818
      ,#2819,#2820,#2821,#2822,#2823,#2824,#2825)
    ,(#2826,#2827,#2828,#2829,#2830,#2831,#2832,#2833,#2834,#2835,#2836
      ,#2837,#2838,#2839,#2840,#2841,#2842,#2843,#2844,#2845,#2846,#2847
      ,#2848,#2849,#2850,#2851,#2852,#2853,#2854)
    ,(#2855,#2856,#2857,#2858,#2859,#2860,#2861,#2862,#2863,#2864,#2865
      ,#2866,#2867,#2868,#2869,#2870,#2871,#2872,#2873,#2874,#2875,#2876
      ,#2877,#2878,#2879,#2880,#2881,#2882,#2883
)),.UNSPECIFIED.,.F.,.F.,.F.) B_SPLINE_SURFACE_WITH_KNOTS((3,3),(11,9,9,
    11),(0.,20.280524139245),(114.87433185636,124.97898252979,
    135.08363320322,135.15485599561),.UNSPECIFIED.) 
GEOMETRIC_REPRESENTATION_ITEM() RATIONAL_B_SPLINE_SURFACE((
    (1.,1.,1.,1.,0.999999999999,1.000000000001,0.999999999999,1.,1.,1.
      ,1.,1.,1.,1.,1.,1.,1.,1.,1.,1.,1.,1.,0.999999999999,1.000000000001
      ,1.,1.,1.,1.,1.)
    ,(0.707106781187,0.707106781187,0.707106781186,0.707106781187
      ,0.707106781186,0.707106781187,0.707106781186,0.707106781187
      ,0.707106781186,0.707106781187,0.707106781187,0.707106781187
      ,0.707106781187,0.707106781186,0.707106781187,0.707106781186
      ,0.707106781187,0.707106781187,0.707106781187,0.707106781187
      ,0.707106781186,0.707106781187,0.707106781186,0.707106781187
      ,0.707106781186,0.707106781187,0.707106781186,0.707106781187
      ,0.707106781187)
    ,(1.,1.,1.,1.,0.999999999999,1.000000000001,0.999999999999,1.,1.,1.
      ,1.,1.,1.,1.,1.,1.,1.,1.,1.,1.,1.,1.,0.999999999999,1.000000000001
,1.,1.,1.,1.,1.))) REPRESENTATION_ITEM('') SURFACE() );
#2797 = CARTESIAN_POINT('',(18.881053096896,-5.400065104167,20.6));
#2798 = CARTESIAN_POINT('',(20.231053096896,-5.700065104167,20.6));
#2799 = CARTESIAN_POINT('',(21.515933869993,-6.000054409797,20.6));
#2800 = CARTESIAN_POINT('',(22.734336352676,-6.303896582184,20.6));
#2801 = CARTESIAN_POINT('',(23.885123334755,-6.615650508415,20.6));
#2802 = CARTESIAN_POINT('',(24.967121435004,-6.93927269407,20.6));
#2803 = CARTESIAN_POINT('',(25.979295072317,-7.278673851952,20.6));
#2804 = CARTESIAN_POINT('',(26.921019052378,-7.637962806268,20.6));
#2805 = CARTESIAN_POINT('',(27.792116390078,-8.021710731575,20.6));
#2806 = CARTESIAN_POINT('',(28.592327987607,-8.43506874574,20.6));
#2807 = CARTESIAN_POINT('',(30.047433589341,-9.3320750067,20.6));
#2808 = CARTESIAN_POINT('',(30.702271885995,-9.815673223035,20.6));
#2809 = CARTESIAN_POINT('',(31.283109848764,-10.33987494896,20.6));
#2810 = CARTESIAN_POINT('',(31.784546679634,-10.90961601449,20.6));
#2811 = CARTESIAN_POINT('',(32.20714979921,-11.52902090784,20.6));
#2812 = CARTESIAN_POINT('',(32.529324113943,-12.20049790909,20.6));
#2813 = CARTESIAN_POINT('',(32.759420835288,-12.90107119644,20.6));
#2814 = CARTESIAN_POINT('',(32.905628818455,-13.62937318768,20.6));
#2815 = CARTESIAN_POINT('',(32.976617599592,-14.37845005406,20.6));
#2816 = CARTESIAN_POINT('',(32.980869138798,-15.15115486309,20.6));
#2817 = CARTESIAN_POINT('',(32.980895578046,-15.1565640683,20.6));
#2818 = CARTESIAN_POINT('',(32.980918702163,-15.1619741733,20.6));
#2819 = CARTESIAN_POINT('',(32.980938514074,-15.16738517438,20.6));
#2820 = CARTESIAN_POINT('',(32.980955016694,-15.17279706785,20.6));
#2821 = CARTESIAN_POINT('',(32.980968212951,-15.17820985001,20.6));
#2822 = CARTESIAN_POINT('',(32.98097810576,-15.18362351717,20.6));
#2823 = CARTESIAN_POINT('',(32.980984698047,-15.18903806562,20.6));
#2824 = CARTESIAN_POINT('',(32.980987992729,-15.19445349169,20.6));
#2825 = CARTESIAN_POINT('',(32.980987992729,-15.19986979166,20.6));
#2826 = CARTESIAN_POINT('',(18.881053096896,-5.400065104167,22.));
#2827 = CARTESIAN_POINT('',(20.231053096896,-5.700065104167,22.));
#2828 = CARTESIAN_POINT('',(21.515933869993,-6.000054409797,22.));
#2829 = CARTESIAN_POINT('',(22.734336352676,-6.303896582184,22.));
#2830 = CARTESIAN_POINT('',(23.885123334755,-6.615650508415,22.));
#2831 = CARTESIAN_POINT('',(24.967121435004,-6.93927269407,22.));
#2832 = CARTESIAN_POINT('',(25.979295072317,-7.278673851953,22.));
#2833 = CARTESIAN_POINT('',(26.921019052378,-7.637962806268,22.));
#2834 = CARTESIAN_POINT('',(27.792116390078,-8.021710731575,22.));
#2835 = CARTESIAN_POINT('',(28.592327987607,-8.43506874574,22.));
#2836 = CARTESIAN_POINT('',(30.047433589341,-9.3320750067,22.));
#2837 = CARTESIAN_POINT('',(30.702271885995,-9.815673223035,22.));
#2838 = CARTESIAN_POINT('',(31.283109848764,-10.33987494896,22.));
#2839 = CARTESIAN_POINT('',(31.784546679635,-10.90961601449,22.));
#2840 = CARTESIAN_POINT('',(32.20714979921,-11.52902090784,22.));
#2841 = CARTESIAN_POINT('',(32.529324113944,-12.20049790909,22.));
#2842 = CARTESIAN_POINT('',(32.759420835288,-12.90107119644,22.));
#2843 = CARTESIAN_POINT('',(32.905628818456,-13.62937318768,22.));
#2844 = CARTESIAN_POINT('',(32.976617599591,-14.37845005406,22.));
#2845 = CARTESIAN_POINT('',(32.980869138798,-15.15115486309,22.));
#2846 = CARTESIAN_POINT('',(32.980895578045,-15.1565640683,22.));
#2847 = CARTESIAN_POINT('',(32.980918702163,-15.1619741733,22.));
#2848 = CARTESIAN_POINT('',(32.980938514072,-15.16738517438,22.));
#2849 = CARTESIAN_POINT('',(32.980955016695,-15.17279706785,22.));
#2850 = CARTESIAN_POINT('',(32.98096821295,-15.17820985001,22.));
#2851 = CARTESIAN_POINT('',(32.980978105761,-15.18362351717,22.));
#2852 = CARTESIAN_POINT('',(32.980984698047,-15.18903806562,22.));
#2853 = CARTESIAN_POINT('',(32.980987992729,-15.19445349169,22.));
#2854 = CARTESIAN_POINT('',(32.980987992729,-15.19986979166,22.));
#2855 = CARTESIAN_POINT('',(19.178438522993,-4.032014699998,22.));
#2856 = CARTESIAN_POINT('',(20.541162860241,-4.33478070368,22.));
#2857 = CARTESIAN_POINT('',(21.84316059115,-4.638649941805,22.));
#2858 = CARTESIAN_POINT('',(23.084169906907,-4.947791676654,22.));
#2859 = CARTESIAN_POINT('',(24.264181705246,-5.266947414235,22.));
#2860 = CARTESIAN_POINT('',(25.383238739067,-5.600825571624,22.));
#2861 = CARTESIAN_POINT('',(26.441632735263,-5.954393692957,22.));
#2862 = CARTESIAN_POINT('',(27.440042682003,-6.333547482016,22.));
#2863 = CARTESIAN_POINT('',(28.379157482797,-6.745635919596,22.));
#2864 = CARTESIAN_POINT('',(29.258326175507,-7.199321733558,22.));
#2865 = CARTESIAN_POINT('',(30.887231653838,-8.207191245918,22.));
#2866 = CARTESIAN_POINT('',(31.636920182235,-8.76128972964,22.));
#2867 = CARTESIAN_POINT('',(32.317797651647,-9.374178565815,22.));
#2868 = CARTESIAN_POINT('',(32.918743889947,-10.05274939766,22.));
#2869 = CARTESIAN_POINT('',(33.434274101362,-10.80221977389,22.));
#2870 = CARTESIAN_POINT('',(33.828876072423,-11.61944710553,22.));
#2871 = CARTESIAN_POINT('',(34.110590188251,-12.46814295832,22.));
#2872 = CARTESIAN_POINT('',(34.289117576465,-13.34290463803,22.));
#2873 = CARTESIAN_POINT('',(34.375699853554,-14.23333985933,22.));
#2874 = CARTESIAN_POINT('',(34.380845547811,-15.14297117646,22.));
#2875 = CARTESIAN_POINT('',(34.380877514068,-15.14933838919,22.));
#2876 = CARTESIAN_POINT('',(34.38090543478,-15.15570613752,22.));
#2877 = CARTESIAN_POINT('',(34.380929313805,-15.16207441964,22.));
#2878 = CARTESIAN_POINT('',(34.380949154983,-15.16844323373,22.));
#2879 = CARTESIAN_POINT('',(34.380964962179,-15.17481257797,22.));
#2880 = CARTESIAN_POINT('',(34.380976739232,-15.18118245055,22.));
#2881 = CARTESIAN_POINT('',(34.380984490003,-15.18755284966,22.));
#2882 = CARTESIAN_POINT('',(34.380988218338,-15.19392377348,22.));
#2883 = CARTESIAN_POINT('',(34.38098792809,-15.19986979166,22.));
#2884 = DEFINITIONAL_REPRESENTATION('',(#2885),#2928);
#2885 = B_SPLINE_CURVE_WITH_KNOTS('',11,(#2886,#2887,#2888,#2889,#2890,
    #2891,#2892,#2893,#2894,#2895,#2896,#2897,#2898,#2899,#2900,#2901,
    #2902,#2903,#2904,#2905,#2906,#2907,#2908,#2909,#2910,#2911,#2912,
    #2913,#2914,#2915,#2916,#2917,#2918,#2919,#2920,#2921,#2922,#2923,
    #2924,#2925,#2926,#2927),.UNSPECIFIED.,.F.,.F.,(12,10,10,10,12),(0.,
    0.392699081699,0.785398163397,1.178097245096,1.570796326795),
  .UNSPECIFIED.);
#2886 = CARTESIAN_POINT('',(-1.7763568394E-15,114.87433185636));
#2887 = CARTESIAN_POINT('',(0.5119545152,114.87433185636));
#2888 = CARTESIAN_POINT('',(1.015581389753,114.87433185638));
#2889 = CARTESIAN_POINT('',(1.511545678451,114.87433185631));
#2890 = CARTESIAN_POINT('',(2.000465611558,114.87433185644));
#2891 = CARTESIAN_POINT('',(2.482922457746,114.87433185627));
#2892 = CARTESIAN_POINT('',(2.959464217135,114.87433185644));
#2893 = CARTESIAN_POINT('',(3.430608315312,114.87433185631));
#2894 = CARTESIAN_POINT('',(3.896845813846,114.87433185639));
#2895 = CARTESIAN_POINT('',(4.358646996619,114.87433185635));
#2896 = CARTESIAN_POINT('',(4.816465535968,114.87433185636));
#2897 = CARTESIAN_POINT('',(5.72500603712,114.87433185636));
#2898 = CARTESIAN_POINT('',(6.175727234987,114.87433185636));
#2899 = CARTESIAN_POINT('',(6.623342236018,114.87433185636));
#2900 = CARTESIAN_POINT('',(7.068237037116,114.87433185637));
#2901 = CARTESIAN_POINT('',(7.510904198104,114.87433185635));
#2902 = CARTESIAN_POINT('',(7.9515997555,114.87433185638));
#2903 = CARTESIAN_POINT('',(8.390841306807,114.87433185635));
#2904 = CARTESIAN_POINT('',(8.828949557273,114.87433185637));
#2905 = CARTESIAN_POINT('',(9.266301767164,114.87433185636));
#2906 = CARTESIAN_POINT('',(9.703282162077,114.87433185636));
#2907 = CARTESIAN_POINT('',(10.577241977168,114.87433185636));
#2908 = CARTESIAN_POINT('',(11.014222372082,114.87433185636));
#2909 = CARTESIAN_POINT('',(11.451574581969,114.87433185636));
#2910 = CARTESIAN_POINT('',(11.889682832442,114.87433185637));
#2911 = CARTESIAN_POINT('',(12.328924383738,114.87433185635));
#2912 = CARTESIAN_POINT('',(12.769619941148,114.87433185637));
#2913 = CARTESIAN_POINT('',(13.212287102124,114.87433185636));
#2914 = CARTESIAN_POINT('',(13.65718190323,114.87433185636));
#2915 = CARTESIAN_POINT('',(14.104796904257,114.87433185636));
#2916 = CARTESIAN_POINT('',(14.555518102125,114.87433185636));
#2917 = CARTESIAN_POINT('',(15.464058603277,114.87433185636));
#2918 = CARTESIAN_POINT('',(15.921877142624,114.87433185635));
#2919 = CARTESIAN_POINT('',(16.383678325405,114.8743318564));
#2920 = CARTESIAN_POINT('',(16.84991582392,114.87433185628));
#2921 = CARTESIAN_POINT('',(17.321059922128,114.87433185647));
#2922 = CARTESIAN_POINT('',(17.797601681479,114.87433185624));
#2923 = CARTESIAN_POINT('',(18.280058527704,114.87433185646));
#2924 = CARTESIAN_POINT('',(18.768978460784,114.8743318563));
#2925 = CARTESIAN_POINT('',(19.264942749496,114.87433185638));
#2926 = CARTESIAN_POINT('',(19.768569624044,114.87433185636));
#2927 = CARTESIAN_POINT('',(20.280524139245,114.87433185636));
#2928 = ( GEOMETRIC_REPRESENTATION_CONTEXT(2) 
PARAMETRIC_REPRESENTATION_CONTEXT() REPRESENTATION_CONTEXT('2D SPACE',''
  ) );
#2929 = ORIENTED_EDGE('',*,*,#2930,.F.);
#2930 = EDGE_CURVE('',#2657,#2781,#2931,.T.);
#2931 = SURFACE_CURVE('',#2932,(#2936,#2943),.PCURVE_S1.);
#2932 = LINE('',#2933,#2934);
#2933 = CARTESIAN_POINT('',(16.580922888563,-4.900065104167,20.6));
#2934 = VECTOR('',#2935,1.);
#2935 = DIRECTION('',(0.97717886012,-0.212418161498,0.));
#2936 = PCURVE('',#2671,#2937);
#2937 = DEFINITIONAL_REPRESENTATION('',(#2938),#2942);
#2938 = LINE('',#2939,#2940);
#2939 = CARTESIAN_POINT('',(-0.,0.));
#2940 = VECTOR('',#2941,1.);
#2941 = DIRECTION('',(-0.,1.));
#2942 = ( GEOMETRIC_REPRESENTATION_CONTEXT(2) 
PARAMETRIC_REPRESENTATION_CONTEXT() REPRESENTATION_CONTEXT('2D SPACE',''
  ) );
#2943 = PCURVE('',#2944,#2949);
#2944 = PLANE('',#2945);
#2945 = AXIS2_PLACEMENT_3D('',#2946,#2947,#2948);
#2946 = CARTESIAN_POINT('',(16.580922888563,-4.900065104167,0.));
#2947 = DIRECTION('',(0.212418161498,0.97717886012,-0.));
#2948 = DIRECTION('',(0.97717886012,-0.212418161498,0.));
#2949 = DEFINITIONAL_REPRESENTATION('',(#2950),#2954);
#2950 = LINE('',#2951,#2952);
#2951 = CARTESIAN_POINT('',(1.110223024625E-15,-20.6));
#2952 = VECTOR('',#2953,1.);
#2953 = DIRECTION('',(1.,0.));
#2954 = ( GEOMETRIC_REPRESENTATION_CONTEXT(2) 
PARAMETRIC_REPRESENTATION_CONTEXT() REPRESENTATION_CONTEXT('2D SPACE',''
  ) );
#2955 = ADVANCED_FACE('',(#2956),#2796,.F.);
#2956 = FACE_BOUND('',#2957,.F.);
#2957 = EDGE_LOOP('',(#2958,#2959,#3034,#3098));
#2958 = ORIENTED_EDGE('',*,*,#2780,.T.);
#2959 = ORIENTED_EDGE('',*,*,#2960,.T.);
#2960 = EDGE_CURVE('',#2758,#2961,#2963,.T.);
#2961 = VERTEX_POINT('',#2962);
#2962 = CARTESIAN_POINT('',(34.38098792809,-15.19986979166,22.));
#2963 = SURFACE_CURVE('',#2964,(#2994,#3001),.PCURVE_S1.);
#2964 = ( BOUNDED_CURVE() B_SPLINE_CURVE(10,(#2965,#2966,#2967,#2968,
    #2969,#2970,#2971,#2972,#2973,#2974,#2975,#2976,#2977,#2978,#2979,
    #2980,#2981,#2982,#2983,#2984,#2985,#2986,#2987,#2988,#2989,#2990,
#2991,#2992,#2993),.UNSPECIFIED.,.F.,.F.) B_SPLINE_CURVE_WITH_KNOTS((11,
    9,9,11),(114.87433185636,124.97898252979,135.08363320322,
135.15485599561),.UNSPECIFIED.) CURVE() GEOMETRIC_REPRESENTATION_ITEM() 
RATIONAL_B_SPLINE_CURVE((1.,1.,1.,1.,0.999999999999,1.000000000001,
    0.999999999999,1.,1.,1.,1.,1.,1.,1.,1.,1.,1.,1.,1.,1.,1.,1.,
0.999999999999,1.000000000001,1.,1.,1.,1.,1.)) REPRESENTATION_ITEM('') 
  );
#2965 = CARTESIAN_POINT('',(19.178438522993,-4.032014699998,22.));
#2966 = CARTESIAN_POINT('',(20.541162860241,-4.33478070368,22.));
#2967 = CARTESIAN_POINT('',(21.84316059115,-4.638649941805,22.));
#2968 = CARTESIAN_POINT('',(23.084169906907,-4.947791676654,22.));
#2969 = CARTESIAN_POINT('',(24.264181705246,-5.266947414235,22.));
#2970 = CARTESIAN_POINT('',(25.383238739067,-5.600825571624,22.));
#2971 = CARTESIAN_POINT('',(26.441632735263,-5.954393692957,22.));
#2972 = CARTESIAN_POINT('',(27.440042682003,-6.333547482016,22.));
#2973 = CARTESIAN_POINT('',(28.379157482797,-6.745635919596,22.));
#2974 = CARTESIAN_POINT('',(29.258326175507,-7.199321733558,22.));
#2975 = CARTESIAN_POINT('',(30.887231653838,-8.207191245918,22.));
#2976 = CARTESIAN_POINT('',(31.636920182235,-8.76128972964,22.));
#2977 = CARTESIAN_POINT('',(32.317797651647,-9.374178565815,22.));
#2978 = CARTESIAN_POINT('',(32.918743889947,-10.05274939766,22.));
#2979 = CARTESIAN_POINT('',(33.434274101362,-10.80221977389,22.));
#2980 = CARTESIAN_POINT('',(33.828876072423,-11.61944710553,22.));
#2981 = CARTESIAN_POINT('',(34.110590188251,-12.46814295832,22.));
#2982 = CARTESIAN_POINT('',(34.289117576465,-13.34290463803,22.));
#2983 = CARTESIAN_POINT('',(34.375699853554,-14.23333985933,22.));
#2984 = CARTESIAN_POINT('',(34.380845547811,-15.14297117646,22.));
#2985 = CARTESIAN_POINT('',(34.380877514068,-15.14933838919,22.));
#2986 = CARTESIAN_POINT('',(34.38090543478,-15.15570613752,22.));
#2987 = CARTESIAN_POINT('',(34.380929313805,-15.16207441964,22.));
#2988 = CARTESIAN_POINT('',(34.380949154983,-15.16844323373,22.));
#2989 = CARTESIAN_POINT('',(34.380964962179,-15.17481257797,22.));
#2990 = CARTESIAN_POINT('',(34.380976739232,-15.18118245055,22.));
#2991 = CARTESIAN_POINT('',(34.380984490003,-15.18755284966,22.));
#2992 = CARTESIAN_POINT('',(34.380988218338,-15.19392377348,22.));
#2993 = CARTESIAN_POINT('',(34.38098792809,-15.19986979166,22.));
#2994 = PCURVE('',#2796,#2995);
#2995 = DEFINITIONAL_REPRESENTATION('',(#2996),#3000);
#2996 = LINE('',#2997,#2998);
#2997 = CARTESIAN_POINT('',(20.280524139245,0.));
#2998 = VECTOR('',#2999,1.);
#2999 = DIRECTION('',(0.,1.));
#3000 = ( GEOMETRIC_REPRESENTATION_CONTEXT(2) 
PARAMETRIC_REPRESENTATION_CONTEXT() REPRESENTATION_CONTEXT('2D SPACE',''
  ) );
#3001 = PCURVE('',#2437,#3002);
#3002 = DEFINITIONAL_REPRESENTATION('',(#3003),#3033);
#3003 = B_SPLINE_CURVE_WITH_KNOTS('',10,(#3004,#3005,#3006,#3007,#3008,
    #3009,#3010,#3011,#3012,#3013,#3014,#3015,#3016,#3017,#3018,#3019,
    #3020,#3021,#3022,#3023,#3024,#3025,#3026,#3027,#3028,#3029,#3030,
    #3031,#3032),.UNSPECIFIED.,.F.,.F.,(11,9,9,11),(114.87433185636,
    124.97898252979,135.08363320322,135.15485599561),.UNSPECIFIED.);
#3004 = CARTESIAN_POINT('',(30.59751563443,30.967985300002));
#3005 = CARTESIAN_POINT('',(31.96023997168,30.665219296322));
#3006 = CARTESIAN_POINT('',(33.262237702582,30.36135005819));
#3007 = CARTESIAN_POINT('',(34.503247018356,30.052208323358));
#3008 = CARTESIAN_POINT('',(35.683258816665,29.733052585748));
#3009 = CARTESIAN_POINT('',(36.802315850524,29.399174428395));
#3010 = CARTESIAN_POINT('',(37.860709846686,29.045606307028));
#3011 = CARTESIAN_POINT('',(38.859119793449,28.666452517993));
#3012 = CARTESIAN_POINT('',(39.798234594231,28.254364080401));
#3013 = CARTESIAN_POINT('',(40.677403286945,27.800678266442));
#3014 = CARTESIAN_POINT('',(42.306308765276,26.792808754082));
#3015 = CARTESIAN_POINT('',(43.055997293668,26.238710270357));
#3016 = CARTESIAN_POINT('',(43.736874763095,25.625821434193));
#3017 = CARTESIAN_POINT('',(44.337821001368,24.947250602319));
#3018 = CARTESIAN_POINT('',(44.853351212818,24.19778022612));
#3019 = CARTESIAN_POINT('',(45.247953183846,23.380552894453));
#3020 = CARTESIAN_POINT('',(45.529667299696,22.531857041683));
#3021 = CARTESIAN_POINT('',(45.708194687901,21.657095361963));
#3022 = CARTESIAN_POINT('',(45.794776964991,20.766660140664));
#3023 = CARTESIAN_POINT('',(45.799922659249,19.857028823536));
#3024 = CARTESIAN_POINT('',(45.7999546255,19.8506616108));
#3025 = CARTESIAN_POINT('',(45.799982546232,19.844293862475));
#3026 = CARTESIAN_POINT('',(45.800006425221,19.837925580346));
#3027 = CARTESIAN_POINT('',(45.800026266442,19.831556766275));
#3028 = CARTESIAN_POINT('',(45.800042073601,19.82518742202));
#3029 = CARTESIAN_POINT('',(45.800053850678,19.818817549448));
#3030 = CARTESIAN_POINT('',(45.800061601437,19.812447150336));
#3031 = CARTESIAN_POINT('',(45.800065329776,19.80607622652));
#3032 = CARTESIAN_POINT('',(45.800065039528,19.799704779807));
#3033 = ( GEOMETRIC_REPRESENTATION_CONTEXT(2) 
PARAMETRIC_REPRESENTATION_CONTEXT() REPRESENTATION_CONTEXT('2D SPACE',''
  ) );
#3034 = ORIENTED_EDGE('',*,*,#3035,.F.);
#3035 = EDGE_CURVE('',#3036,#2961,#3038,.T.);
#3036 = VERTEX_POINT('',#3037);
#3037 = CARTESIAN_POINT('',(32.980987992729,-15.19986979166,20.6));
#3038 = SURFACE_CURVE('',#3039,(#3043,#3049),.PCURVE_S1.);
#3039 = ( BOUNDED_CURVE() B_SPLINE_CURVE(2,(#3040,#3041,#3042),
.UNSPECIFIED.,.F.,.F.) B_SPLINE_CURVE_WITH_KNOTS((3,3),(0.,
20.280524139245),.PIECEWISE_BEZIER_KNOTS.) CURVE() 
GEOMETRIC_REPRESENTATION_ITEM() RATIONAL_B_SPLINE_CURVE((1.,
0.707106781187,1.)) REPRESENTATION_ITEM('') );
#3040 = CARTESIAN_POINT('',(32.980987992729,-15.19986979166,20.6));
#3041 = CARTESIAN_POINT('',(32.980987992729,-15.19986979166,22.));
#3042 = CARTESIAN_POINT('',(34.38098792809,-15.19986979166,22.));
#3043 = PCURVE('',#2796,#3044);
#3044 = DEFINITIONAL_REPRESENTATION('',(#3045),#3048);
#3045 = B_SPLINE_CURVE_WITH_KNOTS('',1,(#3046,#3047),.UNSPECIFIED.,.F.,
  .F.,(2,2),(0.,20.280524139245),.PIECEWISE_BEZIER_KNOTS.);
#3046 = CARTESIAN_POINT('',(0.,135.15485599561));
#3047 = CARTESIAN_POINT('',(20.280524139245,135.15485599561));
#3048 = ( GEOMETRIC_REPRESENTATION_CONTEXT(2) 
PARAMETRIC_REPRESENTATION_CONTEXT() REPRESENTATION_CONTEXT('2D SPACE',''
  ) );
#3049 = PCURVE('',#3050,#3093);
#3050 = ( BOUNDED_SURFACE() B_SPLINE_SURFACE(2,13,(
    (#3051,#3052,#3053,#3054,#3055,#3056,#3057,#3058,#3059,#3060,#3061
      ,#3062,#3063,#3064)
    ,(#3065,#3066,#3067,#3068,#3069,#3070,#3071,#3072,#3073,#3074,#3075
      ,#3076,#3077,#3078)
    ,(#3079,#3080,#3081,#3082,#3083,#3084,#3085,#3086,#3087,#3088,#3089
      ,#3090,#3091,#3092
)),.UNSPECIFIED.,.F.,.F.,.F.) B_SPLINE_SURFACE_WITH_KNOTS((3,3),(14,14),
  (0.,19.447439595554),(135.15485599561,154.60229559116),
.PIECEWISE_BEZIER_KNOTS.) GEOMETRIC_REPRESENTATION_ITEM() 
RATIONAL_B_SPLINE_SURFACE((
    (1.,1.,1.,0.999999999999,1.000000000002,0.999999999997
      ,1.000000000003,0.999999999997,1.000000000003,0.999999999998
      ,1.000000000001,1.,1.,1.)
    ,(0.707106781187,0.707106781187,0.707106781187,0.707106781186
      ,0.707106781187,0.707106781186,0.707106781187,0.707106781186
      ,0.707106781187,0.707106781186,0.707106781187,0.707106781186
      ,0.707106781187,0.707106781187)
    ,(1.,1.,1.,0.999999999999,1.000000000002,0.999999999997
      ,1.000000000003,0.999999999997,1.000000000003,0.999999999998
,1.000000000001,1.,1.,1.))) REPRESENTATION_ITEM('') SURFACE() );
#3051 = CARTESIAN_POINT('',(32.980987992729,-15.19986979166,20.6));
#3052 = CARTESIAN_POINT('',(32.98098799273,-16.33750438916,20.6));
#3053 = CARTESIAN_POINT('',(32.846829326385,-17.51266508713,20.6));
#3054 = CARTESIAN_POINT('',(32.546146328397,-18.69878392415,20.6));
#3055 = CARTESIAN_POINT('',(32.045409027848,-19.84651493957,
    20.600000000001));
#3056 = CARTESIAN_POINT('',(31.344036514661,-20.92972367954,
    20.599999999999));
#3057 = CARTESIAN_POINT('',(30.403427598685,-21.892970003,
    20.600000000001));
#3058 = CARTESIAN_POINT('',(29.314459441495,-22.72555169803,
    20.599999999999));
#3059 = CARTESIAN_POINT('',(28.002957012306,-23.44448899268,
    20.600000000001));
#3060 = CARTESIAN_POINT('',(26.5304948485,-24.00322075012,20.6));
#3061 = CARTESIAN_POINT('',(24.897811024326,-24.41807299025,20.6));
#3062 = CARTESIAN_POINT('',(23.146775567991,-24.67896498186,20.6));
#3063 = CARTESIAN_POINT('',(21.323667626878,-24.80013020833,20.6));
#3064 = CARTESIAN_POINT('',(19.480987992729,-24.80013020833,20.6));
#3065 = CARTESIAN_POINT('',(32.980987992729,-15.19986979166,22.));
#3066 = CARTESIAN_POINT('',(32.980987992729,-16.33750438916,22.));
#3067 = CARTESIAN_POINT('',(32.846829326388,-17.51266508713,22.));
#3068 = CARTESIAN_POINT('',(32.546146328388,-18.69878392416,22.));
#3069 = CARTESIAN_POINT('',(32.045409027866,-19.84651493956,22.));
#3070 = CARTESIAN_POINT('',(31.344036514635,-20.92972367954,22.));
#3071 = CARTESIAN_POINT('',(30.403427598716,-21.892970003,22.));
#3072 = CARTESIAN_POINT('',(29.314459441468,-22.72555169803,22.));
#3073 = CARTESIAN_POINT('',(28.002957012324,-23.44448899268,22.));
#3074 = CARTESIAN_POINT('',(26.530494848491,-24.00322075012,22.));
#3075 = CARTESIAN_POINT('',(24.897811024329,-24.41807299025,22.));
#3076 = CARTESIAN_POINT('',(23.14677556799,-24.67896498187,22.));
#3077 = CARTESIAN_POINT('',(21.323667626878,-24.80013020833,22.));
#3078 = CARTESIAN_POINT('',(19.480987992729,-24.80013020833,22.));
#3079 = CARTESIAN_POINT('',(34.38098792809,-15.19986979166,22.));
#3080 = CARTESIAN_POINT('',(34.380926964748,-16.53854794844,22.));
#3081 = CARTESIAN_POINT('',(34.215393086462,-17.89930337738,22.));
#3082 = CARTESIAN_POINT('',(33.861484060095,-19.27093213479,22.));
#3083 = CARTESIAN_POINT('',(33.268885830919,-20.61491153983,
    21.999999999999));
#3084 = CARTESIAN_POINT('',(32.458839534672,-21.87426421469,
    22.000000000001));
#3085 = CARTESIAN_POINT('',(31.330112165857,-23.04582674294,
    21.999999999999));
#3086 = CARTESIAN_POINT('',(30.054430832669,-23.93780027387,
    22.000000000001));
#3087 = CARTESIAN_POINT('',(28.598794523934,-24.75245761569,
    21.999999999999));
#3088 = CARTESIAN_POINT('',(26.977035701915,-25.3451305489,22.));
#3089 = CARTESIAN_POINT('',(25.223829237443,-25.79235015012,22.));
#3090 = CARTESIAN_POINT('',(23.36014971194,-26.06989708543,22.));
#3091 = CARTESIAN_POINT('',(21.431241601692,-26.20031491865,22.));
#3092 = CARTESIAN_POINT('',(19.478610395391,-26.20012818941,22.));
#3093 = DEFINITIONAL_REPRESENTATION('',(#3094),#3097);
#3094 = B_SPLINE_CURVE_WITH_KNOTS('',1,(#3095,#3096),.UNSPECIFIED.,.F.,
  .F.,(2,2),(0.,20.280524139245),.PIECEWISE_BEZIER_KNOTS.);
#3095 = CARTESIAN_POINT('',(0.,135.15485599561));
#3096 = CARTESIAN_POINT('',(19.447439595554,135.15485599561));
#3097 = ( GEOMETRIC_REPRESENTATION_CONTEXT(2) 
PARAMETRIC_REPRESENTATION_CONTEXT() REPRESENTATION_CONTEXT('2D SPACE',''
  ) );
#3098 = ORIENTED_EDGE('',*,*,#3099,.F.);
#3099 = EDGE_CURVE('',#2781,#3036,#3100,.T.);
#3100 = SURFACE_CURVE('',#3101,(#3131,#3138),.PCURVE_S1.);
#3101 = ( BOUNDED_CURVE() B_SPLINE_CURVE(10,(#3102,#3103,#3104,#3105,
    #3106,#3107,#3108,#3109,#3110,#3111,#3112,#3113,#3114,#3115,#3116,
    #3117,#3118,#3119,#3120,#3121,#3122,#3123,#3124,#3125,#3126,#3127,
#3128,#3129,#3130),.UNSPECIFIED.,.F.,.F.) B_SPLINE_CURVE_WITH_KNOTS((11,
    9,9,11),(114.87433185636,124.97898252979,135.08363320322,
135.15485599561),.UNSPECIFIED.) CURVE() GEOMETRIC_REPRESENTATION_ITEM() 
RATIONAL_B_SPLINE_CURVE((1.,1.,1.,1.,0.999999999999,1.000000000001,
    0.999999999999,1.,1.,1.,1.,1.,1.,1.,1.,1.,1.,1.,1.,1.,1.,1.,
0.999999999999,1.000000000001,1.,1.,1.,1.,1.)) REPRESENTATION_ITEM('') 
  );
#3102 = CARTESIAN_POINT('',(18.881053096896,-5.400065104167,20.6));
#3103 = CARTESIAN_POINT('',(20.231053096896,-5.700065104167,20.6));
#3104 = CARTESIAN_POINT('',(21.515933869993,-6.000054409797,20.6));
#3105 = CARTESIAN_POINT('',(22.734336352676,-6.303896582184,20.6));
#3106 = CARTESIAN_POINT('',(23.885123334755,-6.615650508415,20.6));
#3107 = CARTESIAN_POINT('',(24.967121435004,-6.93927269407,20.6));
#3108 = CARTESIAN_POINT('',(25.979295072317,-7.278673851952,20.6));
#3109 = CARTESIAN_POINT('',(26.921019052378,-7.637962806268,20.6));
#3110 = CARTESIAN_POINT('',(27.792116390078,-8.021710731575,20.6));
#3111 = CARTESIAN_POINT('',(28.592327987607,-8.43506874574,20.6));
#3112 = CARTESIAN_POINT('',(30.047433589341,-9.3320750067,20.6));
#3113 = CARTESIAN_POINT('',(30.702271885995,-9.815673223035,20.6));
#3114 = CARTESIAN_POINT('',(31.283109848764,-10.33987494896,20.6));
#3115 = CARTESIAN_POINT('',(31.784546679634,-10.90961601449,20.6));
#3116 = CARTESIAN_POINT('',(32.20714979921,-11.52902090784,20.6));
#3117 = CARTESIAN_POINT('',(32.529324113943,-12.20049790909,20.6));
#3118 = CARTESIAN_POINT('',(32.759420835288,-12.90107119644,20.6));
#3119 = CARTESIAN_POINT('',(32.905628818455,-13.62937318768,20.6));
#3120 = CARTESIAN_POINT('',(32.976617599592,-14.37845005406,20.6));
#3121 = CARTESIAN_POINT('',(32.980869138798,-15.15115486309,20.6));
#3122 = CARTESIAN_POINT('',(32.980895578046,-15.1565640683,20.6));
#3123 = CARTESIAN_POINT('',(32.980918702163,-15.1619741733,20.6));
#3124 = CARTESIAN_POINT('',(32.980938514074,-15.16738517438,20.6));
#3125 = CARTESIAN_POINT('',(32.980955016694,-15.17279706785,20.6));
#3126 = CARTESIAN_POINT('',(32.980968212951,-15.17820985001,20.6));
#3127 = CARTESIAN_POINT('',(32.98097810576,-15.18362351717,20.6));
#3128 = CARTESIAN_POINT('',(32.980984698047,-15.18903806562,20.6));
#3129 = CARTESIAN_POINT('',(32.980987992729,-15.19445349169,20.6));
#3130 = CARTESIAN_POINT('',(32.980987992729,-15.19986979166,20.6));
#3131 = PCURVE('',#2796,#3132);
#3132 = DEFINITIONAL_REPRESENTATION('',(#3133),#3137);
#3133 = LINE('',#3134,#3135);
#3134 = CARTESIAN_POINT('',(0.,0.));
#3135 = VECTOR('',#3136,1.);
#3136 = DIRECTION('',(0.,1.));
#3137 = ( GEOMETRIC_REPRESENTATION_CONTEXT(2) 
PARAMETRIC_REPRESENTATION_CONTEXT() REPRESENTATION_CONTEXT('2D SPACE',''
  ) );
#3138 = PCURVE('',#3139,#3147);
#3139 = SURFACE_OF_LINEAR_EXTRUSION('',#3140,#3145);
#3140 = B_SPLINE_CURVE_WITH_KNOTS('',3,(#3141,#3142,#3143,#3144),
  .UNSPECIFIED.,.F.,.F.,(4,4),(0.,1.),.PIECEWISE_BEZIER_KNOTS.);
#3141 = CARTESIAN_POINT('',(18.881053096896,-5.400065104167,0.));
#3142 = CARTESIAN_POINT('',(27.881053096896,-7.400065104167,0.));
#3143 = CARTESIAN_POINT('',(32.980987992729,-9.400065104167,0.));
#3144 = CARTESIAN_POINT('',(32.980987992729,-15.19986979166,0.));
#3145 = VECTOR('',#3146,1.);
#3146 = DIRECTION('',(-0.,-0.,-1.));
#3147 = DEFINITIONAL_REPRESENTATION('',(#3148),#3178);
#3148 = B_SPLINE_CURVE_WITH_KNOTS('',10,(#3149,#3150,#3151,#3152,#3153,
    #3154,#3155,#3156,#3157,#3158,#3159,#3160,#3161,#3162,#3163,#3164,
    #3165,#3166,#3167,#3168,#3169,#3170,#3171,#3172,#3173,#3174,#3175,
    #3176,#3177),.UNSPECIFIED.,.F.,.F.,(11,9,9,11),(114.87433185636,
    125.01459392598,130.08472496079,135.15485599561),.UNSPECIFIED.);
#3149 = CARTESIAN_POINT('',(5.551115123126E-17,-20.6));
#3150 = CARTESIAN_POINT('',(5.01762129011E-02,-20.6));
#3151 = CARTESIAN_POINT('',(0.100347973438,-20.59999999999));
#3152 = CARTESIAN_POINT('',(0.150510995054,-20.6));
#3153 = CARTESIAN_POINT('',(0.200665614467,-20.59999999999));
#3154 = CARTESIAN_POINT('',(0.250817227093,-20.59999999999));
#3155 = CARTESIAN_POINT('',(0.300972306383,-20.59999999999));
#3156 = CARTESIAN_POINT('',(0.351155176701,-20.6));
#3157 = CARTESIAN_POINT('',(0.401437963299,-20.59999999999));
#3158 = CARTESIAN_POINT('',(0.451943396968,-20.6));
#3159 = CARTESIAN_POINT('',(0.528149408811,-20.6));
#3160 = CARTESIAN_POINT('',(0.55362512,-20.59999999999));
#3161 = CARTESIAN_POINT('',(0.579186486625,-20.6));
#3162 = CARTESIAN_POINT('',(0.604833837322,-20.59999999999));
#3163 = CARTESIAN_POINT('',(0.630566679745,-20.6));
#3164 = CARTESIAN_POINT('',(0.656371812458,-20.59999999999));
#3165 = CARTESIAN_POINT('',(0.68221223512,-20.6));
#3166 = CARTESIAN_POINT('',(0.708027991731,-20.59999999999));
#3167 = CARTESIAN_POINT('',(0.733747731725,-20.6));
#3168 = CARTESIAN_POINT('',(0.784847115346,-20.6));
#3169 = CARTESIAN_POINT('',(0.810226595235,-20.59999999998));
#3170 = CARTESIAN_POINT('',(0.835363926621,-20.60000000007));
#3171 = CARTESIAN_POINT('',(0.860175829791,-20.5999999998));
#3172 = CARTESIAN_POINT('',(0.884613897418,-20.60000000031));
#3173 = CARTESIAN_POINT('',(0.908599579481,-20.59999999967));
#3174 = CARTESIAN_POINT('',(0.932150110956,-20.60000000023));
#3175 = CARTESIAN_POINT('',(0.955224093256,-20.59999999989));
#3176 = CARTESIAN_POINT('',(0.977840075696,-20.60000000002));
#3177 = CARTESIAN_POINT('',(1.,-20.6));
#3178 = ( GEOMETRIC_REPRESENTATION_CONTEXT(2) 
PARAMETRIC_REPRESENTATION_CONTEXT() REPRESENTATION_CONTEXT('2D SPACE',''
  ) );
#3179 = ADVANCED_FACE('',(#3180),#3050,.F.);
#3180 = FACE_BOUND('',#3181,.F.);
#3181 = EDGE_LOOP('',(#3182,#3183,#3252,#3316));
#3182 = ORIENTED_EDGE('',*,*,#3035,.T.);
#3183 = ORIENTED_EDGE('',*,*,#3184,.T.);
#3184 = EDGE_CURVE('',#2961,#3185,#3187,.T.);
#3185 = VERTEX_POINT('',#3186);
#3186 = CARTESIAN_POINT('',(19.478610395391,-26.20012818941,22.));
#3187 = SURFACE_CURVE('',#3188,(#3203,#3210),.PCURVE_S1.);
#3188 = ( BOUNDED_CURVE() B_SPLINE_CURVE(13,(#3189,#3190,#3191,#3192,
    #3193,#3194,#3195,#3196,#3197,#3198,#3199,#3200,#3201,#3202),
.UNSPECIFIED.,.F.,.F.) B_SPLINE_CURVE_WITH_KNOTS((14,14),(
135.15485599561,154.60229559116),.PIECEWISE_BEZIER_KNOTS.) CURVE() 
GEOMETRIC_REPRESENTATION_ITEM() RATIONAL_B_SPLINE_CURVE((1.,1.,1.,
    0.999999999999,1.000000000002,0.999999999997,1.000000000003,
    0.999999999997,1.000000000003,0.999999999998,1.000000000001,1.,1.,1.
)) REPRESENTATION_ITEM('') );
#3189 = CARTESIAN_POINT('',(34.38098792809,-15.19986979166,22.));
#3190 = CARTESIAN_POINT('',(34.380926964748,-16.53854794844,22.));
#3191 = CARTESIAN_POINT('',(34.215393086462,-17.89930337738,22.));
#3192 = CARTESIAN_POINT('',(33.861484060095,-19.27093213479,22.));
#3193 = CARTESIAN_POINT('',(33.268885830919,-20.61491153983,
    21.999999999999));
#3194 = CARTESIAN_POINT('',(32.458839534672,-21.87426421469,
    22.000000000001));
#3195 = CARTESIAN_POINT('',(31.330112165857,-23.04582674294,
    21.999999999999));
#3196 = CARTESIAN_POINT('',(30.054430832669,-23.93780027387,
    22.000000000001));
#3197 = CARTESIAN_POINT('',(28.598794523934,-24.75245761569,
    21.999999999999));
#3198 = CARTESIAN_POINT('',(26.977035701915,-25.3451305489,22.));
#3199 = CARTESIAN_POINT('',(25.223829237443,-25.79235015012,22.));
#3200 = CARTESIAN_POINT('',(23.36014971194,-26.06989708543,22.));
#3201 = CARTESIAN_POINT('',(21.431241601692,-26.20031491865,22.));
#3202 = CARTESIAN_POINT('',(19.478610395391,-26.20012818941,22.));
#3203 = PCURVE('',#3050,#3204);
#3204 = DEFINITIONAL_REPRESENTATION('',(#3205),#3209);
#3205 = LINE('',#3206,#3207);
#3206 = CARTESIAN_POINT('',(19.447439595554,0.));
#3207 = VECTOR('',#3208,1.);
#3208 = DIRECTION('',(0.,1.));
#3209 = ( GEOMETRIC_REPRESENTATION_CONTEXT(2) 
PARAMETRIC_REPRESENTATION_CONTEXT() REPRESENTATION_CONTEXT('2D SPACE',''
  ) );
#3210 = PCURVE('',#2437,#3211);
#3211 = DEFINITIONAL_REPRESENTATION('',(#3212),#3251);
#3212 = B_SPLINE_CURVE_WITH_KNOTS('',10,(#3213,#3214,#3215,#3216,#3217,
    #3218,#3219,#3220,#3221,#3222,#3223,#3224,#3225,#3226,#3227,#3228,
    #3229,#3230,#3231,#3232,#3233,#3234,#3235,#3236,#3237,#3238,#3239,
    #3240,#3241,#3242,#3243,#3244,#3245,#3246,#3247,#3248,#3249,#3250),
  .UNSPECIFIED.,.F.,.F.,(11,9,9,9,11),(135.15485599561,137.58578594505,
    140.01671589449,144.87857579338,154.60229559116),.UNSPECIFIED.);
#3213 = CARTESIAN_POINT('',(45.800065039528,19.799704779807));
#3214 = CARTESIAN_POINT('',(45.800055129835,19.58216957933));
#3215 = CARTESIAN_POINT('',(45.79554169189,19.364435776405));
#3216 = CARTESIAN_POINT('',(45.786621425468,19.148072258054));
#3217 = CARTESIAN_POINT('',(45.772566339724,18.92267835425));
#3218 = CARTESIAN_POINT('',(45.754117365431,18.710511469363));
#3219 = CARTESIAN_POINT('',(45.730414284464,18.485571901213));
#3220 = CARTESIAN_POINT('',(45.701623695943,18.267946136074));
#3221 = CARTESIAN_POINT('',(45.66761022313,18.047413784981));
#3222 = CARTESIAN_POINT('',(45.628189533623,17.827759747289));
#3223 = CARTESIAN_POINT('',(45.538350256288,17.388936691167));
#3224 = CARTESIAN_POINT('',(45.487932184379,17.169849662337));
#3225 = CARTESIAN_POINT('',(45.431891498076,16.951257258629));
#3226 = CARTESIAN_POINT('',(45.370116599348,16.733334945433));
#3227 = CARTESIAN_POINT('',(45.302508473393,16.516263527741));
#3228 = CARTESIAN_POINT('',(45.228980688475,16.30022914999));
#3229 = CARTESIAN_POINT('',(45.149459396119,16.085423296252));
#3230 = CARTESIAN_POINT('',(45.06388333092,15.87204279005));
#3231 = CARTESIAN_POINT('',(44.972203810695,15.660289794498));
#3232 = CARTESIAN_POINT('',(44.678746587778,15.030535847661));
#3233 = CARTESIAN_POINT('',(44.458582600624,14.617995783678));
#3234 = CARTESIAN_POINT('',(44.213600065392,14.214409546217));
#3235 = CARTESIAN_POINT('',(43.943829858842,13.821370104105));
#3236 = CARTESIAN_POINT('',(43.649575421455,13.440370237191));
#3237 = CARTESIAN_POINT('',(43.331361734898,13.07276730461));
#3238 = CARTESIAN_POINT('',(42.989884299461,12.71974801289));
#3239 = CARTESIAN_POINT('',(42.625958111498,12.382293184226));
#3240 = CARTESIAN_POINT('',(42.240466640884,12.061142524609));
#3241 = CARTESIAN_POINT('',(41.021999143584,11.147993126948));
#3242 = CARTESIAN_POINT('',(40.126964692763,10.606391544457));
#3243 = CARTESIAN_POINT('',(39.15653701366,10.136358937898));
#3244 = CARTESIAN_POINT('',(38.117844723088,9.738853727277));
#3245 = CARTESIAN_POINT('',(37.017589107972,9.413499774512));
#3246 = CARTESIAN_POINT('',(35.862815696346,9.159303565486));
#3247 = CARTESIAN_POINT('',(34.662010019852,8.974512251172));
#3248 = CARTESIAN_POINT('',(33.425843800198,8.856147540415));
#3249 = CARTESIAN_POINT('',(32.166897790924,8.799750436577));
#3250 = CARTESIAN_POINT('',(30.897687506828,8.799871810586));
#3251 = ( GEOMETRIC_REPRESENTATION_CONTEXT(2) 
PARAMETRIC_REPRESENTATION_CONTEXT() REPRESENTATION_CONTEXT('2D SPACE',''
  ) );
#3252 = ORIENTED_EDGE('',*,*,#3253,.F.);
#3253 = EDGE_CURVE('',#3254,#3185,#3256,.T.);
#3254 = VERTEX_POINT('',#3255);
#3255 = CARTESIAN_POINT('',(19.480987992729,-24.80013020833,20.6));
#3256 = SURFACE_CURVE('',#3257,(#3261,#3267),.PCURVE_S1.);
#3257 = ( BOUNDED_CURVE() B_SPLINE_CURVE(2,(#3258,#3259,#3260),
.UNSPECIFIED.,.F.,.F.) B_SPLINE_CURVE_WITH_KNOTS((3,3),(0.,
19.447439595554),.PIECEWISE_BEZIER_KNOTS.) CURVE() 
GEOMETRIC_REPRESENTATION_ITEM() RATIONAL_B_SPLINE_CURVE((1.,
0.707106781187,1.)) REPRESENTATION_ITEM('') );
#3258 = CARTESIAN_POINT('',(19.480987992729,-24.80013020833,20.6));
#3259 = CARTESIAN_POINT('',(19.480987992729,-24.80013020833,22.));
#3260 = CARTESIAN_POINT('',(19.478610395391,-26.20012818941,22.));
#3261 = PCURVE('',#3050,#3262);
#3262 = DEFINITIONAL_REPRESENTATION('',(#3263),#3266);
#3263 = B_SPLINE_CURVE_WITH_KNOTS('',1,(#3264,#3265),.UNSPECIFIED.,.F.,
  .F.,(2,2),(0.,19.447439595554),.PIECEWISE_BEZIER_KNOTS.);
#3264 = CARTESIAN_POINT('',(0.,154.60229559116));
#3265 = CARTESIAN_POINT('',(19.447439595554,154.60229559116));
#3266 = ( GEOMETRIC_REPRESENTATION_CONTEXT(2) 
PARAMETRIC_REPRESENTATION_CONTEXT() REPRESENTATION_CONTEXT('2D SPACE',''
  ) );
#3267 = PCURVE('',#3268,#3311);
#3268 = ( BOUNDED_SURFACE() B_SPLINE_SURFACE(2,13,(
    (#3269,#3270,#3271,#3272,#3273,#3274,#3275,#3276,#3277,#3278,#3279
      ,#3280,#3281,#3282)
    ,(#3283,#3284,#3285,#3286,#3287,#3288,#3289,#3290,#3291,#3292,#3293
      ,#3294,#3295,#3296)
    ,(#3297,#3298,#3299,#3300,#3301,#3302,#3303,#3304,#3305,#3306,#3307
      ,#3308,#3309,#3310
)),.UNSPECIFIED.,.F.,.F.,.F.) B_SPLINE_SURFACE_WITH_KNOTS((3,3),(14,14),
  (0.,19.509324407962),(154.60229559116,174.11161999912),
.PIECEWISE_BEZIER_KNOTS.) GEOMETRIC_REPRESENTATION_ITEM() 
RATIONAL_B_SPLINE_SURFACE((
    (1.,1.,1.000000000002,0.999999999996,1.000000000009,0.999999999987
      ,1.000000000016,0.999999999985,1.000000000012,0.999999999993
      ,1.000000000003,0.999999999999,1.,1.)
    ,(0.707106781187,0.707106781186,0.707106781188,0.707106781183
      ,0.707106781194,0.707106781176,0.7071067812,0.707106781174
      ,0.707106781196,0.707106781181,0.707106781189,0.707106781186
      ,0.707106781187,0.707106781187)
    ,(1.,1.,1.000000000002,0.999999999996,1.000000000009,0.999999999987
      ,1.000000000016,0.999999999985,1.000000000012,0.999999999993
,1.000000000003,0.999999999999,1.,1.
  ))) REPRESENTATION_ITEM('') SURFACE() );
#3269 = CARTESIAN_POINT('',(19.480987992729,-24.80013020833,20.6));
#3270 = CARTESIAN_POINT('',(17.632444662083,-24.80013020833,20.6));
#3271 = CARTESIAN_POINT('',(15.764206434544,-24.67233924362,20.6));
#3272 = CARTESIAN_POINT('',(13.938553605011,-24.38619583287,20.6));
#3273 = CARTESIAN_POINT('',(12.207409034267,-23.93211471248,
    20.599999999999));
#3274 = CARTESIAN_POINT('',(10.623538934578,-23.26387206093,
    20.600000000001));
#3275 = CARTESIAN_POINT('',(9.210874914327,-22.47204448252,
    20.599999999998));
#3276 = CARTESIAN_POINT('',(7.986522520754,-21.39686760624,
    20.600000000002));
#3277 = CARTESIAN_POINT('',(7.039888848876,-20.28142079965,
    20.599999999998));
#3278 = CARTESIAN_POINT('',(6.214258877058,-18.97906142629,
    20.600000000001));
#3279 = CARTESIAN_POINT('',(5.609844768084,-17.52820341099,
    20.599999999999));
#3280 = CARTESIAN_POINT('',(5.192201409586,-15.91394017209,20.6));
#3281 = CARTESIAN_POINT('',(4.980987992731,-14.13788254712,20.6));
#3282 = CARTESIAN_POINT('',(4.980987992729,-12.19986979166,20.6));
#3283 = CARTESIAN_POINT('',(19.480987992729,-24.80013020833,22.));
#3284 = CARTESIAN_POINT('',(17.632444662084,-24.80013020833,22.));
#3285 = CARTESIAN_POINT('',(15.764206434542,-24.67233924362,22.));
#3286 = CARTESIAN_POINT('',(13.938553605016,-24.38619583288,22.));
#3287 = CARTESIAN_POINT('',(12.207409034259,-23.93211471247,
    21.999999999999));
#3288 = CARTESIAN_POINT('',(10.623538934586,-23.26387206094,
    22.000000000001));
#3289 = CARTESIAN_POINT('',(9.21087491432,-22.4720444825,21.999999999999
    ));
#3290 = CARTESIAN_POINT('',(7.986522520758,-21.39686760625,
    22.000000000001));
#3291 = CARTESIAN_POINT('',(7.039888848874,-20.28142079964,
    21.999999999999));
#3292 = CARTESIAN_POINT('',(6.214258877059,-18.97906142629,
    22.000000000001));
#3293 = CARTESIAN_POINT('',(5.609844768083,-17.52820341099,22.));
#3294 = CARTESIAN_POINT('',(5.192201409586,-15.91394017209,22.));
#3295 = CARTESIAN_POINT('',(4.980987992731,-14.13788254712,22.));
#3296 = CARTESIAN_POINT('',(4.980987992729,-12.19986979166,22.));
#3297 = CARTESIAN_POINT('',(19.478610395391,-26.20012818941,22.));
#3298 = CARTESIAN_POINT('',(17.519765609393,-26.19994086596,22.));
#3299 = CARTESIAN_POINT('',(15.542649908959,-26.06242150007,22.));
#3300 = CARTESIAN_POINT('',(13.597699501666,-25.75879971996,22.));
#3301 = CARTESIAN_POINT('',(11.742514585158,-25.26713703301,
    22.000000000001));
#3302 = CARTESIAN_POINT('',(9.992877778354,-24.56767884955,
    21.999999999999));
#3303 = CARTESIAN_POINT('',(8.438657387277,-23.65473498634,
    22.000000000002));
#3304 = CARTESIAN_POINT('',(7.008356543907,-22.53603575801,
    21.999999999998));
#3305 = CARTESIAN_POINT('',(5.861513510101,-21.16022378727,
    22.000000000002));
#3306 = CARTESIAN_POINT('',(4.9443835511,-19.66996800666,21.999999999999
    ));
#3307 = CARTESIAN_POINT('',(4.260925163535,-18.01015044803,
    22.000000000001));
#3308 = CARTESIAN_POINT('',(3.807875989355,-16.21550590921,22.));
#3309 = CARTESIAN_POINT('',(3.580987992731,-14.27894712936,22.));
#3310 = CARTESIAN_POINT('',(3.580987992729,-12.19986979166,22.));
#3311 = DEFINITIONAL_REPRESENTATION('',(#3312),#3315);
#3312 = B_SPLINE_CURVE_WITH_KNOTS('',1,(#3313,#3314),.UNSPECIFIED.,.F.,
  .F.,(2,2),(0.,19.447439595554),.PIECEWISE_BEZIER_KNOTS.);
#3313 = CARTESIAN_POINT('',(0.,154.60229559116));
#3314 = CARTESIAN_POINT('',(19.509324407962,154.60229559116));
#3315 = ( GEOMETRIC_REPRESENTATION_CONTEXT(2) 
PARAMETRIC_REPRESENTATION_CONTEXT() REPRESENTATION_CONTEXT('2D SPACE',''
  ) );
#3316 = ORIENTED_EDGE('',*,*,#3317,.F.);
#3317 = EDGE_CURVE('',#3036,#3254,#3318,.T.);
#3318 = SURFACE_CURVE('',#3319,(#3334,#3341),.PCURVE_S1.);
#3319 = ( BOUNDED_CURVE() B_SPLINE_CURVE(13,(#3320,#3321,#3322,#3323,
    #3324,#3325,#3326,#3327,#3328,#3329,#3330,#3331,#3332,#3333),
.UNSPECIFIED.,.F.,.F.) B_SPLINE_CURVE_WITH_KNOTS((14,14),(
135.15485599561,154.60229559116),.PIECEWISE_BEZIER_KNOTS.) CURVE() 
GEOMETRIC_REPRESENTATION_ITEM() RATIONAL_B_SPLINE_CURVE((1.,1.,1.,
    0.999999999999,1.000000000002,0.999999999997,1.000000000003,
    0.999999999997,1.000000000003,0.999999999998,1.000000000001,1.,1.,1.
)) REPRESENTATION_ITEM('') );
#3320 = CARTESIAN_POINT('',(32.980987992729,-15.19986979166,20.6));
#3321 = CARTESIAN_POINT('',(32.98098799273,-16.33750438916,20.6));
#3322 = CARTESIAN_POINT('',(32.846829326385,-17.51266508713,20.6));
#3323 = CARTESIAN_POINT('',(32.546146328397,-18.69878392415,20.6));
#3324 = CARTESIAN_POINT('',(32.045409027848,-19.84651493957,
    20.600000000001));
#3325 = CARTESIAN_POINT('',(31.344036514661,-20.92972367954,
    20.599999999999));
#3326 = CARTESIAN_POINT('',(30.403427598685,-21.892970003,
    20.600000000001));
#3327 = CARTESIAN_POINT('',(29.314459441495,-22.72555169803,
    20.599999999999));
#3328 = CARTESIAN_POINT('',(28.002957012306,-23.44448899268,
    20.600000000001));
#3329 = CARTESIAN_POINT('',(26.5304948485,-24.00322075012,20.6));
#3330 = CARTESIAN_POINT('',(24.897811024326,-24.41807299025,20.6));
#3331 = CARTESIAN_POINT('',(23.146775567991,-24.67896498186,20.6));
#3332 = CARTESIAN_POINT('',(21.323667626878,-24.80013020833,20.6));
#3333 = CARTESIAN_POINT('',(19.480987992729,-24.80013020833,20.6));
#3334 = PCURVE('',#3050,#3335);
#3335 = DEFINITIONAL_REPRESENTATION('',(#3336),#3340);
#3336 = LINE('',#3337,#3338);
#3337 = CARTESIAN_POINT('',(0.,0.));
#3338 = VECTOR('',#3339,1.);
#3339 = DIRECTION('',(0.,1.));
#3340 = ( GEOMETRIC_REPRESENTATION_CONTEXT(2) 
PARAMETRIC_REPRESENTATION_CONTEXT() REPRESENTATION_CONTEXT('2D SPACE',''
  ) );
#3341 = PCURVE('',#3342,#3350);
#3342 = SURFACE_OF_LINEAR_EXTRUSION('',#3343,#3348);
#3343 = B_SPLINE_CURVE_WITH_KNOTS('',3,(#3344,#3345,#3346,#3347),
  .UNSPECIFIED.,.F.,.F.,(4,4),(0.,1.),.PIECEWISE_BEZIER_KNOTS.);
#3344 = CARTESIAN_POINT('',(32.980987992729,-15.19986979166,0.));
#3345 = CARTESIAN_POINT('',(32.980987992729,-20.80013020833,0.));
#3346 = CARTESIAN_POINT('',(28.480987992729,-24.80013020833,0.));
#3347 = CARTESIAN_POINT('',(19.480987992729,-24.80013020833,0.));
#3348 = VECTOR('',#3349,1.);
#3349 = DIRECTION('',(-0.,-0.,-1.));
#3350 = DEFINITIONAL_REPRESENTATION('',(#3351),#3370);
#3351 = B_SPLINE_CURVE_WITH_KNOTS('',9,(#3352,#3353,#3354,#3355,#3356,
    #3357,#3358,#3359,#3360,#3361,#3362,#3363,#3364,#3365,#3366,#3367,
    #3368,#3369),.UNSPECIFIED.,.F.,.F.,(10,8,10),(135.15485599561,
    144.87857579338,154.60229559116),.UNSPECIFIED.);
#3352 = CARTESIAN_POINT('',(0.,-20.6));
#3353 = CARTESIAN_POINT('',(4.890397505062E-02,-20.6));
#3354 = CARTESIAN_POINT('',(0.10055634494,-20.6));
#3355 = CARTESIAN_POINT('',(0.154717449159,-20.6));
#3356 = CARTESIAN_POINT('',(0.210756544828,-20.59999999999));
#3357 = CARTESIAN_POINT('',(0.268238049674,-20.6));
#3358 = CARTESIAN_POINT('',(0.326455838216,-20.59999999999));
#3359 = CARTESIAN_POINT('',(0.385045635755,-20.6));
#3360 = CARTESIAN_POINT('',(0.443697208332,-20.6));
#3361 = CARTESIAN_POINT('',(0.5606357723,-20.6));
#3362 = CARTESIAN_POINT('',(0.618922462828,-20.6));
#3363 = CARTESIAN_POINT('',(0.676776154605,-20.59999999999));
#3364 = CARTESIAN_POINT('',(0.734001194801,-20.6));
#3365 = CARTESIAN_POINT('',(0.790342364466,-20.59999999999));
#3366 = CARTESIAN_POINT('',(0.845488502916,-20.6));
#3367 = CARTESIAN_POINT('',(0.899080417262,-20.6));
#3368 = CARTESIAN_POINT('',(0.950710215547,-20.6));
#3369 = CARTESIAN_POINT('',(1.,-20.6));
#3370 = ( GEOMETRIC_REPRESENTATION_CONTEXT(2) 
PARAMETRIC_REPRESENTATION_CONTEXT() REPRESENTATION_CONTEXT('2D SPACE',''
  ) );
#3371 = ADVANCED_FACE('',(#3372),#3268,.F.);
#3372 = FACE_BOUND('',#3373,.F.);
#3373 = EDGE_LOOP('',(#3374,#3375,#3420,#3454));
#3374 = ORIENTED_EDGE('',*,*,#3253,.T.);
#3375 = ORIENTED_EDGE('',*,*,#3376,.T.);
#3376 = EDGE_CURVE('',#3185,#3377,#3379,.T.);
#3377 = VERTEX_POINT('',#3378);
#3378 = CARTESIAN_POINT('',(3.580987992729,-12.19986979166,22.));
#3379 = SURFACE_CURVE('',#3380,(#3395,#3402),.PCURVE_S1.);
#3380 = ( BOUNDED_CURVE() B_SPLINE_CURVE(13,(#3381,#3382,#3383,#3384,
    #3385,#3386,#3387,#3388,#3389,#3390,#3391,#3392,#3393,#3394),
.UNSPECIFIED.,.F.,.F.) B_SPLINE_CURVE_WITH_KNOTS((14,14),(
154.60229559116,174.11161999912),.PIECEWISE_BEZIER_KNOTS.) CURVE() 
GEOMETRIC_REPRESENTATION_ITEM() RATIONAL_B_SPLINE_CURVE((1.,1.,
    1.000000000002,0.999999999996,1.000000000009,0.999999999987,
    1.000000000016,0.999999999985,1.000000000012,0.999999999993,
1.000000000003,0.999999999999,1.,1.)) REPRESENTATION_ITEM('') );
#3381 = CARTESIAN_POINT('',(19.478610395391,-26.20012818941,22.));
#3382 = CARTESIAN_POINT('',(17.519765609393,-26.19994086596,22.));
#3383 = CARTESIAN_POINT('',(15.542649908959,-26.06242150007,22.));
#3384 = CARTESIAN_POINT('',(13.597699501666,-25.75879971996,22.));
#3385 = CARTESIAN_POINT('',(11.742514585158,-25.26713703301,
    22.000000000001));
#3386 = CARTESIAN_POINT('',(9.992877778354,-24.56767884955,
    21.999999999999));
#3387 = CARTESIAN_POINT('',(8.438657387277,-23.65473498634,
    22.000000000002));
#3388 = CARTESIAN_POINT('',(7.008356543907,-22.53603575801,
    21.999999999998));
#3389 = CARTESIAN_POINT('',(5.861513510101,-21.16022378727,
    22.000000000002));
#3390 = CARTESIAN_POINT('',(4.9443835511,-19.66996800666,21.999999999999
    ));
#3391 = CARTESIAN_POINT('',(4.260925163535,-18.01015044803,
    22.000000000001));
#3392 = CARTESIAN_POINT('',(3.807875989355,-16.21550590921,22.));
#3393 = CARTESIAN_POINT('',(3.580987992731,-14.27894712936,22.));
#3394 = CARTESIAN_POINT('',(3.580987992729,-12.19986979166,22.));
#3395 = PCURVE('',#3268,#3396);
#3396 = DEFINITIONAL_REPRESENTATION('',(#3397),#3401);
#3397 = LINE('',#3398,#3399);
#3398 = CARTESIAN_POINT('',(19.509324407962,0.));
#3399 = VECTOR('',#3400,1.);
#3400 = DIRECTION('',(0.,1.));
#3401 = ( GEOMETRIC_REPRESENTATION_CONTEXT(2) 
PARAMETRIC_REPRESENTATION_CONTEXT() REPRESENTATION_CONTEXT('2D SPACE',''
  ) );
#3402 = PCURVE('',#2437,#3403);
#3403 = DEFINITIONAL_REPRESENTATION('',(#3404),#3419);
#3404 = B_SPLINE_CURVE_WITH_KNOTS('',13,(#3405,#3406,#3407,#3408,#3409,
    #3410,#3411,#3412,#3413,#3414,#3415,#3416,#3417,#3418),
  .UNSPECIFIED.,.F.,.F.,(14,14),(154.60229559116,174.11161999912),
  .PIECEWISE_BEZIER_KNOTS.);
#3405 = CARTESIAN_POINT('',(30.897687506828,8.799871810586));
#3406 = CARTESIAN_POINT('',(28.938842720819,8.800059134027));
#3407 = CARTESIAN_POINT('',(26.961727020443,8.93757849994));
#3408 = CARTESIAN_POINT('',(25.016776612986,9.241200279982));
#3409 = CARTESIAN_POINT('',(23.161591696813,9.732862967095));
#3410 = CARTESIAN_POINT('',(21.411954889483,10.432321150274));
#3411 = CARTESIAN_POINT('',(19.857734499064,11.345265013868));
#3412 = CARTESIAN_POINT('',(18.427433655027,12.463964241761));
#3413 = CARTESIAN_POINT('',(17.280590621775,13.839776212924));
#3414 = CARTESIAN_POINT('',(16.363460662394,15.330031993204));
#3415 = CARTESIAN_POINT('',(15.680002275041,16.989849552034));
#3416 = CARTESIAN_POINT('',(15.226953100769,18.784494090754));
#3417 = CARTESIAN_POINT('',(15.000065104173,20.721052870646));
#3418 = CARTESIAN_POINT('',(15.000065104167,22.800130208333));
#3419 = ( GEOMETRIC_REPRESENTATION_CONTEXT(2) 
PARAMETRIC_REPRESENTATION_CONTEXT() REPRESENTATION_CONTEXT('2D SPACE',''
  ) );
#3420 = ORIENTED_EDGE('',*,*,#3421,.F.);
#3421 = EDGE_CURVE('',#3422,#3377,#3424,.T.);
#3422 = VERTEX_POINT('',#3423);
#3423 = CARTESIAN_POINT('',(4.980987992729,-12.19986979166,20.6));
#3424 = SURFACE_CURVE('',#3425,(#3429,#3435),.PCURVE_S1.);
#3425 = ( BOUNDED_CURVE() B_SPLINE_CURVE(2,(#3426,#3427,#3428),
.UNSPECIFIED.,.F.,.F.) B_SPLINE_CURVE_WITH_KNOTS((3,3),(0.,
19.509324407962),.PIECEWISE_BEZIER_KNOTS.) CURVE() 
GEOMETRIC_REPRESENTATION_ITEM() RATIONAL_B_SPLINE_CURVE((1.,
0.707106781187,1.)) REPRESENTATION_ITEM('') );
#3426 = CARTESIAN_POINT('',(4.980987992729,-12.19986979166,20.6));
#3427 = CARTESIAN_POINT('',(4.980987992729,-12.19986979166,22.));
#3428 = CARTESIAN_POINT('',(3.580987992729,-12.19986979166,22.));
#3429 = PCURVE('',#3268,#3430);
#3430 = DEFINITIONAL_REPRESENTATION('',(#3431),#3434);
#3431 = B_SPLINE_CURVE_WITH_KNOTS('',1,(#3432,#3433),.UNSPECIFIED.,.F.,
  .F.,(2,2),(0.,19.509324407962),.PIECEWISE_BEZIER_KNOTS.);
#3432 = CARTESIAN_POINT('',(0.,174.11161999912));
#3433 = CARTESIAN_POINT('',(19.509324407962,174.11161999912));
#3434 = ( GEOMETRIC_REPRESENTATION_CONTEXT(2) 
PARAMETRIC_REPRESENTATION_CONTEXT() REPRESENTATION_CONTEXT('2D SPACE',''
  ) );
#3435 = PCURVE('',#3436,#3441);
#3436 = CYLINDRICAL_SURFACE('',#3437,1.4);
#3437 = AXIS2_PLACEMENT_3D('',#3438,#3439,#3440);
#3438 = CARTESIAN_POINT('',(3.580987992729,-12.19986979166,20.6));
#3439 = DIRECTION('',(0.,1.,0.));
#3440 = DIRECTION('',(1.,0.,-0.));
#3441 = DEFINITIONAL_REPRESENTATION('',(#3442),#3453);
#3442 = B_SPLINE_CURVE_WITH_KNOTS('',9,(#3443,#3444,#3445,#3446,#3447,
    #3448,#3449,#3450,#3451,#3452),.UNSPECIFIED.,.F.,.F.,(10,10),(0.,
    19.509324407962),.PIECEWISE_BEZIER_KNOTS.);
#3443 = CARTESIAN_POINT('',(1.110223024625E-16,0.));
#3444 = CARTESIAN_POINT('',(-0.157134840264,0.));
#3445 = CARTESIAN_POINT('',(-0.325774716821,0.));
#3446 = CARTESIAN_POINT('',(-0.50456638687,0.));
#3447 = CARTESIAN_POINT('',(-0.690744851612,0.));
#3448 = CARTESIAN_POINT('',(-0.880051475183,0.));
#3449 = CARTESIAN_POINT('',(-1.066229939925,0.));
#3450 = CARTESIAN_POINT('',(-1.245021609974,0.));
#3451 = CARTESIAN_POINT('',(-1.413661486531,0.));
#3452 = CARTESIAN_POINT('',(-1.570796326795,0.));
#3453 = ( GEOMETRIC_REPRESENTATION_CONTEXT(2) 
PARAMETRIC_REPRESENTATION_CONTEXT() REPRESENTATION_CONTEXT('2D SPACE',''
  ) );
#3454 = ORIENTED_EDGE('',*,*,#3455,.F.);
#3455 = EDGE_CURVE('',#3254,#3422,#3456,.T.);
#3456 = SURFACE_CURVE('',#3457,(#3472,#3479),.PCURVE_S1.);
#3457 = ( BOUNDED_CURVE() B_SPLINE_CURVE(13,(#3458,#3459,#3460,#3461,
    #3462,#3463,#3464,#3465,#3466,#3467,#3468,#3469,#3470,#3471),
.UNSPECIFIED.,.F.,.F.) B_SPLINE_CURVE_WITH_KNOTS((14,14),(
154.60229559116,174.11161999912),.PIECEWISE_BEZIER_KNOTS.) CURVE() 
GEOMETRIC_REPRESENTATION_ITEM() RATIONAL_B_SPLINE_CURVE((1.,1.,
    1.000000000002,0.999999999996,1.000000000009,0.999999999987,
    1.000000000016,0.999999999985,1.000000000012,0.999999999993,
1.000000000003,0.999999999999,1.,1.)) REPRESENTATION_ITEM('') );
#3458 = CARTESIAN_POINT('',(19.480987992729,-24.80013020833,20.6));
#3459 = CARTESIAN_POINT('',(17.632444662083,-24.80013020833,20.6));
#3460 = CARTESIAN_POINT('',(15.764206434544,-24.67233924362,20.6));
#3461 = CARTESIAN_POINT('',(13.938553605011,-24.38619583287,20.6));
#3462 = CARTESIAN_POINT('',(12.207409034267,-23.93211471248,
    20.599999999999));
#3463 = CARTESIAN_POINT('',(10.623538934578,-23.26387206093,
    20.600000000001));
#3464 = CARTESIAN_POINT('',(9.210874914327,-22.47204448252,
    20.599999999998));
#3465 = CARTESIAN_POINT('',(7.986522520754,-21.39686760624,
    20.600000000002));
#3466 = CARTESIAN_POINT('',(7.039888848876,-20.28142079965,
    20.599999999998));
#3467 = CARTESIAN_POINT('',(6.214258877058,-18.97906142629,
    20.600000000001));
#3468 = CARTESIAN_POINT('',(5.609844768084,-17.52820341099,
    20.599999999999));
#3469 = CARTESIAN_POINT('',(5.192201409586,-15.91394017209,20.6));
#3470 = CARTESIAN_POINT('',(4.980987992731,-14.13788254712,20.6));
#3471 = CARTESIAN_POINT('',(4.980987992729,-12.19986979166,20.6));
#3472 = PCURVE('',#3268,#3473);
#3473 = DEFINITIONAL_REPRESENTATION('',(#3474),#3478);
#3474 = LINE('',#3475,#3476);
#3475 = CARTESIAN_POINT('',(0.,0.));
#3476 = VECTOR('',#3477,1.);
#3477 = DIRECTION('',(0.,1.));
#3478 = ( GEOMETRIC_REPRESENTATION_CONTEXT(2) 
PARAMETRIC_REPRESENTATION_CONTEXT() REPRESENTATION_CONTEXT('2D SPACE',''
  ) );
#3479 = PCURVE('',#3480,#3488);
#3480 = SURFACE_OF_LINEAR_EXTRUSION('',#3481,#3486);
#3481 = B_SPLINE_CURVE_WITH_KNOTS('',3,(#3482,#3483,#3484,#3485),
  .UNSPECIFIED.,.F.,.F.,(4,4),(0.,1.),.PIECEWISE_BEZIER_KNOTS.);
#3482 = CARTESIAN_POINT('',(19.480987992729,-24.80013020833,0.));
#3483 = CARTESIAN_POINT('',(10.480987992729,-24.80013020833,0.));
#3484 = CARTESIAN_POINT('',(4.980987992729,-20.59993489583,0.));
#3485 = CARTESIAN_POINT('',(4.980987992729,-12.19986979166,0.));
#3486 = VECTOR('',#3487,1.);
#3487 = DIRECTION('',(-0.,-0.,-1.));
#3488 = DEFINITIONAL_REPRESENTATION('',(#3489),#3506);
#3489 = B_SPLINE_CURVE_WITH_KNOTS('',8,(#3490,#3491,#3492,#3493,#3494,
    #3495,#3496,#3497,#3498,#3499,#3500,#3501,#3502,#3503,#3504,#3505),
  .UNSPECIFIED.,.F.,.F.,(9,7,9),(154.60229559116,164.35695779514,
    174.11161999912),.UNSPECIFIED.);
#3490 = CARTESIAN_POINT('',(6.383782391595E-16,-20.6));
#3491 = CARTESIAN_POINT('',(5.562746133885E-02,-20.59999999999));
#3492 = CARTESIAN_POINT('',(0.114510796739,-20.60000000002));
#3493 = CARTESIAN_POINT('',(0.175880477263,-20.59999999997));
#3494 = CARTESIAN_POINT('',(0.238981533672,-20.60000000002));
#3495 = CARTESIAN_POINT('',(0.303217093443,-20.59999999998));
#3496 = CARTESIAN_POINT('',(0.367933554192,-20.6));
#3497 = CARTESIAN_POINT('',(0.432501469858,-20.6));
#3498 = CARTESIAN_POINT('',(0.560834435866,-20.6));
#3499 = CARTESIAN_POINT('',(0.624596141218,-20.59999999999));
#3500 = CARTESIAN_POINT('',(0.687701817838,-20.60000000001));
#3501 = CARTESIAN_POINT('',(0.750124067416,-20.59999999998));
#3502 = CARTESIAN_POINT('',(0.812597245713,-20.60000000002));
#3503 = CARTESIAN_POINT('',(0.875042311888,-20.59999999998));
#3504 = CARTESIAN_POINT('',(0.93751495398,-20.6));
#3505 = CARTESIAN_POINT('',(1.,-20.6));
#3506 = ( GEOMETRIC_REPRESENTATION_CONTEXT(2) 
PARAMETRIC_REPRESENTATION_CONTEXT() REPRESENTATION_CONTEXT('2D SPACE',''
  ) );
#3507 = ADVANCED_FACE('',(#3508),#3436,.T.);
#3508 = FACE_BOUND('',#3509,.F.);
#3509 = EDGE_LOOP('',(#3510,#3511,#3534,#3573));
#3510 = ORIENTED_EDGE('',*,*,#3421,.T.);
#3511 = ORIENTED_EDGE('',*,*,#3512,.T.);
#3512 = EDGE_CURVE('',#3377,#3513,#3515,.T.);
#3513 = VERTEX_POINT('',#3514);
#3514 = CARTESIAN_POINT('',(3.580987992729,-10.80006510416,22.));
#3515 = SURFACE_CURVE('',#3516,(#3520,#3527),.PCURVE_S1.);
#3516 = LINE('',#3517,#3518);
#3517 = CARTESIAN_POINT('',(3.580987992729,-12.19986979166,22.));
#3518 = VECTOR('',#3519,1.);
#3519 = DIRECTION('',(0.,1.,0.));
#3520 = PCURVE('',#3436,#3521);
#3521 = DEFINITIONAL_REPRESENTATION('',(#3522),#3526);
#3522 = LINE('',#3523,#3524);
#3523 = CARTESIAN_POINT('',(-1.570796326795,0.));
#3524 = VECTOR('',#3525,1.);
#3525 = DIRECTION('',(-0.,1.));
#3526 = ( GEOMETRIC_REPRESENTATION_CONTEXT(2) 
PARAMETRIC_REPRESENTATION_CONTEXT() REPRESENTATION_CONTEXT('2D SPACE',''
  ) );
#3527 = PCURVE('',#2437,#3528);
#3528 = DEFINITIONAL_REPRESENTATION('',(#3529),#3533);
#3529 = LINE('',#3530,#3531);
#3530 = CARTESIAN_POINT('',(15.000065104167,22.800130208333));
#3531 = VECTOR('',#3532,1.);
#3532 = DIRECTION('',(0.,1.));
#3533 = ( GEOMETRIC_REPRESENTATION_CONTEXT(2) 
PARAMETRIC_REPRESENTATION_CONTEXT() REPRESENTATION_CONTEXT('2D SPACE',''
  ) );
#3534 = ORIENTED_EDGE('',*,*,#3535,.F.);
#3535 = EDGE_CURVE('',#3536,#3513,#3538,.T.);
#3536 = VERTEX_POINT('',#3537);
#3537 = CARTESIAN_POINT('',(4.980987992729,-9.400065104167,20.6));
#3538 = SURFACE_CURVE('',#3539,(#3544,#3556),.PCURVE_S1.);
#3539 = ELLIPSE('',#3540,1.979898987322,1.4);
#3540 = AXIS2_PLACEMENT_3D('',#3541,#3542,#3543);
#3541 = CARTESIAN_POINT('',(3.580987992729,-10.80006510416,20.6));
#3542 = DIRECTION('',(0.707106781187,-0.707106781187,-0.));
#3543 = DIRECTION('',(0.707106781187,0.707106781187,0.));
#3544 = PCURVE('',#3436,#3545);
#3545 = DEFINITIONAL_REPRESENTATION('',(#3546),#3555);
#3546 = B_SPLINE_CURVE_WITH_KNOTS('',7,(#3547,#3548,#3549,#3550,#3551,
    #3552,#3553,#3554),.UNSPECIFIED.,.F.,.F.,(8,8),(0.,1.570796483315),
  .PIECEWISE_BEZIER_KNOTS.);
#3547 = CARTESIAN_POINT('',(0.,2.7998046875));
#3548 = CARTESIAN_POINT('',(-0.224399497616,2.7998046875));
#3549 = CARTESIAN_POINT('',(-0.448798995233,2.717556529454));
#3550 = CARTESIAN_POINT('',(-0.673198492849,2.553072144809));
#3551 = CARTESIAN_POINT('',(-0.897597990466,2.316450149267));
#3552 = CARTESIAN_POINT('',(-1.121997488082,2.028121798899));
#3553 = CARTESIAN_POINT('',(-1.346396985699,1.713963765035));
#3554 = CARTESIAN_POINT('',(-1.570796483315,1.399804468372));
#3555 = ( GEOMETRIC_REPRESENTATION_CONTEXT(2) 
PARAMETRIC_REPRESENTATION_CONTEXT() REPRESENTATION_CONTEXT('2D SPACE',''
  ) );
#3556 = PCURVE('',#3557,#3562);
#3557 = CYLINDRICAL_SURFACE('',#3558,1.4);
#3558 = AXIS2_PLACEMENT_3D('',#3559,#3560,#3561);
#3559 = CARTESIAN_POINT('',(4.980987992729,-10.80006510416,20.6));
#3560 = DIRECTION('',(-1.,0.,0.));
#3561 = DIRECTION('',(0.,1.,-0.));
#3562 = DEFINITIONAL_REPRESENTATION('',(#3563),#3572);
#3563 = B_SPLINE_CURVE_WITH_KNOTS('',7,(#3564,#3565,#3566,#3567,#3568,
    #3569,#3570,#3571),.UNSPECIFIED.,.F.,.F.,(8,8),(0.,1.570796483315),
  .PIECEWISE_BEZIER_KNOTS.);
#3564 = CARTESIAN_POINT('',(0.,0.));
#3565 = CARTESIAN_POINT('',(-0.224399497616,7.694683541615E-17));
#3566 = CARTESIAN_POINT('',(-0.448798995233,8.22481580458E-02));
#3567 = CARTESIAN_POINT('',(-0.673198492849,0.246732542691));
#3568 = CARTESIAN_POINT('',(-0.897597990466,0.483354538233));
#3569 = CARTESIAN_POINT('',(-1.121997488082,0.771682888601));
#3570 = CARTESIAN_POINT('',(-1.346396985699,1.085840922465));
#3571 = CARTESIAN_POINT('',(-1.570796483315,1.400000219128));
#3572 = ( GEOMETRIC_REPRESENTATION_CONTEXT(2) 
PARAMETRIC_REPRESENTATION_CONTEXT() REPRESENTATION_CONTEXT('2D SPACE',''
  ) );
#3573 = ORIENTED_EDGE('',*,*,#3574,.F.);
#3574 = EDGE_CURVE('',#3422,#3536,#3575,.T.);
#3575 = SURFACE_CURVE('',#3576,(#3580,#3587),.PCURVE_S1.);
#3576 = LINE('',#3577,#3578);
#3577 = CARTESIAN_POINT('',(4.980987992729,-12.19986979166,20.6));
#3578 = VECTOR('',#3579,1.);
#3579 = DIRECTION('',(0.,1.,0.));
#3580 = PCURVE('',#3436,#3581);
#3581 = DEFINITIONAL_REPRESENTATION('',(#3582),#3586);
#3582 = LINE('',#3583,#3584);
#3583 = CARTESIAN_POINT('',(-0.,0.));
#3584 = VECTOR('',#3585,1.);
#3585 = DIRECTION('',(-0.,1.));
#3586 = ( GEOMETRIC_REPRESENTATION_CONTEXT(2) 
PARAMETRIC_REPRESENTATION_CONTEXT() REPRESENTATION_CONTEXT('2D SPACE',''
  ) );
#3587 = PCURVE('',#3588,#3593);
#3588 = PLANE('',#3589);
#3589 = AXIS2_PLACEMENT_3D('',#3590,#3591,#3592);
#3590 = CARTESIAN_POINT('',(4.980987992729,-12.19986979166,0.));
#3591 = DIRECTION('',(-1.,0.,0.));
#3592 = DIRECTION('',(0.,1.,0.));
#3593 = DEFINITIONAL_REPRESENTATION('',(#3594),#3598);
#3594 = LINE('',#3595,#3596);
#3595 = CARTESIAN_POINT('',(0.,-20.6));
#3596 = VECTOR('',#3597,1.);
#3597 = DIRECTION('',(1.,0.));
#3598 = ( GEOMETRIC_REPRESENTATION_CONTEXT(2) 
PARAMETRIC_REPRESENTATION_CONTEXT() REPRESENTATION_CONTEXT('2D SPACE',''
  ) );
#3599 = ADVANCED_FACE('',(#3600),#3557,.T.);
#3600 = FACE_BOUND('',#3601,.F.);
#3601 = EDGE_LOOP('',(#3602,#3603,#3626,#3665));
#3602 = ORIENTED_EDGE('',*,*,#3535,.T.);
#3603 = ORIENTED_EDGE('',*,*,#3604,.T.);
#3604 = EDGE_CURVE('',#3513,#3605,#3607,.T.);
#3605 = VERTEX_POINT('',#3606);
#3606 = CARTESIAN_POINT('',(-6.619012007271,-10.80006510416,22.));
#3607 = SURFACE_CURVE('',#3608,(#3612,#3619),.PCURVE_S1.);
#3608 = LINE('',#3609,#3610);
#3609 = CARTESIAN_POINT('',(4.980987992729,-10.80006510416,22.));
#3610 = VECTOR('',#3611,1.);
#3611 = DIRECTION('',(-1.,0.,0.));
#3612 = PCURVE('',#3557,#3613);
#3613 = DEFINITIONAL_REPRESENTATION('',(#3614),#3618);
#3614 = LINE('',#3615,#3616);
#3615 = CARTESIAN_POINT('',(-1.570796326795,0.));
#3616 = VECTOR('',#3617,1.);
#3617 = DIRECTION('',(-0.,1.));
#3618 = ( GEOMETRIC_REPRESENTATION_CONTEXT(2) 
PARAMETRIC_REPRESENTATION_CONTEXT() REPRESENTATION_CONTEXT('2D SPACE',''
  ) );
#3619 = PCURVE('',#2437,#3620);
#3620 = DEFINITIONAL_REPRESENTATION('',(#3621),#3625);
#3621 = LINE('',#3622,#3623);
#3622 = CARTESIAN_POINT('',(16.400065104167,24.199934895833));
#3623 = VECTOR('',#3624,1.);
#3624 = DIRECTION('',(-1.,0.));
#3625 = ( GEOMETRIC_REPRESENTATION_CONTEXT(2) 
PARAMETRIC_REPRESENTATION_CONTEXT() REPRESENTATION_CONTEXT('2D SPACE',''
  ) );
#3626 = ORIENTED_EDGE('',*,*,#3627,.F.);
#3627 = EDGE_CURVE('',#3628,#3605,#3630,.T.);
#3628 = VERTEX_POINT('',#3629);
#3629 = CARTESIAN_POINT('',(-8.019012007271,-9.400065104167,20.6));
#3630 = SURFACE_CURVE('',#3631,(#3636,#3648),.PCURVE_S1.);
#3631 = ELLIPSE('',#3632,1.979898987322,1.4);
#3632 = AXIS2_PLACEMENT_3D('',#3633,#3634,#3635);
#3633 = CARTESIAN_POINT('',(-6.619012007271,-10.80006510416,20.6));
#3634 = DIRECTION('',(0.707106781187,0.707106781187,0.));
#3635 = DIRECTION('',(0.707106781187,-0.707106781187,0.));
#3636 = PCURVE('',#3557,#3637);
#3637 = DEFINITIONAL_REPRESENTATION('',(#3638),#3647);
#3638 = B_SPLINE_CURVE_WITH_KNOTS('',7,(#3639,#3640,#3641,#3642,#3643,
    #3644,#3645,#3646),.UNSPECIFIED.,.F.,.F.,(8,8),(3.14159265359,
    4.712389136905),.PIECEWISE_BEZIER_KNOTS.);
#3639 = CARTESIAN_POINT('',(0.,13.));
#3640 = CARTESIAN_POINT('',(-0.224399497616,13.));
#3641 = CARTESIAN_POINT('',(-0.448798995233,12.917751841954));
#3642 = CARTESIAN_POINT('',(-0.67319849285,12.75326745731));
#3643 = CARTESIAN_POINT('',(-0.897597990465,12.516645461768));
#3644 = CARTESIAN_POINT('',(-1.121997488082,12.228317111397));
#3645 = CARTESIAN_POINT('',(-1.346396985699,11.914159077535));
#3646 = CARTESIAN_POINT('',(-1.570796483315,11.599999780872));
#3647 = ( GEOMETRIC_REPRESENTATION_CONTEXT(2) 
PARAMETRIC_REPRESENTATION_CONTEXT() REPRESENTATION_CONTEXT('2D SPACE',''
  ) );
#3648 = PCURVE('',#3649,#3654);
#3649 = CYLINDRICAL_SURFACE('',#3650,1.4);
#3650 = AXIS2_PLACEMENT_3D('',#3651,#3652,#3653);
#3651 = CARTESIAN_POINT('',(-6.619012007271,-9.400065104167,20.6));
#3652 = DIRECTION('',(0.,-1.,0.));
#3653 = DIRECTION('',(-1.,-0.,0.));
#3654 = DEFINITIONAL_REPRESENTATION('',(#3655),#3664);
#3655 = B_SPLINE_CURVE_WITH_KNOTS('',7,(#3656,#3657,#3658,#3659,#3660,
    #3661,#3662,#3663),.UNSPECIFIED.,.F.,.F.,(8,8),(3.14159265359,
    4.712389136905),.PIECEWISE_BEZIER_KNOTS.);
#3656 = CARTESIAN_POINT('',(0.,0.));
#3657 = CARTESIAN_POINT('',(-0.224399497616,3.847341770807E-17));
#3658 = CARTESIAN_POINT('',(-0.448798995233,8.224815804581E-02));
#3659 = CARTESIAN_POINT('',(-0.673198492849,0.246732542691));
#3660 = CARTESIAN_POINT('',(-0.897597990466,0.483354538233));
#3661 = CARTESIAN_POINT('',(-1.121997488082,0.771682888601));
#3662 = CARTESIAN_POINT('',(-1.346396985699,1.085840922465));
#3663 = CARTESIAN_POINT('',(-1.570796483315,1.400000219128));
#3664 = ( GEOMETRIC_REPRESENTATION_CONTEXT(2) 
PARAMETRIC_REPRESENTATION_CONTEXT() REPRESENTATION_CONTEXT('2D SPACE',''
  ) );
#3665 = ORIENTED_EDGE('',*,*,#3666,.F.);
#3666 = EDGE_CURVE('',#3536,#3628,#3667,.T.);
#3667 = SURFACE_CURVE('',#3668,(#3672,#3679),.PCURVE_S1.);
#3668 = LINE('',#3669,#3670);
#3669 = CARTESIAN_POINT('',(4.980987992729,-9.400065104167,20.6));
#3670 = VECTOR('',#3671,1.);
#3671 = DIRECTION('',(-1.,0.,0.));
#3672 = PCURVE('',#3557,#3673);
#3673 = DEFINITIONAL_REPRESENTATION('',(#3674),#3678);
#3674 = LINE('',#3675,#3676);
#3675 = CARTESIAN_POINT('',(-0.,0.));
#3676 = VECTOR('',#3677,1.);
#3677 = DIRECTION('',(-0.,1.));
#3678 = ( GEOMETRIC_REPRESENTATION_CONTEXT(2) 
PARAMETRIC_REPRESENTATION_CONTEXT() REPRESENTATION_CONTEXT('2D SPACE',''
  ) );
#3679 = PCURVE('',#3680,#3685);
#3680 = PLANE('',#3681);
#3681 = AXIS2_PLACEMENT_3D('',#3682,#3683,#3684);
#3682 = CARTESIAN_POINT('',(4.980987992729,-9.400065104167,0.));
#3683 = DIRECTION('',(0.,-1.,0.));
#3684 = DIRECTION('',(-1.,0.,0.));
#3685 = DEFINITIONAL_REPRESENTATION('',(#3686),#3690);
#3686 = LINE('',#3687,#3688);
#3687 = CARTESIAN_POINT('',(0.,-20.6));
#3688 = VECTOR('',#3689,1.);
#3689 = DIRECTION('',(1.,0.));
#3690 = ( GEOMETRIC_REPRESENTATION_CONTEXT(2) 
PARAMETRIC_REPRESENTATION_CONTEXT() REPRESENTATION_CONTEXT('2D SPACE',''
  ) );
#3691 = ADVANCED_FACE('',(#3692),#3649,.T.);
#3692 = FACE_BOUND('',#3693,.F.);
#3693 = EDGE_LOOP('',(#3694,#3695,#3718,#3831));
#3694 = ORIENTED_EDGE('',*,*,#3627,.T.);
#3695 = ORIENTED_EDGE('',*,*,#3696,.T.);
#3696 = EDGE_CURVE('',#3605,#3697,#3699,.T.);
#3697 = VERTEX_POINT('',#3698);
#3698 = CARTESIAN_POINT('',(-6.619012007271,-12.19986979166,22.));
#3699 = SURFACE_CURVE('',#3700,(#3704,#3711),.PCURVE_S1.);
#3700 = LINE('',#3701,#3702);
#3701 = CARTESIAN_POINT('',(-6.619012007271,-9.400065104167,22.));
#3702 = VECTOR('',#3703,1.);
#3703 = DIRECTION('',(0.,-1.,0.));
#3704 = PCURVE('',#3649,#3705);
#3705 = DEFINITIONAL_REPRESENTATION('',(#3706),#3710);
#3706 = LINE('',#3707,#3708);
#3707 = CARTESIAN_POINT('',(-1.570796326795,0.));
#3708 = VECTOR('',#3709,1.);
#3709 = DIRECTION('',(-0.,1.));
#3710 = ( GEOMETRIC_REPRESENTATION_CONTEXT(2) 
PARAMETRIC_REPRESENTATION_CONTEXT() REPRESENTATION_CONTEXT('2D SPACE',''
  ) );
#3711 = PCURVE('',#2437,#3712);
#3712 = DEFINITIONAL_REPRESENTATION('',(#3713),#3717);
#3713 = LINE('',#3714,#3715);
#3714 = CARTESIAN_POINT('',(4.800065104167,25.599934895833));
#3715 = VECTOR('',#3716,1.);
#3716 = DIRECTION('',(0.,-1.));
#3717 = ( GEOMETRIC_REPRESENTATION_CONTEXT(2) 
PARAMETRIC_REPRESENTATION_CONTEXT() REPRESENTATION_CONTEXT('2D SPACE',''
  ) );
#3718 = ORIENTED_EDGE('',*,*,#3719,.F.);
#3719 = EDGE_CURVE('',#3720,#3697,#3722,.T.);
#3720 = VERTEX_POINT('',#3721);
#3721 = CARTESIAN_POINT('',(-8.019012007271,-12.19986979166,20.6));
#3722 = SURFACE_CURVE('',#3723,(#3728,#3734),.PCURVE_S1.);
#3723 = CIRCLE('',#3724,1.4);
#3724 = AXIS2_PLACEMENT_3D('',#3725,#3726,#3727);
#3725 = CARTESIAN_POINT('',(-6.619012007271,-12.19986979166,20.6));
#3726 = DIRECTION('',(-0.,1.,0.));
#3727 = DIRECTION('',(-1.,-0.,0.));
#3728 = PCURVE('',#3649,#3729);
#3729 = DEFINITIONAL_REPRESENTATION('',(#3730),#3733);
#3730 = B_SPLINE_CURVE_WITH_KNOTS('',1,(#3731,#3732),.UNSPECIFIED.,.F.,
  .F.,(2,2),(0.,1.570796326795),.PIECEWISE_BEZIER_KNOTS.);
#3731 = CARTESIAN_POINT('',(0.,2.7998046875));
#3732 = CARTESIAN_POINT('',(-1.570796326795,2.7998046875));
#3733 = ( GEOMETRIC_REPRESENTATION_CONTEXT(2) 
PARAMETRIC_REPRESENTATION_CONTEXT() REPRESENTATION_CONTEXT('2D SPACE',''
  ) );
#3734 = PCURVE('',#3735,#3778);
#3735 = ( BOUNDED_SURFACE() B_SPLINE_SURFACE(2,13,(
    (#3736,#3737,#3738,#3739,#3740,#3741,#3742,#3743,#3744,#3745,#3746
      ,#3747,#3748,#3749)
    ,(#3750,#3751,#3752,#3753,#3754,#3755,#3756,#3757,#3758,#3759,#3760
      ,#3761,#3762,#3763)
    ,(#3764,#3765,#3766,#3767,#3768,#3769,#3770,#3771,#3772,#3773,#3774
      ,#3775,#3776,#3777
)),.UNSPECIFIED.,.F.,.F.,.F.) B_SPLINE_SURFACE_WITH_KNOTS((3,3),(14,14),
  (0.,38.516392553384),(2.7998046875,41.316197240884),
.PIECEWISE_BEZIER_KNOTS.) GEOMETRIC_REPRESENTATION_ITEM() 
RATIONAL_B_SPLINE_SURFACE((
    (1.,1.,1.000000000001,0.999999999998,1.000000000005,0.999999999993
      ,1.000000000009,0.999999999992,1.000000000006,0.999999999996
      ,1.000000000002,0.999999999999,1.,1.)
    ,(0.707106781187,0.707106781186,0.707106781187,0.707106781185
      ,0.707106781189,0.707106781183,0.707106781191,0.707106781183
      ,0.70710678119,0.707106781185,0.707106781188,0.707106781186
      ,0.707106781187,0.707106781187)
    ,(1.,1.,1.000000000001,0.999999999998,1.000000000005,0.999999999993
      ,1.000000000009,0.999999999992,1.000000000006,0.999999999996
,1.000000000002,0.999999999999,1.,1.
  ))) REPRESENTATION_ITEM('') SURFACE() );
#3736 = CARTESIAN_POINT('',(-8.019012007271,-12.19986979166,20.6));
#3737 = CARTESIAN_POINT('',(-8.019012007272,-15.70803000138,20.6));
#3738 = CARTESIAN_POINT('',(-7.584387741117,-18.97814867424,20.6));
#3739 = CARTESIAN_POINT('',(-6.736375405756,-22.0003615756,20.6));
#3740 = CARTESIAN_POINT('',(-5.502239147079,-24.7640112486,
    20.600000000001));
#3741 = CARTESIAN_POINT('',(-3.886992620525,-27.26766979852,
    20.599999999998));
#3742 = CARTESIAN_POINT('',(-1.949927743397,-29.49498352562,
    20.600000000002));
#3743 = CARTESIAN_POINT('',(0.376265438857,-31.50663111896,
    20.599999999998));
#3744 = CARTESIAN_POINT('',(3.049865854719,-33.16561513412,
    20.600000000002));
#3745 = CARTESIAN_POINT('',(6.020822355921,-34.50915335771,
    20.599999999999));
#3746 = CARTESIAN_POINT('',(9.235224731733,-35.48600252584,
    20.600000000001));
#3747 = CARTESIAN_POINT('',(12.61088234385,-36.10969185796,20.6));
#3748 = CARTESIAN_POINT('',(16.056552982967,-36.40006510416,20.6));
#3749 = CARTESIAN_POINT('',(19.480987992729,-36.40006510416,20.6));
#3750 = CARTESIAN_POINT('',(-8.019012007271,-12.19986979166,22.));
#3751 = CARTESIAN_POINT('',(-8.019012007271,-15.70803000138,22.));
#3752 = CARTESIAN_POINT('',(-7.584387741122,-18.97814867423,22.));
#3753 = CARTESIAN_POINT('',(-6.736375405744,-22.00036157561,22.));
#3754 = CARTESIAN_POINT('',(-5.5022391471,-24.76401124858,
    22.000000000001));
#3755 = CARTESIAN_POINT('',(-3.886992620499,-27.26766979854,
    21.999999999999));
#3756 = CARTESIAN_POINT('',(-1.949927743422,-29.49498352561,
    22.000000000001));
#3757 = CARTESIAN_POINT('',(0.376265438873,-31.50663111897,
    21.999999999999));
#3758 = CARTESIAN_POINT('',(3.049865854713,-33.16561513411,22.));
#3759 = CARTESIAN_POINT('',(6.020822355921,-34.50915335772,22.));
#3760 = CARTESIAN_POINT('',(9.235224731735,-35.48600252584,22.));
#3761 = CARTESIAN_POINT('',(12.610882343849,-36.10969185796,22.));
#3762 = CARTESIAN_POINT('',(16.056552982967,-36.40006510416,22.));
#3763 = CARTESIAN_POINT('',(19.480987992729,-36.40006510416,22.));
#3764 = CARTESIAN_POINT('',(-6.619012007271,-12.19986979166,22.));
#3765 = CARTESIAN_POINT('',(-6.619012007271,-15.54793253384,22.));
#3766 = CARTESIAN_POINT('',(-6.204287593649,-18.64377875349,22.));
#3767 = CARTESIAN_POINT('',(-5.401117913392,-21.47943095136,22.));
#3768 = CARTESIAN_POINT('',(-4.24691032785,-24.04896896763,
    21.999999999999));
#3769 = CARTESIAN_POINT('',(-2.739692469228,-26.36631826659,
    22.000000000002));
#3770 = CARTESIAN_POINT('',(-0.966655267288,-28.41891250022,
    21.999999999998));
#3771 = CARTESIAN_POINT('',(1.199174292202,-30.33140337067,
    22.000000000002));
#3772 = CARTESIAN_POINT('',(3.718159645597,-31.89735906215,
    21.999999999998));
#3773 = CARTESIAN_POINT('',(6.542182941599,-33.18772138905,
    22.000000000001));
#3774 = CARTESIAN_POINT('',(9.620769502135,-34.12391937736,
    21.999999999999));
#3775 = CARTESIAN_POINT('',(12.868160436595,-34.72323540826,22.));
#3776 = CARTESIAN_POINT('',(16.18897992026,-35.00037580742,22.));
#3777 = CARTESIAN_POINT('',(19.484314476763,-35.00006905613,22.));
#3778 = DEFINITIONAL_REPRESENTATION('',(#3779),#3830);
#3779 = B_SPLINE_CURVE_WITH_KNOTS('',9,(#3780,#3781,#3782,#3783,#3784,
    #3785,#3786,#3787,#3788,#3789,#3790,#3791,#3792,#3793,#3794,#3795,
    #3796,#3797,#3798,#3799,#3800,#3801,#3802,#3803,#3804,#3805,#3806,
    #3807,#3808,#3809,#3810,#3811,#3812,#3813,#3814,#3815,#3816,#3817,
    #3818,#3819,#3820,#3821,#3822,#3823,#3824,#3825,#3826,#3827,#3828,
    #3829),.UNSPECIFIED.,.F.,.F.,(10,8,8,8,8,8,10),(0.,0.392699081699,
    0.589048622548,0.785398163397,0.981747704247,1.178097245096,
    1.570796326795),.UNSPECIFIED.);
#3780 = CARTESIAN_POINT('',(4.440892098501E-15,2.7998046875));
#3781 = CARTESIAN_POINT('',(1.188359884131,2.7998046875));
#3782 = CARTESIAN_POINT('',(2.352557702331,2.7998046875));
#3783 = CARTESIAN_POINT('',(3.495068921568,2.7998046875));
#3784 = CARTESIAN_POINT('',(4.618158966437,2.7998046875));
#3785 = CARTESIAN_POINT('',(5.723879380083,2.7998046875));
#3786 = CARTESIAN_POINT('',(6.814193543153,2.7998046875));
#3787 = CARTESIAN_POINT('',(7.890862825912,2.7998046875));
#3788 = CARTESIAN_POINT('',(8.955621012512,2.7998046875));
#3789 = CARTESIAN_POINT('',(10.537313896287,2.7998046875));
#3790 = CARTESIAN_POINT('',(11.061971200149,2.7998046875));
#3791 = CARTESIAN_POINT('',(11.584257228251,2.7998046875));
#3792 = CARTESIAN_POINT('',(12.104370412002,2.799804687501));
#3793 = CARTESIAN_POINT('',(12.622504784888,2.799804687499));
#3794 = CARTESIAN_POINT('',(13.138850029446,2.7998046875));
#3795 = CARTESIAN_POINT('',(13.653592018865,2.7998046875));
#3796 = CARTESIAN_POINT('',(14.166913853241,2.7998046875));
#3797 = CARTESIAN_POINT('',(15.191080927706,2.7998046875));
#3798 = CARTESIAN_POINT('',(15.701926224302,2.7998046875));
#3799 = CARTESIAN_POINT('',(16.211715198286,2.7998046875));
#3800 = CARTESIAN_POINT('',(16.720628604138,2.7998046875));
#3801 = CARTESIAN_POINT('',(17.228842666579,2.7998046875));
#3802 = CARTESIAN_POINT('',(17.736531139796,2.7998046875));
#3803 = CARTESIAN_POINT('',(18.243868836883,2.7998046875));
#3804 = CARTESIAN_POINT('',(18.751032674379,2.7998046875));
#3805 = CARTESIAN_POINT('',(19.765359879005,2.7998046875));
#3806 = CARTESIAN_POINT('',(20.272523716502,2.7998046875));
#3807 = CARTESIAN_POINT('',(20.779861413584,2.7998046875));
#3808 = CARTESIAN_POINT('',(21.287549886808,2.799804687501));
#3809 = CARTESIAN_POINT('',(21.795763949243,2.7998046875));
#3810 = CARTESIAN_POINT('',(22.304677355098,2.7998046875));
#3811 = CARTESIAN_POINT('',(22.81446632908,2.7998046875));
#3812 = CARTESIAN_POINT('',(23.325311625678,2.7998046875));
#3813 = CARTESIAN_POINT('',(24.349478700142,2.7998046875));
#3814 = CARTESIAN_POINT('',(24.862800534519,2.7998046875));
#3815 = CARTESIAN_POINT('',(25.377542523935,2.7998046875));
#3816 = CARTESIAN_POINT('',(25.893887768498,2.7998046875));
#3817 = CARTESIAN_POINT('',(26.412022141378,2.7998046875));
#3818 = CARTESIAN_POINT('',(26.932135325134,2.7998046875));
#3819 = CARTESIAN_POINT('',(27.454421353234,2.7998046875));
#3820 = CARTESIAN_POINT('',(27.979078657097,2.7998046875));
#3821 = CARTESIAN_POINT('',(29.56077154087,2.7998046875));
#3822 = CARTESIAN_POINT('',(30.625529727473,2.7998046875));
#3823 = CARTESIAN_POINT('',(31.702199010227,2.7998046875));
#3824 = CARTESIAN_POINT('',(32.792513173305,2.7998046875));
#3825 = CARTESIAN_POINT('',(33.898233586943,2.7998046875));
#3826 = CARTESIAN_POINT('',(35.021323631818,2.7998046875));
#3827 = CARTESIAN_POINT('',(36.16383485105,2.7998046875));
#3828 = CARTESIAN_POINT('',(37.328032669254,2.7998046875));
#3829 = CARTESIAN_POINT('',(38.516392553384,2.7998046875));
#3830 = ( GEOMETRIC_REPRESENTATION_CONTEXT(2) 
PARAMETRIC_REPRESENTATION_CONTEXT() REPRESENTATION_CONTEXT('2D SPACE',''
  ) );
#3831 = ORIENTED_EDGE('',*,*,#3832,.F.);
#3832 = EDGE_CURVE('',#3628,#3720,#3833,.T.);
#3833 = SURFACE_CURVE('',#3834,(#3838,#3845),.PCURVE_S1.);
#3834 = LINE('',#3835,#3836);
#3835 = CARTESIAN_POINT('',(-8.019012007271,-9.400065104167,20.6));
#3836 = VECTOR('',#3837,1.);
#3837 = DIRECTION('',(0.,-1.,0.));
#3838 = PCURVE('',#3649,#3839);
#3839 = DEFINITIONAL_REPRESENTATION('',(#3840),#3844);
#3840 = LINE('',#3841,#3842);
#3841 = CARTESIAN_POINT('',(-0.,0.));
#3842 = VECTOR('',#3843,1.);
#3843 = DIRECTION('',(-0.,1.));
#3844 = ( GEOMETRIC_REPRESENTATION_CONTEXT(2) 
PARAMETRIC_REPRESENTATION_CONTEXT() REPRESENTATION_CONTEXT('2D SPACE',''
  ) );
#3845 = PCURVE('',#3846,#3851);
#3846 = PLANE('',#3847);
#3847 = AXIS2_PLACEMENT_3D('',#3848,#3849,#3850);
#3848 = CARTESIAN_POINT('',(-8.019012007271,-9.400065104167,0.));
#3849 = DIRECTION('',(1.,0.,-0.));
#3850 = DIRECTION('',(0.,-1.,0.));
#3851 = DEFINITIONAL_REPRESENTATION('',(#3852),#3856);
#3852 = LINE('',#3853,#3854);
#3853 = CARTESIAN_POINT('',(0.,-20.6));
#3854 = VECTOR('',#3855,1.);
#3855 = DIRECTION('',(1.,0.));
#3856 = ( GEOMETRIC_REPRESENTATION_CONTEXT(2) 
PARAMETRIC_REPRESENTATION_CONTEXT() REPRESENTATION_CONTEXT('2D SPACE',''
  ) );
#3857 = ADVANCED_FACE('',(#3858),#3735,.F.);
#3858 = FACE_BOUND('',#3859,.F.);
#3859 = EDGE_LOOP('',(#3860,#3861,#3906,#3925));
#3860 = ORIENTED_EDGE('',*,*,#3719,.T.);
#3861 = ORIENTED_EDGE('',*,*,#3862,.T.);
#3862 = EDGE_CURVE('',#3697,#3863,#3865,.T.);
#3863 = VERTEX_POINT('',#3864);
#3864 = CARTESIAN_POINT('',(19.484314476763,-35.00006905613,22.));
#3865 = SURFACE_CURVE('',#3866,(#3881,#3888),.PCURVE_S1.);
#3866 = ( BOUNDED_CURVE() B_SPLINE_CURVE(13,(#3867,#3868,#3869,#3870,
    #3871,#3872,#3873,#3874,#3875,#3876,#3877,#3878,#3879,#3880),
.UNSPECIFIED.,.F.,.F.) B_SPLINE_CURVE_WITH_KNOTS((14,14),(2.7998046875,
41.316197240884),.PIECEWISE_BEZIER_KNOTS.) CURVE() 
GEOMETRIC_REPRESENTATION_ITEM() RATIONAL_B_SPLINE_CURVE((1.,1.,
    1.000000000001,0.999999999998,1.000000000005,0.999999999993,
    1.000000000009,0.999999999992,1.000000000006,0.999999999996,
1.000000000002,0.999999999999,1.,1.)) REPRESENTATION_ITEM('') );
#3867 = CARTESIAN_POINT('',(-6.619012007271,-12.19986979166,22.));
#3868 = CARTESIAN_POINT('',(-6.619012007271,-15.54793253384,22.));
#3869 = CARTESIAN_POINT('',(-6.204287593649,-18.64377875349,22.));
#3870 = CARTESIAN_POINT('',(-5.401117913392,-21.47943095136,22.));
#3871 = CARTESIAN_POINT('',(-4.24691032785,-24.04896896763,
    21.999999999999));
#3872 = CARTESIAN_POINT('',(-2.739692469228,-26.36631826659,
    22.000000000002));
#3873 = CARTESIAN_POINT('',(-0.966655267288,-28.41891250022,
    21.999999999998));
#3874 = CARTESIAN_POINT('',(1.199174292202,-30.33140337067,
    22.000000000002));
#3875 = CARTESIAN_POINT('',(3.718159645597,-31.89735906215,
    21.999999999998));
#3876 = CARTESIAN_POINT('',(6.542182941599,-33.18772138905,
    22.000000000001));
#3877 = CARTESIAN_POINT('',(9.620769502135,-34.12391937736,
    21.999999999999));
#3878 = CARTESIAN_POINT('',(12.868160436595,-34.72323540826,22.));
#3879 = CARTESIAN_POINT('',(16.18897992026,-35.00037580742,22.));
#3880 = CARTESIAN_POINT('',(19.484314476763,-35.00006905613,22.));
#3881 = PCURVE('',#3735,#3882);
#3882 = DEFINITIONAL_REPRESENTATION('',(#3883),#3887);
#3883 = LINE('',#3884,#3885);
#3884 = CARTESIAN_POINT('',(38.516392553384,0.));
#3885 = VECTOR('',#3886,1.);
#3886 = DIRECTION('',(0.,1.));
#3887 = ( GEOMETRIC_REPRESENTATION_CONTEXT(2) 
PARAMETRIC_REPRESENTATION_CONTEXT() REPRESENTATION_CONTEXT('2D SPACE',''
  ) );
#3888 = PCURVE('',#2437,#3889);
#3889 = DEFINITIONAL_REPRESENTATION('',(#3890),#3905);
#3890 = B_SPLINE_CURVE_WITH_KNOTS('',13,(#3891,#3892,#3893,#3894,#3895,
    #3896,#3897,#3898,#3899,#3900,#3901,#3902,#3903,#3904),
  .UNSPECIFIED.,.F.,.F.,(14,14),(2.7998046875,41.316197240884),
  .PIECEWISE_BEZIER_KNOTS.);
#3891 = CARTESIAN_POINT('',(4.800065104167,22.800130208333));
#3892 = CARTESIAN_POINT('',(4.800065104165,19.452067466156));
#3893 = CARTESIAN_POINT('',(5.214789517794,16.356221246522));
#3894 = CARTESIAN_POINT('',(6.017959198027,13.520569048605));
#3895 = CARTESIAN_POINT('',(7.172166783629,10.951031032407));
#3896 = CARTESIAN_POINT('',(8.679384642137,8.633681733355));
#3897 = CARTESIAN_POINT('',(10.452421844251,6.58108749981));
#3898 = CARTESIAN_POINT('',(12.618251403526,4.66859662931));
#3899 = CARTESIAN_POINT('',(15.137236757138,3.102640937842));
#3900 = CARTESIAN_POINT('',(17.961260052961,1.81227861095));
#3901 = CARTESIAN_POINT('',(21.039846613615,0.876080622634));
#3902 = CARTESIAN_POINT('',(24.287237548015,0.276764591741));
#3903 = CARTESIAN_POINT('',(27.608057031702,-3.758074262977E-04));
#3904 = CARTESIAN_POINT('',(30.9033915882,-6.905613511243E-05));
#3905 = ( GEOMETRIC_REPRESENTATION_CONTEXT(2) 
PARAMETRIC_REPRESENTATION_CONTEXT() REPRESENTATION_CONTEXT('2D SPACE',''
  ) );
#3906 = ORIENTED_EDGE('',*,*,#3907,.F.);
#3907 = EDGE_CURVE('',#42,#3863,#3908,.T.);
#3908 = SURFACE_CURVE('',#3909,(#3913,#3919),.PCURVE_S1.);
#3909 = ( BOUNDED_CURVE() B_SPLINE_CURVE(2,(#3910,#3911,#3912),
.UNSPECIFIED.,.F.,.F.) B_SPLINE_CURVE_WITH_KNOTS((3,3),(0.,
38.516392553384),.PIECEWISE_BEZIER_KNOTS.) CURVE() 
GEOMETRIC_REPRESENTATION_ITEM() RATIONAL_B_SPLINE_CURVE((1.,
0.707106781187,1.)) REPRESENTATION_ITEM('') );
#3910 = CARTESIAN_POINT('',(19.480987992729,-36.40006510416,20.6));
#3911 = CARTESIAN_POINT('',(19.480987992729,-36.40006510416,22.));
#3912 = CARTESIAN_POINT('',(19.484314476763,-35.00006905613,22.));
#3913 = PCURVE('',#3735,#3914);
#3914 = DEFINITIONAL_REPRESENTATION('',(#3915),#3918);
#3915 = B_SPLINE_CURVE_WITH_KNOTS('',1,(#3916,#3917),.UNSPECIFIED.,.F.,
  .F.,(2,2),(0.,38.516392553384),.PIECEWISE_BEZIER_KNOTS.);
#3916 = CARTESIAN_POINT('',(0.,41.316197240884));
#3917 = CARTESIAN_POINT('',(38.516392553384,41.316197240884));
#3918 = ( GEOMETRIC_REPRESENTATION_CONTEXT(2) 
PARAMETRIC_REPRESENTATION_CONTEXT() REPRESENTATION_CONTEXT('2D SPACE',''
  ) );
#3919 = PCURVE('',#134,#3920);
#3920 = DEFINITIONAL_REPRESENTATION('',(#3921),#3924);
#3921 = B_SPLINE_CURVE_WITH_KNOTS('',1,(#3922,#3923),.UNSPECIFIED.,.F.,
  .F.,(2,2),(0.,38.516392553384),.PIECEWISE_BEZIER_KNOTS.);
#3922 = CARTESIAN_POINT('',(0.,41.316197240884));
#3923 = CARTESIAN_POINT('',(38.562850590351,41.316197240884));
#3924 = ( GEOMETRIC_REPRESENTATION_CONTEXT(2) 
PARAMETRIC_REPRESENTATION_CONTEXT() REPRESENTATION_CONTEXT('2D SPACE',''
  ) );
#3925 = ORIENTED_EDGE('',*,*,#3926,.F.);
#3926 = EDGE_CURVE('',#3720,#42,#3927,.T.);
#3927 = SURFACE_CURVE('',#3928,(#3943,#3950),.PCURVE_S1.);
#3928 = ( BOUNDED_CURVE() B_SPLINE_CURVE(13,(#3929,#3930,#3931,#3932,
    #3933,#3934,#3935,#3936,#3937,#3938,#3939,#3940,#3941,#3942),
.UNSPECIFIED.,.F.,.F.) B_SPLINE_CURVE_WITH_KNOTS((14,14),(2.7998046875,
41.316197240884),.PIECEWISE_BEZIER_KNOTS.) CURVE() 
GEOMETRIC_REPRESENTATION_ITEM() RATIONAL_B_SPLINE_CURVE((1.,1.,
    1.000000000001,0.999999999998,1.000000000005,0.999999999993,
    1.000000000009,0.999999999992,1.000000000006,0.999999999996,
1.000000000002,0.999999999999,1.,1.)) REPRESENTATION_ITEM('') );
#3929 = CARTESIAN_POINT('',(-8.019012007271,-12.19986979166,20.6));
#3930 = CARTESIAN_POINT('',(-8.019012007272,-15.70803000138,20.6));
#3931 = CARTESIAN_POINT('',(-7.584387741117,-18.97814867424,20.6));
#3932 = CARTESIAN_POINT('',(-6.736375405756,-22.0003615756,20.6));
#3933 = CARTESIAN_POINT('',(-5.502239147079,-24.7640112486,
    20.600000000001));
#3934 = CARTESIAN_POINT('',(-3.886992620525,-27.26766979852,
    20.599999999998));
#3935 = CARTESIAN_POINT('',(-1.949927743397,-29.49498352562,
    20.600000000002));
#3936 = CARTESIAN_POINT('',(0.376265438857,-31.50663111896,
    20.599999999998));
#3937 = CARTESIAN_POINT('',(3.049865854719,-33.16561513412,
    20.600000000002));
#3938 = CARTESIAN_POINT('',(6.020822355921,-34.50915335771,
    20.599999999999));
#3939 = CARTESIAN_POINT('',(9.235224731733,-35.48600252584,
    20.600000000001));
#3940 = CARTESIAN_POINT('',(12.61088234385,-36.10969185796,20.6));
#3941 = CARTESIAN_POINT('',(16.056552982967,-36.40006510416,20.6));
#3942 = CARTESIAN_POINT('',(19.480987992729,-36.40006510416,20.6));
#3943 = PCURVE('',#3735,#3944);
#3944 = DEFINITIONAL_REPRESENTATION('',(#3945),#3949);
#3945 = LINE('',#3946,#3947);
#3946 = CARTESIAN_POINT('',(0.,0.));
#3947 = VECTOR('',#3948,1.);
#3948 = DIRECTION('',(0.,1.));
#3949 = ( GEOMETRIC_REPRESENTATION_CONTEXT(2) 
PARAMETRIC_REPRESENTATION_CONTEXT() REPRESENTATION_CONTEXT('2D SPACE',''
  ) );
#3950 = PCURVE('',#65,#3951);
#3951 = DEFINITIONAL_REPRESENTATION('',(#3952),#3971);
#3952 = B_SPLINE_CURVE_WITH_KNOTS('',9,(#3953,#3954,#3955,#3956,#3957,
    #3958,#3959,#3960,#3961,#3962,#3963,#3964,#3965,#3966,#3967,#3968,
    #3969,#3970),.UNSPECIFIED.,.F.,.F.,(10,8,10),(2.7998046875,
    22.058000964192,41.316197240884),.UNSPECIFIED.);
#3953 = CARTESIAN_POINT('',(-2.775557561563E-16,-20.6));
#3954 = CARTESIAN_POINT('',(5.556225233703E-02,-20.59999999999));
#3955 = CARTESIAN_POINT('',(0.111130570793,-20.6));
#3956 = CARTESIAN_POINT('',(0.166702396456,-20.59999999999));
#3957 = CARTESIAN_POINT('',(0.222286435998,-20.60000000001));
#3958 = CARTESIAN_POINT('',(0.277887868706,-20.59999999999));
#3959 = CARTESIAN_POINT('',(0.333649113646,-20.6));
#3960 = CARTESIAN_POINT('',(0.389711240321,-20.59999999999));
#3961 = CARTESIAN_POINT('',(0.446078385801,-20.6));
#3962 = CARTESIAN_POINT('',(0.559232552075,-20.6));
#3963 = CARTESIAN_POINT('',(0.616019420765,-20.6));
#3964 = CARTESIAN_POINT('',(0.672917950149,-20.59999999999));
#3965 = CARTESIAN_POINT('',(0.729725091055,-20.6));
#3966 = CARTESIAN_POINT('',(0.7861146922,-20.59999999999));
#3967 = CARTESIAN_POINT('',(0.841747530946,-20.6));
#3968 = CARTESIAN_POINT('',(0.896224330495,-20.59999999999));
#3969 = CARTESIAN_POINT('',(0.949111661621,-20.6));
#3970 = CARTESIAN_POINT('',(1.,-20.6));
#3971 = ( GEOMETRIC_REPRESENTATION_CONTEXT(2) 
PARAMETRIC_REPRESENTATION_CONTEXT() REPRESENTATION_CONTEXT('2D SPACE',''
  ) );
#3972 = ADVANCED_FACE('',(#3973),#3846,.F.);
#3973 = FACE_BOUND('',#3974,.F.);
#3974 = EDGE_LOOP('',(#3975,#3998,#3999,#4022));
#3975 = ORIENTED_EDGE('',*,*,#3976,.T.);
#3976 = EDGE_CURVE('',#3977,#3628,#3979,.T.);
#3977 = VERTEX_POINT('',#3978);
#3978 = CARTESIAN_POINT('',(-8.019012007271,-9.400065104167,1.4));
#3979 = SURFACE_CURVE('',#3980,(#3984,#3991),.PCURVE_S1.);
#3980 = LINE('',#3981,#3982);
#3981 = CARTESIAN_POINT('',(-8.019012007271,-9.400065104167,0.));
#3982 = VECTOR('',#3983,1.);
#3983 = DIRECTION('',(0.,0.,1.));
#3984 = PCURVE('',#3846,#3985);
#3985 = DEFINITIONAL_REPRESENTATION('',(#3986),#3990);
#3986 = LINE('',#3987,#3988);
#3987 = CARTESIAN_POINT('',(0.,0.));
#3988 = VECTOR('',#3989,1.);
#3989 = DIRECTION('',(0.,-1.));
#3990 = ( GEOMETRIC_REPRESENTATION_CONTEXT(2) 
PARAMETRIC_REPRESENTATION_CONTEXT() REPRESENTATION_CONTEXT('2D SPACE',''
  ) );
#3991 = PCURVE('',#3680,#3992);
#3992 = DEFINITIONAL_REPRESENTATION('',(#3993),#3997);
#3993 = LINE('',#3994,#3995);
#3994 = CARTESIAN_POINT('',(13.,0.));
#3995 = VECTOR('',#3996,1.);
#3996 = DIRECTION('',(0.,-1.));
#3997 = ( GEOMETRIC_REPRESENTATION_CONTEXT(2) 
PARAMETRIC_REPRESENTATION_CONTEXT() REPRESENTATION_CONTEXT('2D SPACE',''
  ) );
#3998 = ORIENTED_EDGE('',*,*,#3832,.T.);
#3999 = ORIENTED_EDGE('',*,*,#4000,.F.);
#4000 = EDGE_CURVE('',#4001,#3720,#4003,.T.);
#4001 = VERTEX_POINT('',#4002);
#4002 = CARTESIAN_POINT('',(-8.019012007271,-12.19986979166,1.4));
#4003 = SURFACE_CURVE('',#4004,(#4008,#4015),.PCURVE_S1.);
#4004 = LINE('',#4005,#4006);
#4005 = CARTESIAN_POINT('',(-8.019012007271,-12.19986979166,0.));
#4006 = VECTOR('',#4007,1.);
#4007 = DIRECTION('',(0.,0.,1.));
#4008 = PCURVE('',#3846,#4009);
#4009 = DEFINITIONAL_REPRESENTATION('',(#4010),#4014);
#4010 = LINE('',#4011,#4012);
#4011 = CARTESIAN_POINT('',(2.7998046875,0.));
#4012 = VECTOR('',#4013,1.);
#4013 = DIRECTION('',(0.,-1.));
#4014 = ( GEOMETRIC_REPRESENTATION_CONTEXT(2) 
PARAMETRIC_REPRESENTATION_CONTEXT() REPRESENTATION_CONTEXT('2D SPACE',''
  ) );
#4015 = PCURVE('',#65,#4016);
#4016 = DEFINITIONAL_REPRESENTATION('',(#4017),#4021);
#4017 = LINE('',#4018,#4019);
#4018 = CARTESIAN_POINT('',(0.,0.));
#4019 = VECTOR('',#4020,1.);
#4020 = DIRECTION('',(0.,-1.));
#4021 = ( GEOMETRIC_REPRESENTATION_CONTEXT(2) 
PARAMETRIC_REPRESENTATION_CONTEXT() REPRESENTATION_CONTEXT('2D SPACE',''
  ) );
#4022 = ORIENTED_EDGE('',*,*,#4023,.F.);
#4023 = EDGE_CURVE('',#3977,#4001,#4024,.T.);
#4024 = SURFACE_CURVE('',#4025,(#4029,#4036),.PCURVE_S1.);
#4025 = LINE('',#4026,#4027);
#4026 = CARTESIAN_POINT('',(-8.019012007271,-9.400065104167,1.4));
#4027 = VECTOR('',#4028,1.);
#4028 = DIRECTION('',(0.,-1.,0.));
#4029 = PCURVE('',#3846,#4030);
#4030 = DEFINITIONAL_REPRESENTATION('',(#4031),#4035);
#4031 = LINE('',#4032,#4033);
#4032 = CARTESIAN_POINT('',(0.,-1.4));
#4033 = VECTOR('',#4034,1.);
#4034 = DIRECTION('',(1.,0.));
#4035 = ( GEOMETRIC_REPRESENTATION_CONTEXT(2) 
PARAMETRIC_REPRESENTATION_CONTEXT() REPRESENTATION_CONTEXT('2D SPACE',''
  ) );
#4036 = PCURVE('',#4037,#4042);
#4037 = CYLINDRICAL_SURFACE('',#4038,1.4);
#4038 = AXIS2_PLACEMENT_3D('',#4039,#4040,#4041);
#4039 = CARTESIAN_POINT('',(-6.619012007271,-9.400065104167,1.4));
#4040 = DIRECTION('',(0.,-1.,0.));
#4041 = DIRECTION('',(-1.,-0.,0.));
#4042 = DEFINITIONAL_REPRESENTATION('',(#4043),#4047);
#4043 = LINE('',#4044,#4045);
#4044 = CARTESIAN_POINT('',(0.,0.));
#4045 = VECTOR('',#4046,1.);
#4046 = DIRECTION('',(0.,1.));
#4047 = ( GEOMETRIC_REPRESENTATION_CONTEXT(2) 
PARAMETRIC_REPRESENTATION_CONTEXT() REPRESENTATION_CONTEXT('2D SPACE',''
  ) );
#4048 = ADVANCED_FACE('',(#4049),#4037,.T.);
#4049 = FACE_BOUND('',#4050,.T.);
#4050 = EDGE_LOOP('',(#4051,#4090,#4118,#4229));
#4051 = ORIENTED_EDGE('',*,*,#4052,.T.);
#4052 = EDGE_CURVE('',#3977,#4053,#4055,.T.);
#4053 = VERTEX_POINT('',#4054);
#4054 = CARTESIAN_POINT('',(-6.619012007271,-10.80006510416,
    -2.22044604925E-16));
#4055 = SURFACE_CURVE('',#4056,(#4061,#4073),.PCURVE_S1.);
#4056 = ELLIPSE('',#4057,1.979898987322,1.4);
#4057 = AXIS2_PLACEMENT_3D('',#4058,#4059,#4060);
#4058 = CARTESIAN_POINT('',(-6.619012007271,-10.80006510416,1.4));
#4059 = DIRECTION('',(-0.707106781187,-0.707106781187,0.));
#4060 = DIRECTION('',(0.707106781187,-0.707106781187,0.));
#4061 = PCURVE('',#4037,#4062);
#4062 = DEFINITIONAL_REPRESENTATION('',(#4063),#4072);
#4063 = B_SPLINE_CURVE_WITH_KNOTS('',7,(#4064,#4065,#4066,#4067,#4068,
    #4069,#4070,#4071),.UNSPECIFIED.,.F.,.F.,(8,8),(3.14159265359,
    4.712388980385),.PIECEWISE_BEZIER_KNOTS.);
#4064 = CARTESIAN_POINT('',(0.,0.));
#4065 = CARTESIAN_POINT('',(0.224399475256,-3.847341387444E-17));
#4066 = CARTESIAN_POINT('',(0.448798950513,8.224814165401E-02));
#4067 = CARTESIAN_POINT('',(0.67319842577,0.246732493525));
#4068 = CARTESIAN_POINT('',(0.897597901025,0.483354443917));
#4069 = CARTESIAN_POINT('',(1.121997376282,0.771682744953));
#4070 = CARTESIAN_POINT('',(1.346396851538,1.085840734641));
#4071 = CARTESIAN_POINT('',(1.570796326795,1.4));
#4072 = ( GEOMETRIC_REPRESENTATION_CONTEXT(2) 
PARAMETRIC_REPRESENTATION_CONTEXT() REPRESENTATION_CONTEXT('2D SPACE',''
  ) );
#4073 = PCURVE('',#4074,#4079);
#4074 = CYLINDRICAL_SURFACE('',#4075,1.4);
#4075 = AXIS2_PLACEMENT_3D('',#4076,#4077,#4078);
#4076 = CARTESIAN_POINT('',(4.980987992729,-10.80006510416,1.4));
#4077 = DIRECTION('',(-1.,0.,0.));
#4078 = DIRECTION('',(0.,1.,-0.));
#4079 = DEFINITIONAL_REPRESENTATION('',(#4080),#4089);
#4080 = B_SPLINE_CURVE_WITH_KNOTS('',7,(#4081,#4082,#4083,#4084,#4085,
    #4086,#4087,#4088),.UNSPECIFIED.,.F.,.F.,(8,8),(3.14159265359,
    4.712388980385),.PIECEWISE_BEZIER_KNOTS.);
#4081 = CARTESIAN_POINT('',(0.,13.));
#4082 = CARTESIAN_POINT('',(0.224399475256,13.));
#4083 = CARTESIAN_POINT('',(0.448798950513,12.917751858346));
#4084 = CARTESIAN_POINT('',(0.673198425769,12.753267506479));
#4085 = CARTESIAN_POINT('',(0.897597901025,12.516645556085));
#4086 = CARTESIAN_POINT('',(1.121997376282,12.228317255046));
#4087 = CARTESIAN_POINT('',(1.346396851538,11.914159265359));
#4088 = CARTESIAN_POINT('',(1.570796326795,11.6));
#4089 = ( GEOMETRIC_REPRESENTATION_CONTEXT(2) 
PARAMETRIC_REPRESENTATION_CONTEXT() REPRESENTATION_CONTEXT('2D SPACE',''
  ) );
#4090 = ORIENTED_EDGE('',*,*,#4091,.T.);
#4091 = EDGE_CURVE('',#4053,#4092,#4094,.T.);
#4092 = VERTEX_POINT('',#4093);
#4093 = CARTESIAN_POINT('',(-6.619012007271,-12.19986979166,
    -2.22044604925E-16));
#4094 = SURFACE_CURVE('',#4095,(#4099,#4106),.PCURVE_S1.);
#4095 = LINE('',#4096,#4097);
#4096 = CARTESIAN_POINT('',(-6.619012007271,-9.400065104167,
    -2.22044604925E-16));
#4097 = VECTOR('',#4098,1.);
#4098 = DIRECTION('',(0.,-1.,0.));
#4099 = PCURVE('',#4037,#4100);
#4100 = DEFINITIONAL_REPRESENTATION('',(#4101),#4105);
#4101 = LINE('',#4102,#4103);
#4102 = CARTESIAN_POINT('',(1.570796326795,0.));
#4103 = VECTOR('',#4104,1.);
#4104 = DIRECTION('',(0.,1.));
#4105 = ( GEOMETRIC_REPRESENTATION_CONTEXT(2) 
PARAMETRIC_REPRESENTATION_CONTEXT() REPRESENTATION_CONTEXT('2D SPACE',''
  ) );
#4106 = PCURVE('',#4107,#4112);
#4107 = PLANE('',#4108);
#4108 = AXIS2_PLACEMENT_3D('',#4109,#4110,#4111);
#4109 = CARTESIAN_POINT('',(-11.41907711143,-35.,0.));
#4110 = DIRECTION('',(0.,0.,1.));
#4111 = DIRECTION('',(1.,0.,0.));
#4112 = DEFINITIONAL_REPRESENTATION('',(#4113),#4117);
#4113 = LINE('',#4114,#4115);
#4114 = CARTESIAN_POINT('',(4.800065104167,25.599934895833));
#4115 = VECTOR('',#4116,1.);
#4116 = DIRECTION('',(0.,-1.));
#4117 = ( GEOMETRIC_REPRESENTATION_CONTEXT(2) 
PARAMETRIC_REPRESENTATION_CONTEXT() REPRESENTATION_CONTEXT('2D SPACE',''
  ) );
#4118 = ORIENTED_EDGE('',*,*,#4119,.F.);
#4119 = EDGE_CURVE('',#4001,#4092,#4120,.T.);
#4120 = SURFACE_CURVE('',#4121,(#4126,#4132),.PCURVE_S1.);
#4121 = CIRCLE('',#4122,1.4);
#4122 = AXIS2_PLACEMENT_3D('',#4123,#4124,#4125);
#4123 = CARTESIAN_POINT('',(-6.619012007271,-12.19986979166,1.4));
#4124 = DIRECTION('',(0.,-1.,0.));
#4125 = DIRECTION('',(-1.,0.,0.));
#4126 = PCURVE('',#4037,#4127);
#4127 = DEFINITIONAL_REPRESENTATION('',(#4128),#4131);
#4128 = B_SPLINE_CURVE_WITH_KNOTS('',1,(#4129,#4130),.UNSPECIFIED.,.F.,
  .F.,(2,2),(0.,1.570796326795),.PIECEWISE_BEZIER_KNOTS.);
#4129 = CARTESIAN_POINT('',(0.,2.7998046875));
#4130 = CARTESIAN_POINT('',(1.570796326795,2.7998046875));
#4131 = ( GEOMETRIC_REPRESENTATION_CONTEXT(2) 
PARAMETRIC_REPRESENTATION_CONTEXT() REPRESENTATION_CONTEXT('2D SPACE',''
  ) );
#4132 = PCURVE('',#4133,#4176);
#4133 = ( BOUNDED_SURFACE() B_SPLINE_SURFACE(2,13,(
    (#4134,#4135,#4136,#4137,#4138,#4139,#4140,#4141,#4142,#4143,#4144
      ,#4145,#4146,#4147)
    ,(#4148,#4149,#4150,#4151,#4152,#4153,#4154,#4155,#4156,#4157,#4158
      ,#4159,#4160,#4161)
    ,(#4162,#4163,#4164,#4165,#4166,#4167,#4168,#4169,#4170,#4171,#4172
      ,#4173,#4174,#4175
)),.UNSPECIFIED.,.F.,.F.,.F.) B_SPLINE_SURFACE_WITH_KNOTS((3,3),(14,14),
  (0.,38.516392553384),(2.7998046875,41.316197240884),
.PIECEWISE_BEZIER_KNOTS.) GEOMETRIC_REPRESENTATION_ITEM() 
RATIONAL_B_SPLINE_SURFACE((
    (1.,1.,1.000000000001,0.999999999998,1.000000000005,0.999999999993
      ,1.000000000009,0.999999999992,1.000000000006,0.999999999996
      ,1.000000000002,0.999999999999,1.,1.)
    ,(0.707106781187,0.707106781186,0.707106781187,0.707106781185
      ,0.707106781189,0.707106781183,0.707106781191,0.707106781183
      ,0.70710678119,0.707106781185,0.707106781188,0.707106781186
      ,0.707106781187,0.707106781187)
    ,(1.,1.,1.000000000001,0.999999999998,1.000000000005,0.999999999993
      ,1.000000000009,0.999999999992,1.000000000006,0.999999999996
,1.000000000002,0.999999999999,1.,1.
  ))) REPRESENTATION_ITEM('') SURFACE() );
#4134 = CARTESIAN_POINT('',(-8.019012007271,-12.19986979166,1.4));
#4135 = CARTESIAN_POINT('',(-8.019012007272,-15.70803000138,1.4));
#4136 = CARTESIAN_POINT('',(-7.584387741117,-18.97814867424,1.4));
#4137 = CARTESIAN_POINT('',(-6.736375405756,-22.0003615756,1.4));
#4138 = CARTESIAN_POINT('',(-5.502239147079,-24.7640112486,
    1.399999999999));
#4139 = CARTESIAN_POINT('',(-3.886992620525,-27.26766979852,
    1.400000000001));
#4140 = CARTESIAN_POINT('',(-1.949927743397,-29.49498352562,
    1.399999999999));
#4141 = CARTESIAN_POINT('',(0.376265438857,-31.50663111896,
    1.400000000001));
#4142 = CARTESIAN_POINT('',(3.049865854719,-33.16561513412,
    1.399999999999));
#4143 = CARTESIAN_POINT('',(6.020822355921,-34.50915335771,
    1.400000000001));
#4144 = CARTESIAN_POINT('',(9.235224731733,-35.48600252584,1.4));
#4145 = CARTESIAN_POINT('',(12.61088234385,-36.10969185796,1.4));
#4146 = CARTESIAN_POINT('',(16.056552982967,-36.40006510416,1.4));
#4147 = CARTESIAN_POINT('',(19.480987992729,-36.40006510416,1.4));
#4148 = CARTESIAN_POINT('',(-8.019012007271,-12.19986979166,
    2.22044604925E-16));
#4149 = CARTESIAN_POINT('',(-8.019012007271,-15.70803000138,
    -1.376676550535E-14));
#4150 = CARTESIAN_POINT('',(-7.584387741122,-18.97814867423,
    6.739053759475E-14));
#4151 = CARTESIAN_POINT('',(-6.736375405744,-22.00036157561,
    -2.022826350867E-13));
#4152 = CARTESIAN_POINT('',(-5.5022391471,-24.76401124858,
    4.556355293062E-13));
#4153 = CARTESIAN_POINT('',(-3.886992620499,-27.26766979854,
    -8.083533842296E-13));
#4154 = CARTESIAN_POINT('',(-1.949927743422,-29.49498352561,
    1.158961815406E-12));
#4155 = CARTESIAN_POINT('',(0.376265438873,-31.50663111897,
    -1.344702127426E-12));
#4156 = CARTESIAN_POINT('',(3.049865854713,-33.16561513411,
    1.249778058821E-12));
#4157 = CARTESIAN_POINT('',(6.020822355921,-34.50915335772,
    -9.090506125631E-13));
#4158 = CARTESIAN_POINT('',(9.235224731735,-35.48600252584,
    5.027089855503E-13));
#4159 = CARTESIAN_POINT('',(12.610882343849,-36.10969185796,
    -1.978417429882E-13));
#4160 = CARTESIAN_POINT('',(16.056552982967,-36.40006510416,
    4.574118861456E-14));
#4161 = CARTESIAN_POINT('',(19.480987992729,-36.40006510416,
    2.22044604925E-16));
#4162 = CARTESIAN_POINT('',(-6.619012007271,-12.19986979166,0.));
#4163 = CARTESIAN_POINT('',(-6.619012007271,-15.54793253384,
    6.550315845288E-15));
#4164 = CARTESIAN_POINT('',(-6.204287593649,-18.64377875349,
    -2.342570581959E-14));
#4165 = CARTESIAN_POINT('',(-5.401117913392,-21.47943095136,
    4.207745263329E-14));
#4166 = CARTESIAN_POINT('',(-4.24691032785,-24.04896896763,
    -3.141931159689E-14));
#4167 = CARTESIAN_POINT('',(-2.739692469228,-26.36631826659,
    -3.008704396734E-14));
#4168 = CARTESIAN_POINT('',(-0.966655267288,-28.41891250022,
    1.190159082398E-13));
#4169 = CARTESIAN_POINT('',(1.199174292202,-30.33140337067,
    -1.763034163105E-13));
#4170 = CARTESIAN_POINT('',(3.718159645597,-31.89735906215,
    1.609823385706E-13));
#4171 = CARTESIAN_POINT('',(6.542182941599,-33.18772138905,
    -9.636735853746E-14));
#4172 = CARTESIAN_POINT('',(9.620769502135,-34.12391937736,
    3.541611448554E-14));
#4173 = CARTESIAN_POINT('',(12.868160436595,-34.72323540826,
    -7.216449660064E-15));
#4174 = CARTESIAN_POINT('',(16.18897992026,-35.00037580742,
    8.881784197001E-16));
#4175 = CARTESIAN_POINT('',(19.484314476763,-35.00006905613,0.));
#4176 = DEFINITIONAL_REPRESENTATION('',(#4177),#4228);
#4177 = B_SPLINE_CURVE_WITH_KNOTS('',9,(#4178,#4179,#4180,#4181,#4182,
    #4183,#4184,#4185,#4186,#4187,#4188,#4189,#4190,#4191,#4192,#4193,
    #4194,#4195,#4196,#4197,#4198,#4199,#4200,#4201,#4202,#4203,#4204,
    #4205,#4206,#4207,#4208,#4209,#4210,#4211,#4212,#4213,#4214,#4215,
    #4216,#4217,#4218,#4219,#4220,#4221,#4222,#4223,#4224,#4225,#4226,
    #4227),.UNSPECIFIED.,.F.,.F.,(10,8,8,8,8,8,10),(0.,0.392699081699,
    0.589048622548,0.785398163397,0.981747704247,1.178097245096,
    1.570796326795),.UNSPECIFIED.);
#4178 = CARTESIAN_POINT('',(-3.552713678801E-15,2.7998046875));
#4179 = CARTESIAN_POINT('',(1.188359884131,2.7998046875));
#4180 = CARTESIAN_POINT('',(2.352557702331,2.7998046875));
#4181 = CARTESIAN_POINT('',(3.495068921568,2.7998046875));
#4182 = CARTESIAN_POINT('',(4.618158966437,2.7998046875));
#4183 = CARTESIAN_POINT('',(5.723879380082,2.7998046875));
#4184 = CARTESIAN_POINT('',(6.814193543153,2.7998046875));
#4185 = CARTESIAN_POINT('',(7.890862825913,2.7998046875));
#4186 = CARTESIAN_POINT('',(8.955621012512,2.7998046875));
#4187 = CARTESIAN_POINT('',(10.537313896287,2.7998046875));
#4188 = CARTESIAN_POINT('',(11.061971200148,2.7998046875));
#4189 = CARTESIAN_POINT('',(11.584257228252,2.7998046875));
#4190 = CARTESIAN_POINT('',(12.104370412001,2.799804687501));
#4191 = CARTESIAN_POINT('',(12.622504784889,2.799804687499));
#4192 = CARTESIAN_POINT('',(13.138850029446,2.7998046875));
#4193 = CARTESIAN_POINT('',(13.653592018866,2.7998046875));
#4194 = CARTESIAN_POINT('',(14.166913853241,2.7998046875));
#4195 = CARTESIAN_POINT('',(15.191080927706,2.7998046875));
#4196 = CARTESIAN_POINT('',(15.701926224303,2.7998046875));
#4197 = CARTESIAN_POINT('',(16.211715198285,2.7998046875));
#4198 = CARTESIAN_POINT('',(16.72062860414,2.7998046875));
#4199 = CARTESIAN_POINT('',(17.228842666577,2.7998046875));
#4200 = CARTESIAN_POINT('',(17.736531139798,2.7998046875));
#4201 = CARTESIAN_POINT('',(18.243868836883,2.7998046875));
#4202 = CARTESIAN_POINT('',(18.751032674379,2.7998046875));
#4203 = CARTESIAN_POINT('',(19.765359879005,2.7998046875));
#4204 = CARTESIAN_POINT('',(20.272523716502,2.7998046875));
#4205 = CARTESIAN_POINT('',(20.779861413584,2.7998046875));
#4206 = CARTESIAN_POINT('',(21.287549886809,2.799804687501));
#4207 = CARTESIAN_POINT('',(21.795763949242,2.7998046875));
#4208 = CARTESIAN_POINT('',(22.304677355099,2.7998046875));
#4209 = CARTESIAN_POINT('',(22.81446632908,2.7998046875));
#4210 = CARTESIAN_POINT('',(23.325311625678,2.7998046875));
#4211 = CARTESIAN_POINT('',(24.349478700142,2.7998046875));
#4212 = CARTESIAN_POINT('',(24.86280053452,2.7998046875));
#4213 = CARTESIAN_POINT('',(25.377542523934,2.7998046875));
#4214 = CARTESIAN_POINT('',(25.8938877685,2.7998046875));
#4215 = CARTESIAN_POINT('',(26.412022141377,2.7998046875));
#4216 = CARTESIAN_POINT('',(26.932135325135,2.7998046875));
#4217 = CARTESIAN_POINT('',(27.454421353234,2.7998046875));
#4218 = CARTESIAN_POINT('',(27.979078657097,2.7998046875));
#4219 = CARTESIAN_POINT('',(29.560771540871,2.7998046875));
#4220 = CARTESIAN_POINT('',(30.625529727472,2.7998046875));
#4221 = CARTESIAN_POINT('',(31.702199010228,2.7998046875));
#4222 = CARTESIAN_POINT('',(32.792513173304,2.7998046875));
#4223 = CARTESIAN_POINT('',(33.898233586944,2.7998046875));
#4224 = CARTESIAN_POINT('',(35.021323631818,2.7998046875));
#4225 = CARTESIAN_POINT('',(36.163834851051,2.7998046875));
#4226 = CARTESIAN_POINT('',(37.328032669253,2.7998046875));
#4227 = CARTESIAN_POINT('',(38.516392553384,2.7998046875));
#4228 = ( GEOMETRIC_REPRESENTATION_CONTEXT(2) 
PARAMETRIC_REPRESENTATION_CONTEXT() REPRESENTATION_CONTEXT('2D SPACE',''
  ) );
#4229 = ORIENTED_EDGE('',*,*,#4023,.F.);
#4230 = ADVANCED_FACE('',(#4231),#4133,.T.);
#4231 = FACE_BOUND('',#4232,.T.);
#4232 = EDGE_LOOP('',(#4233,#4282,#4283,#4328));
#4233 = ORIENTED_EDGE('',*,*,#4234,.F.);
#4234 = EDGE_CURVE('',#4001,#4235,#4237,.T.);
#4235 = VERTEX_POINT('',#4236);
#4236 = CARTESIAN_POINT('',(0.236285382759,-30.4798828325,1.4));
#4237 = SURFACE_CURVE('',#4238,(#4253,#4260),.PCURVE_S1.);
#4238 = ( BOUNDED_CURVE() B_SPLINE_CURVE(13,(#4239,#4240,#4241,#4242,
    #4243,#4244,#4245,#4246,#4247,#4248,#4249,#4250,#4251,#4252),
.UNSPECIFIED.,.F.,.F.) B_SPLINE_CURVE_WITH_KNOTS((14,14),(2.7998046875,
41.316197240884),.PIECEWISE_BEZIER_KNOTS.) CURVE() 
GEOMETRIC_REPRESENTATION_ITEM() RATIONAL_B_SPLINE_CURVE((1.,1.,
    1.000000000001,0.999999999998,1.000000000005,0.999999999993,
    1.000000000009,0.999999999992,1.000000000006,0.999999999996,
1.000000000002,0.999999999999,1.,1.)) REPRESENTATION_ITEM('') );
#4239 = CARTESIAN_POINT('',(-8.019012007271,-12.19986979166,1.4));
#4240 = CARTESIAN_POINT('',(-8.019012007272,-15.70803000138,1.4));
#4241 = CARTESIAN_POINT('',(-7.584387741117,-18.97814867424,1.4));
#4242 = CARTESIAN_POINT('',(-6.736375405756,-22.0003615756,1.4));
#4243 = CARTESIAN_POINT('',(-5.502239147079,-24.7640112486,
    1.399999999999));
#4244 = CARTESIAN_POINT('',(-3.886992620525,-27.26766979852,
    1.400000000001));
#4245 = CARTESIAN_POINT('',(-1.949927743397,-29.49498352562,
    1.399999999999));
#4246 = CARTESIAN_POINT('',(0.376265438857,-31.50663111896,
    1.400000000001));
#4247 = CARTESIAN_POINT('',(3.049865854719,-33.16561513412,
    1.399999999999));
#4248 = CARTESIAN_POINT('',(6.020822355921,-34.50915335771,
    1.400000000001));
#4249 = CARTESIAN_POINT('',(9.235224731733,-35.48600252584,1.4));
#4250 = CARTESIAN_POINT('',(12.61088234385,-36.10969185796,1.4));
#4251 = CARTESIAN_POINT('',(16.056552982967,-36.40006510416,1.4));
#4252 = CARTESIAN_POINT('',(19.480987992729,-36.40006510416,1.4));
#4253 = PCURVE('',#4133,#4254);
#4254 = DEFINITIONAL_REPRESENTATION('',(#4255),#4259);
#4255 = LINE('',#4256,#4257);
#4256 = CARTESIAN_POINT('',(0.,0.));
#4257 = VECTOR('',#4258,1.);
#4258 = DIRECTION('',(0.,1.));
#4259 = ( GEOMETRIC_REPRESENTATION_CONTEXT(2) 
PARAMETRIC_REPRESENTATION_CONTEXT() REPRESENTATION_CONTEXT('2D SPACE',''
  ) );
#4260 = PCURVE('',#65,#4261);
#4261 = DEFINITIONAL_REPRESENTATION('',(#4262),#4281);
#4262 = B_SPLINE_CURVE_WITH_KNOTS('',9,(#4263,#4264,#4265,#4266,#4267,
    #4268,#4269,#4270,#4271,#4272,#4273,#4274,#4275,#4276,#4277,#4278,
    #4279,#4280),.UNSPECIFIED.,.F.,.F.,(10,8,10),(2.7998046875,
    22.058000964192,41.316197240884),.UNSPECIFIED.);
#4263 = CARTESIAN_POINT('',(-2.775557561563E-16,-1.4));
#4264 = CARTESIAN_POINT('',(5.556225233703E-02,-1.4));
#4265 = CARTESIAN_POINT('',(0.111130570793,-1.4));
#4266 = CARTESIAN_POINT('',(0.166702396456,-1.399999999999));
#4267 = CARTESIAN_POINT('',(0.222286435998,-1.400000000001));
#4268 = CARTESIAN_POINT('',(0.277887868706,-1.4));
#4269 = CARTESIAN_POINT('',(0.333649113646,-1.4));
#4270 = CARTESIAN_POINT('',(0.389711240321,-1.4));
#4271 = CARTESIAN_POINT('',(0.446078385801,-1.4));
#4272 = CARTESIAN_POINT('',(0.559232552075,-1.4));
#4273 = CARTESIAN_POINT('',(0.616019420765,-1.4));
#4274 = CARTESIAN_POINT('',(0.672917950149,-1.4));
#4275 = CARTESIAN_POINT('',(0.729725091055,-1.4));
#4276 = CARTESIAN_POINT('',(0.7861146922,-1.4));
#4277 = CARTESIAN_POINT('',(0.841747530946,-1.4));
#4278 = CARTESIAN_POINT('',(0.896224330495,-1.4));
#4279 = CARTESIAN_POINT('',(0.949111661621,-1.4));
#4280 = CARTESIAN_POINT('',(1.,-1.4));
#4281 = ( GEOMETRIC_REPRESENTATION_CONTEXT(2) 
PARAMETRIC_REPRESENTATION_CONTEXT() REPRESENTATION_CONTEXT('2D SPACE',''
  ) );
#4282 = ORIENTED_EDGE('',*,*,#4119,.T.);
#4283 = ORIENTED_EDGE('',*,*,#4284,.T.);
#4284 = EDGE_CURVE('',#4092,#4285,#4287,.T.);
#4285 = VERTEX_POINT('',#4286);
#4286 = CARTESIAN_POINT('',(2.607863922414,-30.4798828325,
    -1.538474456643E-16));
#4287 = SURFACE_CURVE('',#4288,(#4303,#4310),.PCURVE_S1.);
#4288 = ( BOUNDED_CURVE() B_SPLINE_CURVE(13,(#4289,#4290,#4291,#4292,
    #4293,#4294,#4295,#4296,#4297,#4298,#4299,#4300,#4301,#4302),
.UNSPECIFIED.,.F.,.F.) B_SPLINE_CURVE_WITH_KNOTS((14,14),(2.7998046875,
41.316197240884),.PIECEWISE_BEZIER_KNOTS.) CURVE() 
GEOMETRIC_REPRESENTATION_ITEM() RATIONAL_B_SPLINE_CURVE((1.,1.,
    1.000000000001,0.999999999998,1.000000000005,0.999999999993,
    1.000000000009,0.999999999992,1.000000000006,0.999999999996,
1.000000000002,0.999999999999,1.,1.)) REPRESENTATION_ITEM('') );
#4289 = CARTESIAN_POINT('',(-6.619012007271,-12.19986979166,0.));
#4290 = CARTESIAN_POINT('',(-6.619012007271,-15.54793253384,
    6.550315845288E-15));
#4291 = CARTESIAN_POINT('',(-6.204287593649,-18.64377875349,
    -2.342570581959E-14));
#4292 = CARTESIAN_POINT('',(-5.401117913392,-21.47943095136,
    4.207745263329E-14));
#4293 = CARTESIAN_POINT('',(-4.24691032785,-24.04896896763,
    -3.141931159689E-14));
#4294 = CARTESIAN_POINT('',(-2.739692469228,-26.36631826659,
    -3.008704396734E-14));
#4295 = CARTESIAN_POINT('',(-0.966655267288,-28.41891250022,
    1.190159082398E-13));
#4296 = CARTESIAN_POINT('',(1.199174292202,-30.33140337067,
    -1.763034163105E-13));
#4297 = CARTESIAN_POINT('',(3.718159645597,-31.89735906215,
    1.609823385706E-13));
#4298 = CARTESIAN_POINT('',(6.542182941599,-33.18772138905,
    -9.636735853746E-14));
#4299 = CARTESIAN_POINT('',(9.620769502135,-34.12391937736,
    3.541611448554E-14));
#4300 = CARTESIAN_POINT('',(12.868160436595,-34.72323540826,
    -7.216449660064E-15));
#4301 = CARTESIAN_POINT('',(16.18897992026,-35.00037580742,
    8.881784197001E-16));
#4302 = CARTESIAN_POINT('',(19.484314476763,-35.00006905613,0.));
#4303 = PCURVE('',#4133,#4304);
#4304 = DEFINITIONAL_REPRESENTATION('',(#4305),#4309);
#4305 = LINE('',#4306,#4307);
#4306 = CARTESIAN_POINT('',(38.516392553384,0.));
#4307 = VECTOR('',#4308,1.);
#4308 = DIRECTION('',(0.,1.));
#4309 = ( GEOMETRIC_REPRESENTATION_CONTEXT(2) 
PARAMETRIC_REPRESENTATION_CONTEXT() REPRESENTATION_CONTEXT('2D SPACE',''
  ) );
#4310 = PCURVE('',#4107,#4311);
#4311 = DEFINITIONAL_REPRESENTATION('',(#4312),#4327);
#4312 = B_SPLINE_CURVE_WITH_KNOTS('',13,(#4313,#4314,#4315,#4316,#4317,
    #4318,#4319,#4320,#4321,#4322,#4323,#4324,#4325,#4326),
  .UNSPECIFIED.,.F.,.F.,(14,14),(2.7998046875,41.316197240884),
  .PIECEWISE_BEZIER_KNOTS.);
#4313 = CARTESIAN_POINT('',(4.800065104167,22.800130208333));
#4314 = CARTESIAN_POINT('',(4.800065104165,19.452067466156));
#4315 = CARTESIAN_POINT('',(5.214789517794,16.356221246522));
#4316 = CARTESIAN_POINT('',(6.017959198027,13.520569048605));
#4317 = CARTESIAN_POINT('',(7.172166783629,10.951031032407));
#4318 = CARTESIAN_POINT('',(8.679384642137,8.633681733355));
#4319 = CARTESIAN_POINT('',(10.452421844251,6.58108749981));
#4320 = CARTESIAN_POINT('',(12.618251403526,4.66859662931));
#4321 = CARTESIAN_POINT('',(15.137236757138,3.102640937842));
#4322 = CARTESIAN_POINT('',(17.961260052961,1.81227861095));
#4323 = CARTESIAN_POINT('',(21.039846613615,0.876080622634));
#4324 = CARTESIAN_POINT('',(24.287237548015,0.276764591741));
#4325 = CARTESIAN_POINT('',(27.608057031702,-3.758074262977E-04));
#4326 = CARTESIAN_POINT('',(30.9033915882,-6.905613511243E-05));
#4327 = ( GEOMETRIC_REPRESENTATION_CONTEXT(2) 
PARAMETRIC_REPRESENTATION_CONTEXT() REPRESENTATION_CONTEXT('2D SPACE',''
  ) );
#4328 = ORIENTED_EDGE('',*,*,#4329,.T.);
#4329 = EDGE_CURVE('',#4285,#4235,#4330,.T.);
#4330 = SURFACE_CURVE('',#4331,(#4358,#4388),.PCURVE_S1.);
#4331 = B_SPLINE_CURVE_WITH_KNOTS('',7,(#4332,#4333,#4334,#4335,#4336,
    #4337,#4338,#4339,#4340,#4341,#4342,#4343,#4344,#4345,#4346,#4347,
    #4348,#4349,#4350,#4351,#4352,#4353,#4354,#4355,#4356,#4357),
  .UNSPECIFIED.,.F.,.F.,(8,6,6,6,8),(0.,4.211354451566E-02,
    0.360938274686,0.67791776561,1.),.UNSPECIFIED.);
#4332 = CARTESIAN_POINT('',(2.607863922414,-30.4798828325,0.));
#4333 = CARTESIAN_POINT('',(2.586453700529,-30.4798828325,0.));
#4334 = CARTESIAN_POINT('',(2.564986431295,-30.4798828325,
    1.176190500933E-04));
#4335 = CARTESIAN_POINT('',(2.543465457975,-30.4798828325,
    3.545843699451E-04));
#4336 = CARTESIAN_POINT('',(2.521894220741,-30.4798828325,
    7.125876669587E-04));
#4337 = CARTESIAN_POINT('',(2.500276256678,-30.4798828325,
    1.193285136287E-03));
#4338 = CARTESIAN_POINT('',(2.478615199786,-30.4798828325,
    1.798297460827E-03));
#4339 = CARTESIAN_POINT('',(2.292629626365,-30.4798828325,
    8.062653637251E-03));
#4340 = CARTESIAN_POINT('',(2.126089377503,-30.4798828325,
    2.081177076618E-02));
#4341 = CARTESIAN_POINT('',(1.958910379137,-30.4798828325,
    4.146209839832E-02));
#4342 = CARTESIAN_POINT('',(1.793014949194,-30.4798828325,
    7.056195525988E-02));
#4343 = CARTESIAN_POINT('',(1.630577032626,-30.4798828325,0.108416173812
    ));
#4344 = CARTESIAN_POINT('',(1.473812733825,-30.4798828325,0.154956106077
    ));
#4345 = CARTESIAN_POINT('',(1.176543364288,-30.4798828325,0.264225251956
    ));
#4346 = CARTESIAN_POINT('',(1.035948975041,-30.4798828325,0.326859518097
    ));
#4347 = CARTESIAN_POINT('',(0.904958368708,-30.4798828325,0.397224496041
    ));
#4348 = CARTESIAN_POINT('',(0.785383268848,-30.4798828325,0.474538038952
    ));
#4349 = CARTESIAN_POINT('',(0.67862287012,-30.4798828325,0.557658598312)
  );
#4350 = CARTESIAN_POINT('',(0.585491710314,-30.4798828325,0.645246810918
    ));
#4351 = CARTESIAN_POINT('',(0.425771799588,-30.4798828325,0.828076189326
    ));
#4352 = CARTESIAN_POINT('',(0.359632419112,-30.4798828325,0.923419885553
    ));
#4353 = CARTESIAN_POINT('',(0.308144365252,-30.4798828325,1.020525463226
    ));
#4354 = CARTESIAN_POINT('',(0.271021277946,-30.4798828325,1.117922499476
    ));
#4355 = CARTESIAN_POINT('',(0.2474424078,-30.4798828325,1.214293799785)
  );
#4356 = CARTESIAN_POINT('',(0.236285382759,-30.4798828325,1.308586015814
    ));
#4357 = CARTESIAN_POINT('',(0.236285382759,-30.4798828325,1.4));
#4358 = PCURVE('',#4133,#4359);
#4359 = DEFINITIONAL_REPRESENTATION('',(#4360),#4387);
#4360 = B_SPLINE_CURVE_WITH_KNOTS('',7,(#4361,#4362,#4363,#4364,#4365,
    #4366,#4367,#4368,#4369,#4370,#4371,#4372,#4373,#4374,#4375,#4376,
    #4377,#4378,#4379,#4380,#4381,#4382,#4383,#4384,#4385,#4386),
  .UNSPECIFIED.,.F.,.F.,(8,6,6,6,8),(0.,4.211354451566E-02,
    0.360938274686,0.67791776561,1.),.UNSPECIFIED.);
#4361 = CARTESIAN_POINT('',(38.516392553384,24.633192169859));
#4362 = CARTESIAN_POINT('',(38.285273438756,24.614847670329));
#4363 = CARTESIAN_POINT('',(38.054162081949,24.596472016533));
#4364 = CARTESIAN_POINT('',(37.823058022364,24.578068287736));
#4365 = CARTESIAN_POINT('',(37.591960784119,24.55963962914));
#4366 = CARTESIAN_POINT('',(37.360869876049,24.541189251888));
#4367 = CARTESIAN_POINT('',(37.129784791706,24.522720433061));
#4368 = CARTESIAN_POINT('',(35.149292792916,24.364302201429));
#4369 = CARTESIAN_POINT('',(33.40019564889,24.223503283488));
#4370 = CARTESIAN_POINT('',(31.651165465873,24.083287321844));
#4371 = CARTESIAN_POINT('',(29.901936503027,23.945303033441));
#4372 = CARTESIAN_POINT('',(28.152234951709,23.811321787085));
#4373 = CARTESIAN_POINT('',(26.401811588363,23.683046973407));
#4374 = CARTESIAN_POINT('',(22.909277911727,23.441572651429));
#4375 = CARTESIAN_POINT('',(21.167170381792,23.328289776176));
#4376 = CARTESIAN_POINT('',(19.424027858722,23.223570032561));
#4377 = CARTESIAN_POINT('',(17.67977180836,23.128657098914));
#4378 = CARTESIAN_POINT('',(15.934396008224,23.044421984336));
#4379 = CARTESIAN_POINT('',(14.187991174357,22.971292917451));
#4380 = CARTESIAN_POINT('',(10.665374642116,22.846343924));
#4381 = CARTESIAN_POINT('',(8.889093365513,22.794884375947));
#4382 = CARTESIAN_POINT('',(7.112087736122,22.754988361585));
#4383 = CARTESIAN_POINT('',(5.334524197798,22.726292119676));
#4384 = CARTESIAN_POINT('',(3.556559945594,22.708084144956));
#4385 = CARTESIAN_POINT('',(1.778341684263,22.699468551007));
#4386 = CARTESIAN_POINT('',(0.,22.699468551007));
#4387 = ( GEOMETRIC_REPRESENTATION_CONTEXT(2) 
PARAMETRIC_REPRESENTATION_CONTEXT() REPRESENTATION_CONTEXT('2D SPACE',''
  ) );
#4388 = PCURVE('',#4389,#4394);
#4389 = PLANE('',#4390);
#4390 = AXIS2_PLACEMENT_3D('',#4391,#4392,#4393);
#4391 = CARTESIAN_POINT('',(5.318979455187,-30.4798828325,-6.));
#4392 = DIRECTION('',(0.,-1.,0.));
#4393 = DIRECTION('',(-1.,0.,0.));
#4394 = DEFINITIONAL_REPRESENTATION('',(#4395),#4422);
#4395 = B_SPLINE_CURVE_WITH_KNOTS('',7,(#4396,#4397,#4398,#4399,#4400,
    #4401,#4402,#4403,#4404,#4405,#4406,#4407,#4408,#4409,#4410,#4411,
    #4412,#4413,#4414,#4415,#4416,#4417,#4418,#4419,#4420,#4421),
  .UNSPECIFIED.,.F.,.F.,(8,6,6,6,8),(0.,4.211354451566E-02,
    0.360938274686,0.67791776561,1.),.UNSPECIFIED.);
#4396 = CARTESIAN_POINT('',(2.711115532774,-6.));
#4397 = CARTESIAN_POINT('',(2.732525754659,-6.));
#4398 = CARTESIAN_POINT('',(2.753993023892,-6.00011761905));
#4399 = CARTESIAN_POINT('',(2.775513997212,-6.00035458437));
#4400 = CARTESIAN_POINT('',(2.797085234447,-6.000712587667));
#4401 = CARTESIAN_POINT('',(2.818703198509,-6.001193285136));
#4402 = CARTESIAN_POINT('',(2.840364255401,-6.001798297461));
#4403 = CARTESIAN_POINT('',(3.026349828822,-6.008062653637));
#4404 = CARTESIAN_POINT('',(3.192890077684,-6.020811770766));
#4405 = CARTESIAN_POINT('',(3.360069076051,-6.041462098398));
#4406 = CARTESIAN_POINT('',(3.525964505994,-6.07056195526));
#4407 = CARTESIAN_POINT('',(3.688402422561,-6.108416173812));
#4408 = CARTESIAN_POINT('',(3.845166721363,-6.154956106077));
#4409 = CARTESIAN_POINT('',(4.142436090899,-6.264225251956));
#4410 = CARTESIAN_POINT('',(4.283030480147,-6.326859518097));
#4411 = CARTESIAN_POINT('',(4.41402108648,-6.397224496041));
#4412 = CARTESIAN_POINT('',(4.53359618634,-6.474538038952));
#4413 = CARTESIAN_POINT('',(4.640356585068,-6.557658598312));
#4414 = CARTESIAN_POINT('',(4.733487744873,-6.645246810918));
#4415 = CARTESIAN_POINT('',(4.893207655599,-6.828076189326));
#4416 = CARTESIAN_POINT('',(4.959347036075,-6.923419885553));
#4417 = CARTESIAN_POINT('',(5.010835089935,-7.020525463226));
#4418 = CARTESIAN_POINT('',(5.047958177241,-7.117922499476));
#4419 = CARTESIAN_POINT('',(5.071537047387,-7.214293799785));
#4420 = CARTESIAN_POINT('',(5.082694072428,-7.308586015814));
#4421 = CARTESIAN_POINT('',(5.082694072428,-7.4));
#4422 = ( GEOMETRIC_REPRESENTATION_CONTEXT(2) 
PARAMETRIC_REPRESENTATION_CONTEXT() REPRESENTATION_CONTEXT('2D SPACE',''
  ) );
#4423 = ADVANCED_FACE('',(#4424),#4389,.F.);
#4424 = FACE_BOUND('',#4425,.F.);
#4425 = EDGE_LOOP('',(#4426,#4456,#4484,#4503,#4504,#4533,#4561));
#4426 = ORIENTED_EDGE('',*,*,#4427,.F.);
#4427 = EDGE_CURVE('',#4428,#4430,#4432,.T.);
#4428 = VERTEX_POINT('',#4429);
#4429 = CARTESIAN_POINT('',(5.318979455187,-30.4798828325,-4.6));
#4430 = VERTEX_POINT('',#4431);
#4431 = CARTESIAN_POINT('',(-29.48082523231,-30.4798828325,-4.6));
#4432 = SURFACE_CURVE('',#4433,(#4437,#4444),.PCURVE_S1.);
#4433 = LINE('',#4434,#4435);
#4434 = CARTESIAN_POINT('',(5.318979455187,-30.4798828325,-4.6));
#4435 = VECTOR('',#4436,1.);
#4436 = DIRECTION('',(-1.,0.,0.));
#4437 = PCURVE('',#4389,#4438);
#4438 = DEFINITIONAL_REPRESENTATION('',(#4439),#4443);
#4439 = LINE('',#4440,#4441);
#4440 = CARTESIAN_POINT('',(0.,-1.4));
#4441 = VECTOR('',#4442,1.);
#4442 = DIRECTION('',(1.,0.));
#4443 = ( GEOMETRIC_REPRESENTATION_CONTEXT(2) 
PARAMETRIC_REPRESENTATION_CONTEXT() REPRESENTATION_CONTEXT('2D SPACE',''
  ) );
#4444 = PCURVE('',#4445,#4450);
#4445 = CYLINDRICAL_SURFACE('',#4446,1.4);
#4446 = AXIS2_PLACEMENT_3D('',#4447,#4448,#4449);
#4447 = CARTESIAN_POINT('',(5.318979455187,-31.8798828325,-4.6));
#4448 = DIRECTION('',(-1.,0.,0.));
#4449 = DIRECTION('',(0.,1.,-0.));
#4450 = DEFINITIONAL_REPRESENTATION('',(#4451),#4455);
#4451 = LINE('',#4452,#4453);
#4452 = CARTESIAN_POINT('',(0.,0.));
#4453 = VECTOR('',#4454,1.);
#4454 = DIRECTION('',(0.,1.));
#4455 = ( GEOMETRIC_REPRESENTATION_CONTEXT(2) 
PARAMETRIC_REPRESENTATION_CONTEXT() REPRESENTATION_CONTEXT('2D SPACE',''
  ) );
#4456 = ORIENTED_EDGE('',*,*,#4457,.T.);
#4457 = EDGE_CURVE('',#4428,#4458,#4460,.T.);
#4458 = VERTEX_POINT('',#4459);
#4459 = CARTESIAN_POINT('',(5.318979455187,-30.4798828325,0.));
#4460 = SURFACE_CURVE('',#4461,(#4465,#4472),.PCURVE_S1.);
#4461 = LINE('',#4462,#4463);
#4462 = CARTESIAN_POINT('',(5.318979455187,-30.4798828325,-6.));
#4463 = VECTOR('',#4464,1.);
#4464 = DIRECTION('',(0.,0.,1.));
#4465 = PCURVE('',#4389,#4466);
#4466 = DEFINITIONAL_REPRESENTATION('',(#4467),#4471);
#4467 = LINE('',#4468,#4469);
#4468 = CARTESIAN_POINT('',(0.,-0.));
#4469 = VECTOR('',#4470,1.);
#4470 = DIRECTION('',(0.,-1.));
#4471 = ( GEOMETRIC_REPRESENTATION_CONTEXT(2) 
PARAMETRIC_REPRESENTATION_CONTEXT() REPRESENTATION_CONTEXT('2D SPACE',''
  ) );
#4472 = PCURVE('',#4473,#4478);
#4473 = PLANE('',#4474);
#4474 = AXIS2_PLACEMENT_3D('',#4475,#4476,#4477);
#4475 = CARTESIAN_POINT('',(5.318979455187,-42.28001304083,-6.));
#4476 = DIRECTION('',(-1.,0.,0.));
#4477 = DIRECTION('',(0.,1.,0.));
#4478 = DEFINITIONAL_REPRESENTATION('',(#4479),#4483);
#4479 = LINE('',#4480,#4481);
#4480 = CARTESIAN_POINT('',(11.800130208333,0.));
#4481 = VECTOR('',#4482,1.);
#4482 = DIRECTION('',(0.,-1.));
#4483 = ( GEOMETRIC_REPRESENTATION_CONTEXT(2) 
PARAMETRIC_REPRESENTATION_CONTEXT() REPRESENTATION_CONTEXT('2D SPACE',''
  ) );
#4484 = ORIENTED_EDGE('',*,*,#4485,.F.);
#4485 = EDGE_CURVE('',#4285,#4458,#4486,.T.);
#4486 = SURFACE_CURVE('',#4487,(#4491,#4497),.PCURVE_S1.);
#4487 = LINE('',#4488,#4489);
#4488 = CARTESIAN_POINT('',(-3.050048828125,-30.4798828325,0.));
#4489 = VECTOR('',#4490,1.);
#4490 = DIRECTION('',(1.,0.,-0.));
#4491 = PCURVE('',#4389,#4492);
#4492 = DEFINITIONAL_REPRESENTATION('',(#4493),#4496);
#4493 = B_SPLINE_CURVE_WITH_KNOTS('',1,(#4494,#4495),.UNSPECIFIED.,.F.,
  .F.,(2,2),(-3.568963179147,8.369028283312),.PIECEWISE_BEZIER_KNOTS.);
#4494 = CARTESIAN_POINT('',(11.93799146246,-6.));
#4495 = CARTESIAN_POINT('',(0.,-6.));
#4496 = ( GEOMETRIC_REPRESENTATION_CONTEXT(2) 
PARAMETRIC_REPRESENTATION_CONTEXT() REPRESENTATION_CONTEXT('2D SPACE',''
  ) );
#4497 = PCURVE('',#4107,#4498);
#4498 = DEFINITIONAL_REPRESENTATION('',(#4499),#4502);
#4499 = B_SPLINE_CURVE_WITH_KNOTS('',1,(#4500,#4501),.UNSPECIFIED.,.F.,
  .F.,(2,2),(-3.568963179147,8.369028283312),.PIECEWISE_BEZIER_KNOTS.);
#4500 = CARTESIAN_POINT('',(4.800065104165,4.5201171675));
#4501 = CARTESIAN_POINT('',(16.738056566625,4.5201171675));
#4502 = ( GEOMETRIC_REPRESENTATION_CONTEXT(2) 
PARAMETRIC_REPRESENTATION_CONTEXT() REPRESENTATION_CONTEXT('2D SPACE',''
  ) );
#4503 = ORIENTED_EDGE('',*,*,#4329,.T.);
#4504 = ORIENTED_EDGE('',*,*,#4505,.F.);
#4505 = EDGE_CURVE('',#4506,#4235,#4508,.T.);
#4506 = VERTEX_POINT('',#4507);
#4507 = CARTESIAN_POINT('',(0.236284059698,-30.4798828325,14.6));
#4508 = SURFACE_CURVE('',#4509,(#4515,#4524),.PCURVE_S1.);
#4509 = B_SPLINE_CURVE_WITH_KNOTS('',4,(#4510,#4511,#4512,#4513,#4514),
  .UNSPECIFIED.,.F.,.F.,(5,5),(0.,1.),.PIECEWISE_BEZIER_KNOTS.);
#4510 = CARTESIAN_POINT('',(0.236284059698,-30.4798828325,14.6));
#4511 = CARTESIAN_POINT('',(0.236284059698,-30.4798828325,11.2999994));
#4512 = CARTESIAN_POINT('',(0.236284059698,-30.4798828325,7.9999988));
#4513 = CARTESIAN_POINT('',(0.236284059698,-30.4798828325,4.6999982));
#4514 = CARTESIAN_POINT('',(0.236284059698,-30.4798828325,1.399997599999
    ));
#4515 = PCURVE('',#4389,#4516);
#4516 = DEFINITIONAL_REPRESENTATION('',(#4517),#4523);
#4517 = B_SPLINE_CURVE_WITH_KNOTS('',4,(#4518,#4519,#4520,#4521,#4522),
  .UNSPECIFIED.,.F.,.F.,(5,5),(0.,1.),.PIECEWISE_BEZIER_KNOTS.);
#4518 = CARTESIAN_POINT('',(5.082695395489,-20.6));
#4519 = CARTESIAN_POINT('',(5.082695395489,-17.2999994));
#4520 = CARTESIAN_POINT('',(5.082695395489,-13.9999988));
#4521 = CARTESIAN_POINT('',(5.082695395489,-10.6999982));
#4522 = CARTESIAN_POINT('',(5.082695395489,-7.399997599999));
#4523 = ( GEOMETRIC_REPRESENTATION_CONTEXT(2) 
PARAMETRIC_REPRESENTATION_CONTEXT() REPRESENTATION_CONTEXT('2D SPACE',''
  ) );
#4524 = PCURVE('',#65,#4525);
#4525 = DEFINITIONAL_REPRESENTATION('',(#4526),#4532);
#4526 = B_SPLINE_CURVE_WITH_KNOTS('',4,(#4527,#4528,#4529,#4530,#4531),
  .UNSPECIFIED.,.F.,.F.,(5,5),(0.,1.),.PIECEWISE_BEZIER_KNOTS.);
#4527 = CARTESIAN_POINT('',(0.519624135436,-14.6));
#4528 = CARTESIAN_POINT('',(0.519624135436,-11.2999994));
#4529 = CARTESIAN_POINT('',(0.519624135436,-7.9999988));
#4530 = CARTESIAN_POINT('',(0.519624135436,-4.6999982));
#4531 = CARTESIAN_POINT('',(0.519624135436,-1.399997599999));
#4532 = ( GEOMETRIC_REPRESENTATION_CONTEXT(2) 
PARAMETRIC_REPRESENTATION_CONTEXT() REPRESENTATION_CONTEXT('2D SPACE',''
  ) );
#4533 = ORIENTED_EDGE('',*,*,#4534,.T.);
#4534 = EDGE_CURVE('',#4506,#4535,#4537,.T.);
#4535 = VERTEX_POINT('',#4536);
#4536 = CARTESIAN_POINT('',(-29.48082523231,-30.4798828325,14.6));
#4537 = SURFACE_CURVE('',#4538,(#4542,#4549),.PCURVE_S1.);
#4538 = LINE('',#4539,#4540);
#4539 = CARTESIAN_POINT('',(5.318979455187,-30.4798828325,14.6));
#4540 = VECTOR('',#4541,1.);
#4541 = DIRECTION('',(-1.,0.,0.));
#4542 = PCURVE('',#4389,#4543);
#4543 = DEFINITIONAL_REPRESENTATION('',(#4544),#4548);
#4544 = LINE('',#4545,#4546);
#4545 = CARTESIAN_POINT('',(0.,-20.6));
#4546 = VECTOR('',#4547,1.);
#4547 = DIRECTION('',(1.,0.));
#4548 = ( GEOMETRIC_REPRESENTATION_CONTEXT(2) 
PARAMETRIC_REPRESENTATION_CONTEXT() REPRESENTATION_CONTEXT('2D SPACE',''
  ) );
#4549 = PCURVE('',#4550,#4555);
#4550 = CYLINDRICAL_SURFACE('',#4551,1.4);
#4551 = AXIS2_PLACEMENT_3D('',#4552,#4553,#4554);
#4552 = CARTESIAN_POINT('',(5.318979455187,-31.8798828325,14.6));
#4553 = DIRECTION('',(-1.,0.,0.));
#4554 = DIRECTION('',(0.,1.,-0.));
#4555 = DEFINITIONAL_REPRESENTATION('',(#4556),#4560);
#4556 = LINE('',#4557,#4558);
#4557 = CARTESIAN_POINT('',(-0.,0.));
#4558 = VECTOR('',#4559,1.);
#4559 = DIRECTION('',(-0.,1.));
#4560 = ( GEOMETRIC_REPRESENTATION_CONTEXT(2) 
PARAMETRIC_REPRESENTATION_CONTEXT() REPRESENTATION_CONTEXT('2D SPACE',''
  ) );
#4561 = ORIENTED_EDGE('',*,*,#4562,.F.);
#4562 = EDGE_CURVE('',#4430,#4535,#4563,.T.);
#4563 = SURFACE_CURVE('',#4564,(#4568,#4575),.PCURVE_S1.);
#4564 = LINE('',#4565,#4566);
#4565 = CARTESIAN_POINT('',(-29.48082523231,-30.4798828325,-6.));
#4566 = VECTOR('',#4567,1.);
#4567 = DIRECTION('',(0.,0.,1.));
#4568 = PCURVE('',#4389,#4569);
#4569 = DEFINITIONAL_REPRESENTATION('',(#4570),#4574);
#4570 = LINE('',#4571,#4572);
#4571 = CARTESIAN_POINT('',(34.7998046875,0.));
#4572 = VECTOR('',#4573,1.);
#4573 = DIRECTION('',(0.,-1.));
#4574 = ( GEOMETRIC_REPRESENTATION_CONTEXT(2) 
PARAMETRIC_REPRESENTATION_CONTEXT() REPRESENTATION_CONTEXT('2D SPACE',''
  ) );
#4575 = PCURVE('',#4576,#4581);
#4576 = PLANE('',#4577);
#4577 = AXIS2_PLACEMENT_3D('',#4578,#4579,#4580);
#4578 = CARTESIAN_POINT('',(-29.48082523231,-30.4798828325,-6.));
#4579 = DIRECTION('',(-1.,0.,0.));
#4580 = DIRECTION('',(0.,1.,0.));
#4581 = DEFINITIONAL_REPRESENTATION('',(#4582),#4586);
#4582 = LINE('',#4583,#4584);
#4583 = CARTESIAN_POINT('',(0.,0.));
#4584 = VECTOR('',#4585,1.);
#4585 = DIRECTION('',(0.,-1.));
#4586 = ( GEOMETRIC_REPRESENTATION_CONTEXT(2) 
PARAMETRIC_REPRESENTATION_CONTEXT() REPRESENTATION_CONTEXT('2D SPACE',''
  ) );
#4587 = ADVANCED_FACE('',(#4588),#4473,.F.);
#4588 = FACE_BOUND('',#4589,.F.);
#4589 = EDGE_LOOP('',(#4590,#4618,#4646,#4674,#4703,#4820,#4839));
#4590 = ORIENTED_EDGE('',*,*,#4591,.F.);
#4591 = EDGE_CURVE('',#4592,#4428,#4594,.T.);
#4592 = VERTEX_POINT('',#4593);
#4593 = CARTESIAN_POINT('',(5.318979455187,-42.28001304083,-4.6));
#4594 = SURFACE_CURVE('',#4595,(#4599,#4606),.PCURVE_S1.);
#4595 = LINE('',#4596,#4597);
#4596 = CARTESIAN_POINT('',(5.318979455187,-42.28001304083,-4.6));
#4597 = VECTOR('',#4598,1.);
#4598 = DIRECTION('',(0.,1.,0.));
#4599 = PCURVE('',#4473,#4600);
#4600 = DEFINITIONAL_REPRESENTATION('',(#4601),#4605);
#4601 = LINE('',#4602,#4603);
#4602 = CARTESIAN_POINT('',(0.,-1.4));
#4603 = VECTOR('',#4604,1.);
#4604 = DIRECTION('',(1.,0.));
#4605 = ( GEOMETRIC_REPRESENTATION_CONTEXT(2) 
PARAMETRIC_REPRESENTATION_CONTEXT() REPRESENTATION_CONTEXT('2D SPACE',''
  ) );
#4606 = PCURVE('',#4607,#4612);
#4607 = CYLINDRICAL_SURFACE('',#4608,1.4);
#4608 = AXIS2_PLACEMENT_3D('',#4609,#4610,#4611);
#4609 = CARTESIAN_POINT('',(3.918979455187,-42.28001304083,-4.6));
#4610 = DIRECTION('',(0.,1.,0.));
#4611 = DIRECTION('',(1.,0.,-0.));
#4612 = DEFINITIONAL_REPRESENTATION('',(#4613),#4617);
#4613 = LINE('',#4614,#4615);
#4614 = CARTESIAN_POINT('',(0.,0.));
#4615 = VECTOR('',#4616,1.);
#4616 = DIRECTION('',(0.,1.));
#4617 = ( GEOMETRIC_REPRESENTATION_CONTEXT(2) 
PARAMETRIC_REPRESENTATION_CONTEXT() REPRESENTATION_CONTEXT('2D SPACE',''
  ) );
#4618 = ORIENTED_EDGE('',*,*,#4619,.T.);
#4619 = EDGE_CURVE('',#4592,#4620,#4622,.T.);
#4620 = VERTEX_POINT('',#4621);
#4621 = CARTESIAN_POINT('',(5.318979455187,-42.28001304083,14.6));
#4622 = SURFACE_CURVE('',#4623,(#4627,#4634),.PCURVE_S1.);
#4623 = LINE('',#4624,#4625);
#4624 = CARTESIAN_POINT('',(5.318979455187,-42.28001304083,-6.));
#4625 = VECTOR('',#4626,1.);
#4626 = DIRECTION('',(0.,0.,1.));
#4627 = PCURVE('',#4473,#4628);
#4628 = DEFINITIONAL_REPRESENTATION('',(#4629),#4633);
#4629 = LINE('',#4630,#4631);
#4630 = CARTESIAN_POINT('',(0.,0.));
#4631 = VECTOR('',#4632,1.);
#4632 = DIRECTION('',(0.,-1.));
#4633 = ( GEOMETRIC_REPRESENTATION_CONTEXT(2) 
PARAMETRIC_REPRESENTATION_CONTEXT() REPRESENTATION_CONTEXT('2D SPACE',''
  ) );
#4634 = PCURVE('',#4635,#4640);
#4635 = PLANE('',#4636);
#4636 = AXIS2_PLACEMENT_3D('',#4637,#4638,#4639);
#4637 = CARTESIAN_POINT('',(-43.28095544064,-42.28001304083,-6.));
#4638 = DIRECTION('',(0.,1.,0.));
#4639 = DIRECTION('',(1.,0.,0.));
#4640 = DEFINITIONAL_REPRESENTATION('',(#4641),#4645);
#4641 = LINE('',#4642,#4643);
#4642 = CARTESIAN_POINT('',(48.599934895833,0.));
#4643 = VECTOR('',#4644,1.);
#4644 = DIRECTION('',(0.,-1.));
#4645 = ( GEOMETRIC_REPRESENTATION_CONTEXT(2) 
PARAMETRIC_REPRESENTATION_CONTEXT() REPRESENTATION_CONTEXT('2D SPACE',''
  ) );
#4646 = ORIENTED_EDGE('',*,*,#4647,.T.);
#4647 = EDGE_CURVE('',#4620,#4648,#4650,.T.);
#4648 = VERTEX_POINT('',#4649);
#4649 = CARTESIAN_POINT('',(5.318979455187,-33.58111427337,14.6));
#4650 = SURFACE_CURVE('',#4651,(#4655,#4662),.PCURVE_S1.);
#4651 = LINE('',#4652,#4653);
#4652 = CARTESIAN_POINT('',(5.318979455187,-42.28001304083,14.6));
#4653 = VECTOR('',#4654,1.);
#4654 = DIRECTION('',(0.,1.,0.));
#4655 = PCURVE('',#4473,#4656);
#4656 = DEFINITIONAL_REPRESENTATION('',(#4657),#4661);
#4657 = LINE('',#4658,#4659);
#4658 = CARTESIAN_POINT('',(0.,-20.6));
#4659 = VECTOR('',#4660,1.);
#4660 = DIRECTION('',(1.,0.));
#4661 = ( GEOMETRIC_REPRESENTATION_CONTEXT(2) 
PARAMETRIC_REPRESENTATION_CONTEXT() REPRESENTATION_CONTEXT('2D SPACE',''
  ) );
#4662 = PCURVE('',#4663,#4668);
#4663 = CYLINDRICAL_SURFACE('',#4664,1.4);
#4664 = AXIS2_PLACEMENT_3D('',#4665,#4666,#4667);
#4665 = CARTESIAN_POINT('',(3.918979455187,-42.28001304083,14.6));
#4666 = DIRECTION('',(0.,1.,0.));
#4667 = DIRECTION('',(1.,0.,-0.));
#4668 = DEFINITIONAL_REPRESENTATION('',(#4669),#4673);
#4669 = LINE('',#4670,#4671);
#4670 = CARTESIAN_POINT('',(-0.,0.));
#4671 = VECTOR('',#4672,1.);
#4672 = DIRECTION('',(-0.,1.));
#4673 = ( GEOMETRIC_REPRESENTATION_CONTEXT(2) 
PARAMETRIC_REPRESENTATION_CONTEXT() REPRESENTATION_CONTEXT('2D SPACE',''
  ) );
#4674 = ORIENTED_EDGE('',*,*,#4675,.T.);
#4675 = EDGE_CURVE('',#4648,#4676,#4678,.T.);
#4676 = VERTEX_POINT('',#4677);
#4677 = CARTESIAN_POINT('',(5.318979455187,-33.5811143506,1.4));
#4678 = SURFACE_CURVE('',#4679,(#4685,#4694),.PCURVE_S1.);
#4679 = B_SPLINE_CURVE_WITH_KNOTS('',4,(#4680,#4681,#4682,#4683,#4684),
  .UNSPECIFIED.,.F.,.F.,(5,5),(0.,1.),.PIECEWISE_BEZIER_KNOTS.);
#4680 = CARTESIAN_POINT('',(5.318979455187,-33.58111427337,14.6));
#4681 = CARTESIAN_POINT('',(5.318979455187,-33.58111427337,11.2999994));
#4682 = CARTESIAN_POINT('',(5.318979455187,-33.58111427337,7.9999988));
#4683 = CARTESIAN_POINT('',(5.318979455187,-33.58111427337,4.6999982));
#4684 = CARTESIAN_POINT('',(5.318979455187,-33.58111427337,
    1.399997599999));
#4685 = PCURVE('',#4473,#4686);
#4686 = DEFINITIONAL_REPRESENTATION('',(#4687),#4693);
#4687 = B_SPLINE_CURVE_WITH_KNOTS('',4,(#4688,#4689,#4690,#4691,#4692),
  .UNSPECIFIED.,.F.,.F.,(5,5),(0.,1.),.PIECEWISE_BEZIER_KNOTS.);
#4688 = CARTESIAN_POINT('',(8.698898767459,-20.6));
#4689 = CARTESIAN_POINT('',(8.698898767459,-17.2999994));
#4690 = CARTESIAN_POINT('',(8.698898767459,-13.9999988));
#4691 = CARTESIAN_POINT('',(8.698898767459,-10.6999982));
#4692 = CARTESIAN_POINT('',(8.698898767459,-7.399997599999));
#4693 = ( GEOMETRIC_REPRESENTATION_CONTEXT(2) 
PARAMETRIC_REPRESENTATION_CONTEXT() REPRESENTATION_CONTEXT('2D SPACE',''
  ) );
#4694 = PCURVE('',#65,#4695);
#4695 = DEFINITIONAL_REPRESENTATION('',(#4696),#4702);
#4696 = B_SPLINE_CURVE_WITH_KNOTS('',4,(#4697,#4698,#4699,#4700,#4701),
  .UNSPECIFIED.,.F.,.F.,(5,5),(0.,1.),.PIECEWISE_BEZIER_KNOTS.);
#4697 = CARTESIAN_POINT('',(0.671228558953,-14.6));
#4698 = CARTESIAN_POINT('',(0.671228558953,-11.2999994));
#4699 = CARTESIAN_POINT('',(0.671228558953,-7.9999988));
#4700 = CARTESIAN_POINT('',(0.671228558953,-4.6999982));
#4701 = CARTESIAN_POINT('',(0.671228558953,-1.399997599999));
#4702 = ( GEOMETRIC_REPRESENTATION_CONTEXT(2) 
PARAMETRIC_REPRESENTATION_CONTEXT() REPRESENTATION_CONTEXT('2D SPACE',''
  ) );
#4703 = ORIENTED_EDGE('',*,*,#4704,.F.);
#4704 = EDGE_CURVE('',#4705,#4676,#4707,.T.);
#4705 = VERTEX_POINT('',#4706);
#4706 = CARTESIAN_POINT('',(5.318979455187,-32.03274527846,
    -7.205986827139E-17));
#4707 = SURFACE_CURVE('',#4708,(#4729,#4753),.PCURVE_S1.);
#4708 = B_SPLINE_CURVE_WITH_KNOTS('',7,(#4709,#4710,#4711,#4712,#4713,
    #4714,#4715,#4716,#4717,#4718,#4719,#4720,#4721,#4722,#4723,#4724,
    #4725,#4726,#4727,#4728),.UNSPECIFIED.,.F.,.F.,(8,6,6,8),(0.,
    0.313062294936,0.625128324804,1.),.UNSPECIFIED.);
#4709 = CARTESIAN_POINT('',(5.318979455187,-32.03274527846,0.));
#4710 = CARTESIAN_POINT('',(5.318979455187,-32.13129963243,0.));
#4711 = CARTESIAN_POINT('',(5.318979455187,-32.23275724252,
    6.535088547776E-03));
#4712 = CARTESIAN_POINT('',(5.318979455187,-32.33630919882,
    2.03180640552E-02));
#4713 = CARTESIAN_POINT('',(5.318979455187,-32.44090222229,
    4.198038616311E-02));
#4714 = CARTESIAN_POINT('',(5.318979455187,-32.54524012756,
    7.194480563456E-02));
#4715 = CARTESIAN_POINT('',(5.318979455187,-32.64787125184,
    0.110335109611));
#4716 = CARTESIAN_POINT('',(5.318979455187,-32.84653583714,
    0.203362597237));
#4717 = CARTESIAN_POINT('',(5.318979455187,-32.94258928495,
    0.257948596896));
#4718 = CARTESIAN_POINT('',(5.318979455187,-33.03410052008,
    0.320457815596));
#4719 = CARTESIAN_POINT('',(5.318979455187,-33.11965961004,
    0.390335026503));
#4720 = CARTESIAN_POINT('',(5.318979455187,-33.19802661254,
    0.466661595528));
#4721 = CARTESIAN_POINT('',(5.318979455187,-33.26830883398,
    0.548271542977));
#4722 = CARTESIAN_POINT('',(5.318979455187,-33.404056699,0.736776236295)
  );
#4723 = CARTESIAN_POINT('',(5.318979455187,-33.4657068235,0.845454561954
    ));
#4724 = CARTESIAN_POINT('',(5.318979455187,-33.51401130969,0.95776162501
    ));
#4725 = CARTESIAN_POINT('',(5.318979455187,-33.54881471456,
    1.071312339285));
#4726 = CARTESIAN_POINT('',(5.318979455187,-33.57080003974,
    1.183923411301));
#4727 = CARTESIAN_POINT('',(5.318979455187,-33.5811143506,1.293900059518
    ));
#4728 = CARTESIAN_POINT('',(5.318979455187,-33.5811143506,1.4));
#4729 = PCURVE('',#4473,#4730);
#4730 = DEFINITIONAL_REPRESENTATION('',(#4731),#4752);
#4731 = B_SPLINE_CURVE_WITH_KNOTS('',7,(#4732,#4733,#4734,#4735,#4736,
    #4737,#4738,#4739,#4740,#4741,#4742,#4743,#4744,#4745,#4746,#4747,
    #4748,#4749,#4750,#4751),.UNSPECIFIED.,.F.,.F.,(8,6,6,8),(0.,
    0.313062294936,0.625128324804,1.),.UNSPECIFIED.);
#4732 = CARTESIAN_POINT('',(10.247267762369,-6.));
#4733 = CARTESIAN_POINT('',(10.148713408402,-6.));
#4734 = CARTESIAN_POINT('',(10.047255798308,-6.006535088548));
#4735 = CARTESIAN_POINT('',(9.943703842011,-6.020318064055));
#4736 = CARTESIAN_POINT('',(9.83911081854,-6.041980386163));
#4737 = CARTESIAN_POINT('',(9.734772913269,-6.071944805635));
#4738 = CARTESIAN_POINT('',(9.632141788987,-6.110335109611));
#4739 = CARTESIAN_POINT('',(9.433477203692,-6.203362597237));
#4740 = CARTESIAN_POINT('',(9.337423755875,-6.257948596896));
#4741 = CARTESIAN_POINT('',(9.24591252075,-6.320457815596));
#4742 = CARTESIAN_POINT('',(9.160353430789,-6.390335026503));
#4743 = CARTESIAN_POINT('',(9.081986428285,-6.466661595528));
#4744 = CARTESIAN_POINT('',(9.011704206849,-6.548271542977));
#4745 = CARTESIAN_POINT('',(8.875956341833,-6.736776236295));
#4746 = CARTESIAN_POINT('',(8.814306217324,-6.845454561954));
#4747 = CARTESIAN_POINT('',(8.766001731143,-6.95776162501));
#4748 = CARTESIAN_POINT('',(8.731198326273,-7.071312339285));
#4749 = CARTESIAN_POINT('',(8.709213001093,-7.183923411301));
#4750 = CARTESIAN_POINT('',(8.698898690227,-7.293900059518));
#4751 = CARTESIAN_POINT('',(8.698898690227,-7.4));
#4752 = ( GEOMETRIC_REPRESENTATION_CONTEXT(2) 
PARAMETRIC_REPRESENTATION_CONTEXT() REPRESENTATION_CONTEXT('2D SPACE',''
  ) );
#4753 = PCURVE('',#4754,#4797);
#4754 = ( BOUNDED_SURFACE() B_SPLINE_SURFACE(2,13,(
    (#4755,#4756,#4757,#4758,#4759,#4760,#4761,#4762,#4763,#4764,#4765
      ,#4766,#4767,#4768)
    ,(#4769,#4770,#4771,#4772,#4773,#4774,#4775,#4776,#4777,#4778,#4779
      ,#4780,#4781,#4782)
    ,(#4783,#4784,#4785,#4786,#4787,#4788,#4789,#4790,#4791,#4792,#4793
      ,#4794,#4795,#4796
)),.UNSPECIFIED.,.F.,.F.,.F.) B_SPLINE_SURFACE_WITH_KNOTS((3,3),(14,14),
  (0.,38.516392553384),(2.7998046875,41.316197240884),
.PIECEWISE_BEZIER_KNOTS.) GEOMETRIC_REPRESENTATION_ITEM() 
RATIONAL_B_SPLINE_SURFACE((
    (1.,1.,1.000000000001,0.999999999998,1.000000000005,0.999999999993
      ,1.000000000009,0.999999999992,1.000000000006,0.999999999996
      ,1.000000000002,0.999999999999,1.,1.)
    ,(0.707106781187,0.707106781186,0.707106781187,0.707106781185
      ,0.707106781189,0.707106781183,0.707106781191,0.707106781183
      ,0.70710678119,0.707106781185,0.707106781188,0.707106781186
      ,0.707106781187,0.707106781187)
    ,(1.,1.,1.000000000001,0.999999999998,1.000000000005,0.999999999993
      ,1.000000000009,0.999999999992,1.000000000006,0.999999999996
,1.000000000002,0.999999999999,1.,1.
  ))) REPRESENTATION_ITEM('') SURFACE() );
#4755 = CARTESIAN_POINT('',(-8.019012007271,-12.19986979166,1.4));
#4756 = CARTESIAN_POINT('',(-8.019012007272,-15.70803000138,1.4));
#4757 = CARTESIAN_POINT('',(-7.584387741117,-18.97814867424,1.4));
#4758 = CARTESIAN_POINT('',(-6.736375405756,-22.0003615756,1.4));
#4759 = CARTESIAN_POINT('',(-5.502239147079,-24.7640112486,
    1.399999999999));
#4760 = CARTESIAN_POINT('',(-3.886992620525,-27.26766979852,
    1.400000000001));
#4761 = CARTESIAN_POINT('',(-1.949927743397,-29.49498352562,
    1.399999999999));
#4762 = CARTESIAN_POINT('',(0.376265438857,-31.50663111896,
    1.400000000001));
#4763 = CARTESIAN_POINT('',(3.049865854719,-33.16561513412,
    1.399999999999));
#4764 = CARTESIAN_POINT('',(6.020822355921,-34.50915335771,
    1.400000000001));
#4765 = CARTESIAN_POINT('',(9.235224731733,-35.48600252584,1.4));
#4766 = CARTESIAN_POINT('',(12.61088234385,-36.10969185796,1.4));
#4767 = CARTESIAN_POINT('',(16.056552982967,-36.40006510416,1.4));
#4768 = CARTESIAN_POINT('',(19.480987992729,-36.40006510416,1.4));
#4769 = CARTESIAN_POINT('',(-8.019012007271,-12.19986979166,
    2.22044604925E-16));
#4770 = CARTESIAN_POINT('',(-8.019012007271,-15.70803000138,
    -1.376676550535E-14));
#4771 = CARTESIAN_POINT('',(-7.584387741122,-18.97814867423,
    6.739053759475E-14));
#4772 = CARTESIAN_POINT('',(-6.736375405744,-22.00036157561,
    -2.022826350867E-13));
#4773 = CARTESIAN_POINT('',(-5.5022391471,-24.76401124858,
    4.556355293062E-13));
#4774 = CARTESIAN_POINT('',(-3.886992620499,-27.26766979854,
    -8.083533842296E-13));
#4775 = CARTESIAN_POINT('',(-1.949927743422,-29.49498352561,
    1.158961815406E-12));
#4776 = CARTESIAN_POINT('',(0.376265438873,-31.50663111897,
    -1.344702127426E-12));
#4777 = CARTESIAN_POINT('',(3.049865854713,-33.16561513411,
    1.249778058821E-12));
#4778 = CARTESIAN_POINT('',(6.020822355921,-34.50915335772,
    -9.090506125631E-13));
#4779 = CARTESIAN_POINT('',(9.235224731735,-35.48600252584,
    5.027089855503E-13));
#4780 = CARTESIAN_POINT('',(12.610882343849,-36.10969185796,
    -1.978417429882E-13));
#4781 = CARTESIAN_POINT('',(16.056552982967,-36.40006510416,
    4.574118861456E-14));
#4782 = CARTESIAN_POINT('',(19.480987992729,-36.40006510416,
    2.22044604925E-16));
#4783 = CARTESIAN_POINT('',(-6.619012007271,-12.19986979166,0.));
#4784 = CARTESIAN_POINT('',(-6.619012007271,-15.54793253384,
    6.550315845288E-15));
#4785 = CARTESIAN_POINT('',(-6.204287593649,-18.64377875349,
    -2.342570581959E-14));
#4786 = CARTESIAN_POINT('',(-5.401117913392,-21.47943095136,
    4.207745263329E-14));
#4787 = CARTESIAN_POINT('',(-4.24691032785,-24.04896896763,
    -3.141931159689E-14));
#4788 = CARTESIAN_POINT('',(-2.739692469228,-26.36631826659,
    -3.008704396734E-14));
#4789 = CARTESIAN_POINT('',(-0.966655267288,-28.41891250022,
    1.190159082398E-13));
#4790 = CARTESIAN_POINT('',(1.199174292202,-30.33140337067,
    -1.763034163105E-13));
#4791 = CARTESIAN_POINT('',(3.718159645597,-31.89735906215,
    1.609823385706E-13));
#4792 = CARTESIAN_POINT('',(6.542182941599,-33.18772138905,
    -9.636735853746E-14));
#4793 = CARTESIAN_POINT('',(9.620769502135,-34.12391937736,
    3.541611448554E-14));
#4794 = CARTESIAN_POINT('',(12.868160436595,-34.72323540826,
    -7.216449660064E-15));
#4795 = CARTESIAN_POINT('',(16.18897992026,-35.00037580742,
    8.881784197001E-16));
#4796 = CARTESIAN_POINT('',(19.484314476763,-35.00006905613,0.));
#4797 = DEFINITIONAL_REPRESENTATION('',(#4798),#4819);
#4798 = B_SPLINE_CURVE_WITH_KNOTS('',7,(#4799,#4800,#4801,#4802,#4803,
    #4804,#4805,#4806,#4807,#4808,#4809,#4810,#4811,#4812,#4813,#4814,
    #4815,#4816,#4817,#4818),.UNSPECIFIED.,.F.,.F.,(8,6,6,8),(0.,
    0.313062294936,0.625128324804,1.),.UNSPECIFIED.);
#4799 = CARTESIAN_POINT('',(38.516392553384,27.783597277657));
#4800 = CARTESIAN_POINT('',(36.793744719136,27.826389221869));
#4801 = CARTESIAN_POINT('',(35.07128300134,27.87007569624));
#4802 = CARTESIAN_POINT('',(33.348990057113,27.914273610616));
#4803 = CARTESIAN_POINT('',(31.626836637035,27.958509998973));
#4804 = CARTESIAN_POINT('',(29.90478024604,28.002237506157));
#4805 = CARTESIAN_POINT('',(28.182770503808,28.044875814535));
#4806 = CARTESIAN_POINT('',(24.74423189378,28.126751721189));
#4807 = CARTESIAN_POINT('',(23.027697952325,28.165999646824));
#4808 = CARTESIAN_POINT('',(21.311122505406,28.203081071256));
#4809 = CARTESIAN_POINT('',(19.594462147443,28.237484450411));
#4810 = CARTESIAN_POINT('',(17.877674946283,28.268787687761));
#4811 = CARTESIAN_POINT('',(16.160735677774,28.296708511363));
#4812 = CARTESIAN_POINT('',(12.380972931153,28.350401004645));
#4813 = CARTESIAN_POINT('',(10.318065176992,28.374609489603));
#4814 = CARTESIAN_POINT('',(8.254921358509,28.393471627875));
#4815 = CARTESIAN_POINT('',(6.19153055181,28.407018307432));
#4816 = CARTESIAN_POINT('',(4.127894753389,28.415564674036));
#4817 = CARTESIAN_POINT('',(2.064038106827,28.419574099625));
#4818 = CARTESIAN_POINT('',(0.,28.419574099625));
#4819 = ( GEOMETRIC_REPRESENTATION_CONTEXT(2) 
PARAMETRIC_REPRESENTATION_CONTEXT() REPRESENTATION_CONTEXT('2D SPACE',''
  ) );
#4820 = ORIENTED_EDGE('',*,*,#4821,.F.);
#4821 = EDGE_CURVE('',#4458,#4705,#4822,.T.);
#4822 = SURFACE_CURVE('',#4823,(#4827,#4833),.PCURVE_S1.);
#4823 = LINE('',#4824,#4825);
#4824 = CARTESIAN_POINT('',(5.318979455187,-38.64000652041,0.));
#4825 = VECTOR('',#4826,1.);
#4826 = DIRECTION('',(0.,-1.,0.));
#4827 = PCURVE('',#4473,#4828);
#4828 = DEFINITIONAL_REPRESENTATION('',(#4829),#4832);
#4829 = B_SPLINE_CURVE_WITH_KNOTS('',1,(#4830,#4831),.UNSPECIFIED.,.F.,
  .F.,(2,2),(-8.160123687917,-3.63963071299),.PIECEWISE_BEZIER_KNOTS.);
#4830 = CARTESIAN_POINT('',(11.800130208333,-6.));
#4831 = CARTESIAN_POINT('',(7.279637233407,-6.));
#4832 = ( GEOMETRIC_REPRESENTATION_CONTEXT(2) 
PARAMETRIC_REPRESENTATION_CONTEXT() REPRESENTATION_CONTEXT('2D SPACE',''
  ) );
#4833 = PCURVE('',#4107,#4834);
#4834 = DEFINITIONAL_REPRESENTATION('',(#4835),#4838);
#4835 = B_SPLINE_CURVE_WITH_KNOTS('',1,(#4836,#4837),.UNSPECIFIED.,.F.,
  .F.,(2,2),(-8.160123687917,-3.63963071299),.PIECEWISE_BEZIER_KNOTS.);
#4836 = CARTESIAN_POINT('',(16.738056566625,4.5201171675));
#4837 = CARTESIAN_POINT('',(16.738056566625,-3.758074262978E-04));
#4838 = ( GEOMETRIC_REPRESENTATION_CONTEXT(2) 
PARAMETRIC_REPRESENTATION_CONTEXT() REPRESENTATION_CONTEXT('2D SPACE',''
  ) );
#4839 = ORIENTED_EDGE('',*,*,#4457,.F.);
#4840 = ADVANCED_FACE('',(#4841),#4635,.F.);
#4841 = FACE_BOUND('',#4842,.F.);
#4842 = EDGE_LOOP('',(#4843,#4873,#4899,#4900));
#4843 = ORIENTED_EDGE('',*,*,#4844,.T.);
#4844 = EDGE_CURVE('',#4845,#4847,#4849,.T.);
#4845 = VERTEX_POINT('',#4846);
#4846 = CARTESIAN_POINT('',(-43.28095544064,-42.28001304083,-4.6));
#4847 = VERTEX_POINT('',#4848);
#4848 = CARTESIAN_POINT('',(-43.28095544064,-42.28001304083,14.6));
#4849 = SURFACE_CURVE('',#4850,(#4854,#4861),.PCURVE_S1.);
#4850 = LINE('',#4851,#4852);
#4851 = CARTESIAN_POINT('',(-43.28095544064,-42.28001304083,-6.));
#4852 = VECTOR('',#4853,1.);
#4853 = DIRECTION('',(0.,0.,1.));
#4854 = PCURVE('',#4635,#4855);
#4855 = DEFINITIONAL_REPRESENTATION('',(#4856),#4860);
#4856 = LINE('',#4857,#4858);
#4857 = CARTESIAN_POINT('',(0.,0.));
#4858 = VECTOR('',#4859,1.);
#4859 = DIRECTION('',(0.,-1.));
#4860 = ( GEOMETRIC_REPRESENTATION_CONTEXT(2) 
PARAMETRIC_REPRESENTATION_CONTEXT() REPRESENTATION_CONTEXT('2D SPACE',''
  ) );
#4861 = PCURVE('',#4862,#4867);
#4862 = PLANE('',#4863);
#4863 = AXIS2_PLACEMENT_3D('',#4864,#4865,#4866);
#4864 = CARTESIAN_POINT('',(-43.28095544064,-25.4798828325,-6.));
#4865 = DIRECTION('',(1.,0.,-0.));
#4866 = DIRECTION('',(0.,-1.,0.));
#4867 = DEFINITIONAL_REPRESENTATION('',(#4868),#4872);
#4868 = LINE('',#4869,#4870);
#4869 = CARTESIAN_POINT('',(16.800130208333,0.));
#4870 = VECTOR('',#4871,1.);
#4871 = DIRECTION('',(0.,-1.));
#4872 = ( GEOMETRIC_REPRESENTATION_CONTEXT(2) 
PARAMETRIC_REPRESENTATION_CONTEXT() REPRESENTATION_CONTEXT('2D SPACE',''
  ) );
#4873 = ORIENTED_EDGE('',*,*,#4874,.T.);
#4874 = EDGE_CURVE('',#4847,#4620,#4875,.T.);
#4875 = SURFACE_CURVE('',#4876,(#4880,#4887),.PCURVE_S1.);
#4876 = LINE('',#4877,#4878);
#4877 = CARTESIAN_POINT('',(-43.28095544064,-42.28001304083,14.6));
#4878 = VECTOR('',#4879,1.);
#4879 = DIRECTION('',(1.,0.,0.));
#4880 = PCURVE('',#4635,#4881);
#4881 = DEFINITIONAL_REPRESENTATION('',(#4882),#4886);
#4882 = LINE('',#4883,#4884);
#4883 = CARTESIAN_POINT('',(0.,-20.6));
#4884 = VECTOR('',#4885,1.);
#4885 = DIRECTION('',(1.,0.));
#4886 = ( GEOMETRIC_REPRESENTATION_CONTEXT(2) 
PARAMETRIC_REPRESENTATION_CONTEXT() REPRESENTATION_CONTEXT('2D SPACE',''
  ) );
#4887 = PCURVE('',#4888,#4893);
#4888 = CYLINDRICAL_SURFACE('',#4889,1.4);
#4889 = AXIS2_PLACEMENT_3D('',#4890,#4891,#4892);
#4890 = CARTESIAN_POINT('',(-43.28095544064,-40.88001304083,14.6));
#4891 = DIRECTION('',(1.,0.,0.));
#4892 = DIRECTION('',(0.,-1.,-0.));
#4893 = DEFINITIONAL_REPRESENTATION('',(#4894),#4898);
#4894 = LINE('',#4895,#4896);
#4895 = CARTESIAN_POINT('',(-0.,0.));
#4896 = VECTOR('',#4897,1.);
#4897 = DIRECTION('',(-0.,1.));
#4898 = ( GEOMETRIC_REPRESENTATION_CONTEXT(2) 
PARAMETRIC_REPRESENTATION_CONTEXT() REPRESENTATION_CONTEXT('2D SPACE',''
  ) );
#4899 = ORIENTED_EDGE('',*,*,#4619,.F.);
#4900 = ORIENTED_EDGE('',*,*,#4901,.F.);
#4901 = EDGE_CURVE('',#4845,#4592,#4902,.T.);
#4902 = SURFACE_CURVE('',#4903,(#4907,#4914),.PCURVE_S1.);
#4903 = LINE('',#4904,#4905);
#4904 = CARTESIAN_POINT('',(-43.28095544064,-42.28001304083,-4.6));
#4905 = VECTOR('',#4906,1.);
#4906 = DIRECTION('',(1.,0.,0.));
#4907 = PCURVE('',#4635,#4908);
#4908 = DEFINITIONAL_REPRESENTATION('',(#4909),#4913);
#4909 = LINE('',#4910,#4911);
#4910 = CARTESIAN_POINT('',(0.,-1.4));
#4911 = VECTOR('',#4912,1.);
#4912 = DIRECTION('',(1.,0.));
#4913 = ( GEOMETRIC_REPRESENTATION_CONTEXT(2) 
PARAMETRIC_REPRESENTATION_CONTEXT() REPRESENTATION_CONTEXT('2D SPACE',''
  ) );
#4914 = PCURVE('',#4915,#4920);
#4915 = CYLINDRICAL_SURFACE('',#4916,1.4);
#4916 = AXIS2_PLACEMENT_3D('',#4917,#4918,#4919);
#4917 = CARTESIAN_POINT('',(-43.28095544064,-40.88001304083,-4.6));
#4918 = DIRECTION('',(1.,0.,0.));
#4919 = DIRECTION('',(0.,-1.,-0.));
#4920 = DEFINITIONAL_REPRESENTATION('',(#4921),#4925);
#4921 = LINE('',#4922,#4923);
#4922 = CARTESIAN_POINT('',(0.,0.));
#4923 = VECTOR('',#4924,1.);
#4924 = DIRECTION('',(0.,1.));
#4925 = ( GEOMETRIC_REPRESENTATION_CONTEXT(2) 
PARAMETRIC_REPRESENTATION_CONTEXT() REPRESENTATION_CONTEXT('2D SPACE',''
  ) );
#4926 = ADVANCED_FACE('',(#4927),#4888,.T.);
#4927 = FACE_BOUND('',#4928,.F.);
#4928 = EDGE_LOOP('',(#4929,#4968,#4991,#5023));
#4929 = ORIENTED_EDGE('',*,*,#4930,.T.);
#4930 = EDGE_CURVE('',#4847,#4931,#4933,.T.);
#4931 = VERTEX_POINT('',#4932);
#4932 = CARTESIAN_POINT('',(-41.88095544064,-40.88001304083,16.));
#4933 = SURFACE_CURVE('',#4934,(#4939,#4951),.PCURVE_S1.);
#4934 = ELLIPSE('',#4935,1.979898987322,1.4);
#4935 = AXIS2_PLACEMENT_3D('',#4936,#4937,#4938);
#4936 = CARTESIAN_POINT('',(-41.88095544064,-40.88001304083,14.6));
#4937 = DIRECTION('',(-0.707106781187,0.707106781187,0.));
#4938 = DIRECTION('',(-0.707106781187,-0.707106781187,0.));
#4939 = PCURVE('',#4888,#4940);
#4940 = DEFINITIONAL_REPRESENTATION('',(#4941),#4950);
#4941 = B_SPLINE_CURVE_WITH_KNOTS('',7,(#4942,#4943,#4944,#4945,#4946,
    #4947,#4948,#4949),.UNSPECIFIED.,.F.,.F.,(8,8),(0.,1.570796621761),
  .PIECEWISE_BEZIER_KNOTS.);
#4942 = CARTESIAN_POINT('',(0.,0.));
#4943 = CARTESIAN_POINT('',(-0.224399517394,7.694684219806E-17));
#4944 = CARTESIAN_POINT('',(-0.448799034789,8.224817254474E-02));
#4945 = CARTESIAN_POINT('',(-0.673198552184,0.246732586181));
#4946 = CARTESIAN_POINT('',(-0.897598069578,0.483354621658));
#4947 = CARTESIAN_POINT('',(-1.121997586972,0.771683015662));
#4948 = CARTESIAN_POINT('',(-1.346397104367,1.085841088601));
#4949 = CARTESIAN_POINT('',(-1.570796621761,1.400000412953));
#4950 = ( GEOMETRIC_REPRESENTATION_CONTEXT(2) 
PARAMETRIC_REPRESENTATION_CONTEXT() REPRESENTATION_CONTEXT('2D SPACE',''
  ) );
#4951 = PCURVE('',#4952,#4957);
#4952 = CYLINDRICAL_SURFACE('',#4953,1.4);
#4953 = AXIS2_PLACEMENT_3D('',#4954,#4955,#4956);
#4954 = CARTESIAN_POINT('',(-41.88095544064,-25.4798828325,14.6));
#4955 = DIRECTION('',(0.,-1.,0.));
#4956 = DIRECTION('',(-1.,-0.,0.));
#4957 = DEFINITIONAL_REPRESENTATION('',(#4958),#4967);
#4958 = B_SPLINE_CURVE_WITH_KNOTS('',7,(#4959,#4960,#4961,#4962,#4963,
    #4964,#4965,#4966),.UNSPECIFIED.,.F.,.F.,(8,8),(0.,1.570796621761),
  .PIECEWISE_BEZIER_KNOTS.);
#4959 = CARTESIAN_POINT('',(0.,16.800130208333));
#4960 = CARTESIAN_POINT('',(-0.224399517394,16.800130208333));
#4961 = CARTESIAN_POINT('',(-0.448799034789,16.717882035786));
#4962 = CARTESIAN_POINT('',(-0.673198552184,16.55339762216));
#4963 = CARTESIAN_POINT('',(-0.897598069578,16.316775586674));
#4964 = CARTESIAN_POINT('',(-1.121997586972,16.028447192673));
#4965 = CARTESIAN_POINT('',(-1.346397104367,15.714289119733));
#4966 = CARTESIAN_POINT('',(-1.570796621761,15.40012979538));
#4967 = ( GEOMETRIC_REPRESENTATION_CONTEXT(2) 
PARAMETRIC_REPRESENTATION_CONTEXT() REPRESENTATION_CONTEXT('2D SPACE',''
  ) );
#4968 = ORIENTED_EDGE('',*,*,#4969,.T.);
#4969 = EDGE_CURVE('',#4931,#4970,#4972,.T.);
#4970 = VERTEX_POINT('',#4971);
#4971 = CARTESIAN_POINT('',(3.918979455188,-40.88001304083,16.));
#4972 = SURFACE_CURVE('',#4973,(#4977,#4984),.PCURVE_S1.);
#4973 = LINE('',#4974,#4975);
#4974 = CARTESIAN_POINT('',(-43.28095544064,-40.88001304083,16.));
#4975 = VECTOR('',#4976,1.);
#4976 = DIRECTION('',(1.,0.,0.));
#4977 = PCURVE('',#4888,#4978);
#4978 = DEFINITIONAL_REPRESENTATION('',(#4979),#4983);
#4979 = LINE('',#4980,#4981);
#4980 = CARTESIAN_POINT('',(-1.570796326795,0.));
#4981 = VECTOR('',#4982,1.);
#4982 = DIRECTION('',(-0.,1.));
#4983 = ( GEOMETRIC_REPRESENTATION_CONTEXT(2) 
PARAMETRIC_REPRESENTATION_CONTEXT() REPRESENTATION_CONTEXT('2D SPACE',''
  ) );
#4984 = PCURVE('',#2251,#4985);
#4985 = DEFINITIONAL_REPRESENTATION('',(#4986),#4990);
#4986 = LINE('',#4987,#4988);
#4987 = CARTESIAN_POINT('',(4.599934895833,1.4));
#4988 = VECTOR('',#4989,1.);
#4989 = DIRECTION('',(1.,0.));
#4990 = ( GEOMETRIC_REPRESENTATION_CONTEXT(2) 
PARAMETRIC_REPRESENTATION_CONTEXT() REPRESENTATION_CONTEXT('2D SPACE',''
  ) );
#4991 = ORIENTED_EDGE('',*,*,#4992,.F.);
#4992 = EDGE_CURVE('',#4620,#4970,#4993,.T.);
#4993 = SURFACE_CURVE('',#4994,(#4999,#5011),.PCURVE_S1.);
#4994 = ELLIPSE('',#4995,1.979898987322,1.4);
#4995 = AXIS2_PLACEMENT_3D('',#4996,#4997,#4998);
#4996 = CARTESIAN_POINT('',(3.918979455188,-40.88001304083,14.6));
#4997 = DIRECTION('',(-0.707106781187,-0.707106781187,0.));
#4998 = DIRECTION('',(0.707106781187,-0.707106781187,0.));
#4999 = PCURVE('',#4888,#5000);
#5000 = DEFINITIONAL_REPRESENTATION('',(#5001),#5010);
#5001 = B_SPLINE_CURVE_WITH_KNOTS('',7,(#5002,#5003,#5004,#5005,#5006,
    #5007,#5008,#5009),.UNSPECIFIED.,.F.,.F.,(8,8),(0.,1.570796326795),
  .PIECEWISE_BEZIER_KNOTS.);
#5002 = CARTESIAN_POINT('',(0.,48.599934895833));
#5003 = CARTESIAN_POINT('',(-0.224399475256,48.599934895833));
#5004 = CARTESIAN_POINT('',(-0.448798950513,48.517686754172));
#5005 = CARTESIAN_POINT('',(-0.67319842577,48.353202402322));
#5006 = CARTESIAN_POINT('',(-0.897597901026,48.11658045189));
#5007 = CARTESIAN_POINT('',(-1.121997376282,47.828252150886));
#5008 = CARTESIAN_POINT('',(-1.346396851538,47.514094161192));
#5009 = CARTESIAN_POINT('',(-1.570796326795,47.199934895833));
#5010 = ( GEOMETRIC_REPRESENTATION_CONTEXT(2) 
PARAMETRIC_REPRESENTATION_CONTEXT() REPRESENTATION_CONTEXT('2D SPACE',''
  ) );
#5011 = PCURVE('',#4663,#5012);
#5012 = DEFINITIONAL_REPRESENTATION('',(#5013),#5022);
#5013 = B_SPLINE_CURVE_WITH_KNOTS('',7,(#5014,#5015,#5016,#5017,#5018,
    #5019,#5020,#5021),.UNSPECIFIED.,.F.,.F.,(8,8),(0.,1.570796326795),
  .PIECEWISE_BEZIER_KNOTS.);
#5014 = CARTESIAN_POINT('',(0.,0.));
#5015 = CARTESIAN_POINT('',(-0.224399475256,7.694682774887E-17));
#5016 = CARTESIAN_POINT('',(-0.448798950513,8.224814165398E-02));
#5017 = CARTESIAN_POINT('',(-0.673198425769,0.246732493525));
#5018 = CARTESIAN_POINT('',(-0.897597901026,0.483354443917));
#5019 = CARTESIAN_POINT('',(-1.121997376282,0.771682744953));
#5020 = CARTESIAN_POINT('',(-1.346396851538,1.085840734641));
#5021 = CARTESIAN_POINT('',(-1.570796326795,1.4));
#5022 = ( GEOMETRIC_REPRESENTATION_CONTEXT(2) 
PARAMETRIC_REPRESENTATION_CONTEXT() REPRESENTATION_CONTEXT('2D SPACE',''
  ) );
#5023 = ORIENTED_EDGE('',*,*,#4874,.F.);
#5024 = ADVANCED_FACE('',(#5025),#4952,.T.);
#5025 = FACE_BOUND('',#5026,.F.);
#5026 = EDGE_LOOP('',(#5027,#5068,#5089,#5090));
#5027 = ORIENTED_EDGE('',*,*,#5028,.T.);
#5028 = EDGE_CURVE('',#5029,#5031,#5033,.T.);
#5029 = VERTEX_POINT('',#5030);
#5030 = CARTESIAN_POINT('',(-43.28095544064,-25.4798828325,14.6));
#5031 = VERTEX_POINT('',#5032);
#5032 = CARTESIAN_POINT('',(-41.88095544064,-26.00334984335,16.));
#5033 = SURFACE_CURVE('',#5034,(#5039,#5051),.PCURVE_S1.);
#5034 = ELLIPSE('',#5035,1.494663076234,1.4);
#5035 = AXIS2_PLACEMENT_3D('',#5036,#5037,#5038);
#5036 = CARTESIAN_POINT('',(-41.88095544064,-26.00334984335,14.6));
#5037 = DIRECTION('',(0.350224086741,0.936665943155,0.));
#5038 = DIRECTION('',(0.936665943155,-0.350224086741,0.));
#5039 = PCURVE('',#4952,#5040);
#5040 = DEFINITIONAL_REPRESENTATION('',(#5041),#5050);
#5041 = B_SPLINE_CURVE_WITH_KNOTS('',7,(#5042,#5043,#5044,#5045,#5046,
    #5047,#5048,#5049),.UNSPECIFIED.,.F.,.F.,(8,8),(3.14159265359,
    4.712388980385),.PIECEWISE_BEZIER_KNOTS.);
#5042 = CARTESIAN_POINT('',(0.,-3.552713678801E-15));
#5043 = CARTESIAN_POINT('',(-0.224399475256,-3.538328276687E-15));
#5044 = CARTESIAN_POINT('',(-0.448798950513,3.075299204307E-02));
#5045 = CARTESIAN_POINT('',(-0.673198425769,9.225451490512E-02));
#5046 = CARTESIAN_POINT('',(-0.897597901026,0.180728647102));
#5047 = CARTESIAN_POINT('',(-1.121997376282,0.288536042737));
#5048 = CARTESIAN_POINT('',(-1.346396851538,0.406001288308));
#5049 = CARTESIAN_POINT('',(-1.570796326795,0.523467010859));
#5050 = ( GEOMETRIC_REPRESENTATION_CONTEXT(2) 
PARAMETRIC_REPRESENTATION_CONTEXT() REPRESENTATION_CONTEXT('2D SPACE',''
  ) );
#5051 = PCURVE('',#5052,#5057);
#5052 = CYLINDRICAL_SURFACE('',#5053,1.4);
#5053 = AXIS2_PLACEMENT_3D('',#5054,#5055,#5056);
#5054 = CARTESIAN_POINT('',(-7.624459895426,13.401401526337,14.6));
#5055 = DIRECTION('',(-0.656085949045,-0.754686178133,0.));
#5056 = DIRECTION('',(-0.754686178133,0.656085949045,0.));
#5057 = DEFINITIONAL_REPRESENTATION('',(#5058),#5067);
#5058 = B_SPLINE_CURVE_WITH_KNOTS('',7,(#5059,#5060,#5061,#5062,#5063,
    #5064,#5065,#5066),.UNSPECIFIED.,.F.,.F.,(8,8),(3.14159265359,
    4.712388980385),.PIECEWISE_BEZIER_KNOTS.);
#5059 = CARTESIAN_POINT('',(0.,52.736893613096));
#5060 = CARTESIAN_POINT('',(-0.224399475256,52.736893613096));
#5061 = CARTESIAN_POINT('',(-0.448798950513,52.706140621056));
#5062 = CARTESIAN_POINT('',(-0.673198425769,52.644639098195));
#5063 = CARTESIAN_POINT('',(-0.897597901026,52.556164966001));
#5064 = CARTESIAN_POINT('',(-1.121997376282,52.448357570363));
#5065 = CARTESIAN_POINT('',(-1.346396851538,52.330892324788));
#5066 = CARTESIAN_POINT('',(-1.570796326795,52.213426602238));
#5067 = ( GEOMETRIC_REPRESENTATION_CONTEXT(2) 
PARAMETRIC_REPRESENTATION_CONTEXT() REPRESENTATION_CONTEXT('2D SPACE',''
  ) );
#5068 = ORIENTED_EDGE('',*,*,#5069,.T.);
#5069 = EDGE_CURVE('',#5031,#4931,#5070,.T.);
#5070 = SURFACE_CURVE('',#5071,(#5075,#5082),.PCURVE_S1.);
#5071 = LINE('',#5072,#5073);
#5072 = CARTESIAN_POINT('',(-41.88095544064,-25.4798828325,16.));
#5073 = VECTOR('',#5074,1.);
#5074 = DIRECTION('',(0.,-1.,0.));
#5075 = PCURVE('',#4952,#5076);
#5076 = DEFINITIONAL_REPRESENTATION('',(#5077),#5081);
#5077 = LINE('',#5078,#5079);
#5078 = CARTESIAN_POINT('',(-1.570796326795,0.));
#5079 = VECTOR('',#5080,1.);
#5080 = DIRECTION('',(-0.,1.));
#5081 = ( GEOMETRIC_REPRESENTATION_CONTEXT(2) 
PARAMETRIC_REPRESENTATION_CONTEXT() REPRESENTATION_CONTEXT('2D SPACE',''
  ) );
#5082 = PCURVE('',#2251,#5083);
#5083 = DEFINITIONAL_REPRESENTATION('',(#5084),#5088);
#5084 = LINE('',#5085,#5086);
#5085 = CARTESIAN_POINT('',(5.999934895833,16.800130208333));
#5086 = VECTOR('',#5087,1.);
#5087 = DIRECTION('',(0.,-1.));
#5088 = ( GEOMETRIC_REPRESENTATION_CONTEXT(2) 
PARAMETRIC_REPRESENTATION_CONTEXT() REPRESENTATION_CONTEXT('2D SPACE',''
  ) );
#5089 = ORIENTED_EDGE('',*,*,#4930,.F.);
#5090 = ORIENTED_EDGE('',*,*,#5091,.F.);
#5091 = EDGE_CURVE('',#5029,#4847,#5092,.T.);
#5092 = SURFACE_CURVE('',#5093,(#5097,#5104),.PCURVE_S1.);
#5093 = LINE('',#5094,#5095);
#5094 = CARTESIAN_POINT('',(-43.28095544064,-25.4798828325,14.6));
#5095 = VECTOR('',#5096,1.);
#5096 = DIRECTION('',(0.,-1.,0.));
#5097 = PCURVE('',#4952,#5098);
#5098 = DEFINITIONAL_REPRESENTATION('',(#5099),#5103);
#5099 = LINE('',#5100,#5101);
#5100 = CARTESIAN_POINT('',(-0.,0.));
#5101 = VECTOR('',#5102,1.);
#5102 = DIRECTION('',(-0.,1.));
#5103 = ( GEOMETRIC_REPRESENTATION_CONTEXT(2) 
PARAMETRIC_REPRESENTATION_CONTEXT() REPRESENTATION_CONTEXT('2D SPACE',''
  ) );
#5104 = PCURVE('',#4862,#5105);
#5105 = DEFINITIONAL_REPRESENTATION('',(#5106),#5110);
#5106 = LINE('',#5107,#5108);
#5107 = CARTESIAN_POINT('',(0.,-20.6));
#5108 = VECTOR('',#5109,1.);
#5109 = DIRECTION('',(1.,0.));
#5110 = ( GEOMETRIC_REPRESENTATION_CONTEXT(2) 
PARAMETRIC_REPRESENTATION_CONTEXT() REPRESENTATION_CONTEXT('2D SPACE',''
  ) );
#5111 = ADVANCED_FACE('',(#5112),#5052,.T.);
#5112 = FACE_BOUND('',#5113,.F.);
#5113 = EDGE_LOOP('',(#5114,#5155,#5176,#5177));
#5114 = ORIENTED_EDGE('',*,*,#5115,.T.);
#5115 = EDGE_CURVE('',#5116,#5118,#5120,.T.);
#5116 = VERTEX_POINT('',#5117);
#5117 = CARTESIAN_POINT('',(-8.681020544813,14.319921855,14.6));
#5118 = VERTEX_POINT('',#5119);
#5119 = CARTESIAN_POINT('',(-7.281020544813,13.796454844141,16.));
#5120 = SURFACE_CURVE('',#5121,(#5126,#5138),.PCURVE_S1.);
#5121 = ELLIPSE('',#5122,1.494663076234,1.4);
#5122 = AXIS2_PLACEMENT_3D('',#5123,#5124,#5125);
#5123 = CARTESIAN_POINT('',(-7.281020544813,13.796454844141,14.6));
#5124 = DIRECTION('',(0.350224086741,0.936665943155,0.));
#5125 = DIRECTION('',(0.936665943155,-0.350224086741,0.));
#5126 = PCURVE('',#5052,#5127);
#5127 = DEFINITIONAL_REPRESENTATION('',(#5128),#5137);
#5128 = B_SPLINE_CURVE_WITH_KNOTS('',7,(#5129,#5130,#5131,#5132,#5133,
    #5134,#5135,#5136),.UNSPECIFIED.,.F.,.F.,(8,8),(3.14159265359,
    4.712388980385),.PIECEWISE_BEZIER_KNOTS.);
#5129 = CARTESIAN_POINT('',(0.,-3.552713678801E-15));
#5130 = CARTESIAN_POINT('',(-0.224399475256,-3.567099080914E-15));
#5131 = CARTESIAN_POINT('',(-0.448798950513,-3.075299204308E-02));
#5132 = CARTESIAN_POINT('',(-0.673198425769,-9.225451490514E-02));
#5133 = CARTESIAN_POINT('',(-0.897597901026,-0.180728647102));
#5134 = CARTESIAN_POINT('',(-1.121997376282,-0.288536042737));
#5135 = CARTESIAN_POINT('',(-1.346396851538,-0.406001288308));
#5136 = CARTESIAN_POINT('',(-1.570796326795,-0.523467010859));
#5137 = ( GEOMETRIC_REPRESENTATION_CONTEXT(2) 
PARAMETRIC_REPRESENTATION_CONTEXT() REPRESENTATION_CONTEXT('2D SPACE',''
  ) );
#5138 = PCURVE('',#5139,#5144);
#5139 = CYLINDRICAL_SURFACE('',#5140,1.4);
#5140 = AXIS2_PLACEMENT_3D('',#5141,#5142,#5143);
#5141 = CARTESIAN_POINT('',(-7.281020544813,15.919856750833,14.6));
#5142 = DIRECTION('',(0.,-1.,0.));
#5143 = DIRECTION('',(-1.,-0.,0.));
#5144 = DEFINITIONAL_REPRESENTATION('',(#5145),#5154);
#5145 = B_SPLINE_CURVE_WITH_KNOTS('',7,(#5146,#5147,#5148,#5149,#5150,
    #5151,#5152,#5153),.UNSPECIFIED.,.F.,.F.,(8,8),(3.14159265359,
    4.712388980385),.PIECEWISE_BEZIER_KNOTS.);
#5146 = CARTESIAN_POINT('',(0.,1.599934895833));
#5147 = CARTESIAN_POINT('',(-0.224399475256,1.599934895833));
#5148 = CARTESIAN_POINT('',(-0.448798950513,1.630687887877));
#5149 = CARTESIAN_POINT('',(-0.673198425769,1.692189410738));
#5150 = CARTESIAN_POINT('',(-0.897597901026,1.780663542936));
#5151 = CARTESIAN_POINT('',(-1.121997376282,1.88847093857));
#5152 = CARTESIAN_POINT('',(-1.346396851538,2.005936184141));
#5153 = CARTESIAN_POINT('',(-1.570796326795,2.123401906692));
#5154 = ( GEOMETRIC_REPRESENTATION_CONTEXT(2) 
PARAMETRIC_REPRESENTATION_CONTEXT() REPRESENTATION_CONTEXT('2D SPACE',''
  ) );
#5155 = ORIENTED_EDGE('',*,*,#5156,.T.);
#5156 = EDGE_CURVE('',#5118,#5031,#5157,.T.);
#5157 = SURFACE_CURVE('',#5158,(#5162,#5169),.PCURVE_S1.);
#5158 = LINE('',#5159,#5160);
#5159 = CARTESIAN_POINT('',(-7.624459895426,13.401401526337,16.));
#5160 = VECTOR('',#5161,1.);
#5161 = DIRECTION('',(-0.656085949045,-0.754686178133,0.));
#5162 = PCURVE('',#5052,#5163);
#5163 = DEFINITIONAL_REPRESENTATION('',(#5164),#5168);
#5164 = LINE('',#5165,#5166);
#5165 = CARTESIAN_POINT('',(-1.570796326795,0.));
#5166 = VECTOR('',#5167,1.);
#5167 = DIRECTION('',(-0.,1.));
#5168 = ( GEOMETRIC_REPRESENTATION_CONTEXT(2) 
PARAMETRIC_REPRESENTATION_CONTEXT() REPRESENTATION_CONTEXT('2D SPACE',''
  ) );
#5169 = PCURVE('',#2251,#5170);
#5170 = DEFINITIONAL_REPRESENTATION('',(#5171),#5175);
#5171 = LINE('',#5172,#5173);
#5172 = CARTESIAN_POINT('',(40.256430441054,55.68141456717));
#5173 = VECTOR('',#5174,1.);
#5174 = DIRECTION('',(-0.656085949045,-0.754686178133));
#5175 = ( GEOMETRIC_REPRESENTATION_CONTEXT(2) 
PARAMETRIC_REPRESENTATION_CONTEXT() REPRESENTATION_CONTEXT('2D SPACE',''
  ) );
#5176 = ORIENTED_EDGE('',*,*,#5028,.F.);
#5177 = ORIENTED_EDGE('',*,*,#5178,.F.);
#5178 = EDGE_CURVE('',#5116,#5029,#5179,.T.);
#5179 = SURFACE_CURVE('',#5180,(#5184,#5191),.PCURVE_S1.);
#5180 = LINE('',#5181,#5182);
#5181 = CARTESIAN_POINT('',(-8.681020544813,14.319921855,14.6));
#5182 = VECTOR('',#5183,1.);
#5183 = DIRECTION('',(-0.656085949045,-0.754686178133,0.));
#5184 = PCURVE('',#5052,#5185);
#5185 = DEFINITIONAL_REPRESENTATION('',(#5186),#5190);
#5186 = LINE('',#5187,#5188);
#5187 = CARTESIAN_POINT('',(-0.,0.));
#5188 = VECTOR('',#5189,1.);
#5189 = DIRECTION('',(-0.,1.));
#5190 = ( GEOMETRIC_REPRESENTATION_CONTEXT(2) 
PARAMETRIC_REPRESENTATION_CONTEXT() REPRESENTATION_CONTEXT('2D SPACE',''
  ) );
#5191 = PCURVE('',#5192,#5197);
#5192 = PLANE('',#5193);
#5193 = AXIS2_PLACEMENT_3D('',#5194,#5195,#5196);
#5194 = CARTESIAN_POINT('',(-8.681020544813,14.319921855,-6.));
#5195 = DIRECTION('',(0.754686178133,-0.656085949045,0.));
#5196 = DIRECTION('',(-0.656085949045,-0.754686178133,0.));
#5197 = DEFINITIONAL_REPRESENTATION('',(#5198),#5202);
#5198 = LINE('',#5199,#5200);
#5199 = CARTESIAN_POINT('',(-3.552713678801E-15,-20.6));
#5200 = VECTOR('',#5201,1.);
#5201 = DIRECTION('',(1.,0.));
#5202 = ( GEOMETRIC_REPRESENTATION_CONTEXT(2) 
PARAMETRIC_REPRESENTATION_CONTEXT() REPRESENTATION_CONTEXT('2D SPACE',''
  ) );
#5203 = ADVANCED_FACE('',(#5204),#5192,.F.);
#5204 = FACE_BOUND('',#5205,.F.);
#5205 = EDGE_LOOP('',(#5206,#5234,#5235,#5258));
#5206 = ORIENTED_EDGE('',*,*,#5207,.T.);
#5207 = EDGE_CURVE('',#5208,#5116,#5210,.T.);
#5208 = VERTEX_POINT('',#5209);
#5209 = CARTESIAN_POINT('',(-8.681020544813,14.319921855,-4.6));
#5210 = SURFACE_CURVE('',#5211,(#5215,#5222),.PCURVE_S1.);
#5211 = LINE('',#5212,#5213);
#5212 = CARTESIAN_POINT('',(-8.681020544813,14.319921855,-6.));
#5213 = VECTOR('',#5214,1.);
#5214 = DIRECTION('',(0.,0.,1.));
#5215 = PCURVE('',#5192,#5216);
#5216 = DEFINITIONAL_REPRESENTATION('',(#5217),#5221);
#5217 = LINE('',#5218,#5219);
#5218 = CARTESIAN_POINT('',(0.,0.));
#5219 = VECTOR('',#5220,1.);
#5220 = DIRECTION('',(0.,-1.));
#5221 = ( GEOMETRIC_REPRESENTATION_CONTEXT(2) 
PARAMETRIC_REPRESENTATION_CONTEXT() REPRESENTATION_CONTEXT('2D SPACE',''
  ) );
#5222 = PCURVE('',#5223,#5228);
#5223 = PLANE('',#5224);
#5224 = AXIS2_PLACEMENT_3D('',#5225,#5226,#5227);
#5225 = CARTESIAN_POINT('',(-8.681020544813,15.919856750833,-6.));
#5226 = DIRECTION('',(1.,0.,-0.));
#5227 = DIRECTION('',(0.,-1.,0.));
#5228 = DEFINITIONAL_REPRESENTATION('',(#5229),#5233);
#5229 = LINE('',#5230,#5231);
#5230 = CARTESIAN_POINT('',(1.599934895833,0.));
#5231 = VECTOR('',#5232,1.);
#5232 = DIRECTION('',(0.,-1.));
#5233 = ( GEOMETRIC_REPRESENTATION_CONTEXT(2) 
PARAMETRIC_REPRESENTATION_CONTEXT() REPRESENTATION_CONTEXT('2D SPACE',''
  ) );
#5234 = ORIENTED_EDGE('',*,*,#5178,.T.);
#5235 = ORIENTED_EDGE('',*,*,#5236,.F.);
#5236 = EDGE_CURVE('',#5237,#5029,#5239,.T.);
#5237 = VERTEX_POINT('',#5238);
#5238 = CARTESIAN_POINT('',(-43.28095544064,-25.4798828325,-4.6));
#5239 = SURFACE_CURVE('',#5240,(#5244,#5251),.PCURVE_S1.);
#5240 = LINE('',#5241,#5242);
#5241 = CARTESIAN_POINT('',(-43.28095544064,-25.4798828325,-6.));
#5242 = VECTOR('',#5243,1.);
#5243 = DIRECTION('',(0.,0.,1.));
#5244 = PCURVE('',#5192,#5245);
#5245 = DEFINITIONAL_REPRESENTATION('',(#5246),#5250);
#5246 = LINE('',#5247,#5248);
#5247 = CARTESIAN_POINT('',(52.736893613096,0.));
#5248 = VECTOR('',#5249,1.);
#5249 = DIRECTION('',(0.,-1.));
#5250 = ( GEOMETRIC_REPRESENTATION_CONTEXT(2) 
PARAMETRIC_REPRESENTATION_CONTEXT() REPRESENTATION_CONTEXT('2D SPACE',''
  ) );
#5251 = PCURVE('',#4862,#5252);
#5252 = DEFINITIONAL_REPRESENTATION('',(#5253),#5257);
#5253 = LINE('',#5254,#5255);
#5254 = CARTESIAN_POINT('',(3.552713678801E-15,0.));
#5255 = VECTOR('',#5256,1.);
#5256 = DIRECTION('',(0.,-1.));
#5257 = ( GEOMETRIC_REPRESENTATION_CONTEXT(2) 
PARAMETRIC_REPRESENTATION_CONTEXT() REPRESENTATION_CONTEXT('2D SPACE',''
  ) );
#5258 = ORIENTED_EDGE('',*,*,#5259,.F.);
#5259 = EDGE_CURVE('',#5208,#5237,#5260,.T.);
#5260 = SURFACE_CURVE('',#5261,(#5265,#5272),.PCURVE_S1.);
#5261 = LINE('',#5262,#5263);
#5262 = CARTESIAN_POINT('',(-8.681020544813,14.319921855,-4.6));
#5263 = VECTOR('',#5264,1.);
#5264 = DIRECTION('',(-0.656085949045,-0.754686178133,0.));
#5265 = PCURVE('',#5192,#5266);
#5266 = DEFINITIONAL_REPRESENTATION('',(#5267),#5271);
#5267 = LINE('',#5268,#5269);
#5268 = CARTESIAN_POINT('',(-3.552713678801E-15,-1.4));
#5269 = VECTOR('',#5270,1.);
#5270 = DIRECTION('',(1.,0.));
#5271 = ( GEOMETRIC_REPRESENTATION_CONTEXT(2) 
PARAMETRIC_REPRESENTATION_CONTEXT() REPRESENTATION_CONTEXT('2D SPACE',''
  ) );
#5272 = PCURVE('',#5273,#5278);
#5273 = CYLINDRICAL_SURFACE('',#5274,1.4);
#5274 = AXIS2_PLACEMENT_3D('',#5275,#5276,#5277);
#5275 = CARTESIAN_POINT('',(-7.624459895426,13.401401526337,-4.6));
#5276 = DIRECTION('',(-0.656085949045,-0.754686178133,0.));
#5277 = DIRECTION('',(-0.754686178133,0.656085949045,0.));
#5278 = DEFINITIONAL_REPRESENTATION('',(#5279),#5283);
#5279 = LINE('',#5280,#5281);
#5280 = CARTESIAN_POINT('',(0.,0.));
#5281 = VECTOR('',#5282,1.);
#5282 = DIRECTION('',(0.,1.));
#5283 = ( GEOMETRIC_REPRESENTATION_CONTEXT(2) 
PARAMETRIC_REPRESENTATION_CONTEXT() REPRESENTATION_CONTEXT('2D SPACE',''
  ) );
#5284 = ADVANCED_FACE('',(#5285),#5273,.T.);
#5285 = FACE_BOUND('',#5286,.T.);
#5286 = EDGE_LOOP('',(#5287,#5326,#5354,#5391));
#5287 = ORIENTED_EDGE('',*,*,#5288,.T.);
#5288 = EDGE_CURVE('',#5208,#5289,#5291,.T.);
#5289 = VERTEX_POINT('',#5290);
#5290 = CARTESIAN_POINT('',(-7.281020544813,13.796454844141,-6.));
#5291 = SURFACE_CURVE('',#5292,(#5297,#5309),.PCURVE_S1.);
#5292 = ELLIPSE('',#5293,1.494663076234,1.4);
#5293 = AXIS2_PLACEMENT_3D('',#5294,#5295,#5296);
#5294 = CARTESIAN_POINT('',(-7.281020544813,13.796454844141,-4.6));
#5295 = DIRECTION('',(-0.350224086741,-0.936665943155,0.));
#5296 = DIRECTION('',(0.936665943155,-0.350224086741,0.));
#5297 = PCURVE('',#5273,#5298);
#5298 = DEFINITIONAL_REPRESENTATION('',(#5299),#5308);
#5299 = B_SPLINE_CURVE_WITH_KNOTS('',7,(#5300,#5301,#5302,#5303,#5304,
    #5305,#5306,#5307),.UNSPECIFIED.,.F.,.F.,(8,8),(3.14159265359,
    4.712388980385),.PIECEWISE_BEZIER_KNOTS.);
#5300 = CARTESIAN_POINT('',(0.,-3.552713678801E-15));
#5301 = CARTESIAN_POINT('',(0.224399475256,-3.538328276687E-15));
#5302 = CARTESIAN_POINT('',(0.448798950513,-3.075299204308E-02));
#5303 = CARTESIAN_POINT('',(0.67319842577,-9.225451490514E-02));
#5304 = CARTESIAN_POINT('',(0.897597901025,-0.180728647102));
#5305 = CARTESIAN_POINT('',(1.121997376282,-0.288536042737));
#5306 = CARTESIAN_POINT('',(1.346396851538,-0.406001288308));
#5307 = CARTESIAN_POINT('',(1.570796326795,-0.523467010859));
#5308 = ( GEOMETRIC_REPRESENTATION_CONTEXT(2) 
PARAMETRIC_REPRESENTATION_CONTEXT() REPRESENTATION_CONTEXT('2D SPACE',''
  ) );
#5309 = PCURVE('',#5310,#5315);
#5310 = CYLINDRICAL_SURFACE('',#5311,1.4);
#5311 = AXIS2_PLACEMENT_3D('',#5312,#5313,#5314);
#5312 = CARTESIAN_POINT('',(-7.281020544813,15.919856750833,-4.6));
#5313 = DIRECTION('',(0.,-1.,0.));
#5314 = DIRECTION('',(-1.,-0.,0.));
#5315 = DEFINITIONAL_REPRESENTATION('',(#5316),#5325);
#5316 = B_SPLINE_CURVE_WITH_KNOTS('',7,(#5317,#5318,#5319,#5320,#5321,
    #5322,#5323,#5324),.UNSPECIFIED.,.F.,.F.,(8,8),(3.14159265359,
    4.712388980385),.PIECEWISE_BEZIER_KNOTS.);
#5317 = CARTESIAN_POINT('',(0.,1.599934895833));
#5318 = CARTESIAN_POINT('',(0.224399475256,1.599934895833));
#5319 = CARTESIAN_POINT('',(0.448798950513,1.630687887876));
#5320 = CARTESIAN_POINT('',(0.673198425769,1.692189410739));
#5321 = CARTESIAN_POINT('',(0.897597901025,1.780663542935));
#5322 = CARTESIAN_POINT('',(1.121997376282,1.888470938571));
#5323 = CARTESIAN_POINT('',(1.346396851538,2.005936184141));
#5324 = CARTESIAN_POINT('',(1.570796326795,2.123401906692));
#5325 = ( GEOMETRIC_REPRESENTATION_CONTEXT(2) 
PARAMETRIC_REPRESENTATION_CONTEXT() REPRESENTATION_CONTEXT('2D SPACE',''
  ) );
#5326 = ORIENTED_EDGE('',*,*,#5327,.T.);
#5327 = EDGE_CURVE('',#5289,#5328,#5330,.T.);
#5328 = VERTEX_POINT('',#5329);
#5329 = CARTESIAN_POINT('',(-41.88095544064,-26.00334984335,-6.));
#5330 = SURFACE_CURVE('',#5331,(#5335,#5342),.PCURVE_S1.);
#5331 = LINE('',#5332,#5333);
#5332 = CARTESIAN_POINT('',(-7.624459895426,13.401401526337,-6.));
#5333 = VECTOR('',#5334,1.);
#5334 = DIRECTION('',(-0.656085949045,-0.754686178133,0.));
#5335 = PCURVE('',#5273,#5336);
#5336 = DEFINITIONAL_REPRESENTATION('',(#5337),#5341);
#5337 = LINE('',#5338,#5339);
#5338 = CARTESIAN_POINT('',(1.570796326795,0.));
#5339 = VECTOR('',#5340,1.);
#5340 = DIRECTION('',(0.,1.));
#5341 = ( GEOMETRIC_REPRESENTATION_CONTEXT(2) 
PARAMETRIC_REPRESENTATION_CONTEXT() REPRESENTATION_CONTEXT('2D SPACE',''
  ) );
#5342 = PCURVE('',#5343,#5348);
#5343 = PLANE('',#5344);
#5344 = AXIS2_PLACEMENT_3D('',#5345,#5346,#5347);
#5345 = CARTESIAN_POINT('',(-47.88089033647,-42.28001304083,-6.));
#5346 = DIRECTION('',(0.,0.,1.));
#5347 = DIRECTION('',(1.,0.,0.));
#5348 = DEFINITIONAL_REPRESENTATION('',(#5349),#5353);
#5349 = LINE('',#5350,#5351);
#5350 = CARTESIAN_POINT('',(40.256430441054,55.68141456717));
#5351 = VECTOR('',#5352,1.);
#5352 = DIRECTION('',(-0.656085949045,-0.754686178133));
#5353 = ( GEOMETRIC_REPRESENTATION_CONTEXT(2) 
PARAMETRIC_REPRESENTATION_CONTEXT() REPRESENTATION_CONTEXT('2D SPACE',''
  ) );
#5354 = ORIENTED_EDGE('',*,*,#5355,.F.);
#5355 = EDGE_CURVE('',#5237,#5328,#5356,.T.);
#5356 = SURFACE_CURVE('',#5357,(#5362,#5374),.PCURVE_S1.);
#5357 = ELLIPSE('',#5358,1.494663076234,1.4);
#5358 = AXIS2_PLACEMENT_3D('',#5359,#5360,#5361);
#5359 = CARTESIAN_POINT('',(-41.88095544064,-26.00334984335,-4.6));
#5360 = DIRECTION('',(-0.350224086741,-0.936665943155,0.));
#5361 = DIRECTION('',(0.936665943155,-0.350224086741,0.));
#5362 = PCURVE('',#5273,#5363);
#5363 = DEFINITIONAL_REPRESENTATION('',(#5364),#5373);
#5364 = B_SPLINE_CURVE_WITH_KNOTS('',7,(#5365,#5366,#5367,#5368,#5369,
    #5370,#5371,#5372),.UNSPECIFIED.,.F.,.F.,(8,8),(3.14159265359,
    4.712388980385),.PIECEWISE_BEZIER_KNOTS.);
#5365 = CARTESIAN_POINT('',(0.,52.736893613096));
#5366 = CARTESIAN_POINT('',(0.224399475256,52.736893613096));
#5367 = CARTESIAN_POINT('',(0.448798950513,52.706140621056));
#5368 = CARTESIAN_POINT('',(0.673198425769,52.644639098195));
#5369 = CARTESIAN_POINT('',(0.897597901026,52.556164965994));
#5370 = CARTESIAN_POINT('',(1.121997376282,52.448357570358));
#5371 = CARTESIAN_POINT('',(1.346396851538,52.330892324788));
#5372 = CARTESIAN_POINT('',(1.570796326795,52.213426602238));
#5373 = ( GEOMETRIC_REPRESENTATION_CONTEXT(2) 
PARAMETRIC_REPRESENTATION_CONTEXT() REPRESENTATION_CONTEXT('2D SPACE',''
  ) );
#5374 = PCURVE('',#5375,#5380);
#5375 = CYLINDRICAL_SURFACE('',#5376,1.4);
#5376 = AXIS2_PLACEMENT_3D('',#5377,#5378,#5379);
#5377 = CARTESIAN_POINT('',(-41.88095544064,-25.4798828325,-4.6));
#5378 = DIRECTION('',(0.,-1.,0.));
#5379 = DIRECTION('',(-1.,-0.,0.));
#5380 = DEFINITIONAL_REPRESENTATION('',(#5381),#5390);
#5381 = B_SPLINE_CURVE_WITH_KNOTS('',7,(#5382,#5383,#5384,#5385,#5386,
    #5387,#5388,#5389),.UNSPECIFIED.,.F.,.F.,(8,8),(3.14159265359,
    4.712388980385),.PIECEWISE_BEZIER_KNOTS.);
#5382 = CARTESIAN_POINT('',(0.,-3.552713678801E-15));
#5383 = CARTESIAN_POINT('',(0.224399475256,-3.567099080914E-15));
#5384 = CARTESIAN_POINT('',(0.448798950513,3.075299204308E-02));
#5385 = CARTESIAN_POINT('',(0.67319842577,9.225451490509E-02));
#5386 = CARTESIAN_POINT('',(0.897597901025,0.180728647102));
#5387 = CARTESIAN_POINT('',(1.121997376282,0.288536042737));
#5388 = CARTESIAN_POINT('',(1.346396851538,0.406001288308));
#5389 = CARTESIAN_POINT('',(1.570796326795,0.523467010859));
#5390 = ( GEOMETRIC_REPRESENTATION_CONTEXT(2) 
PARAMETRIC_REPRESENTATION_CONTEXT() REPRESENTATION_CONTEXT('2D SPACE',''
  ) );
#5391 = ORIENTED_EDGE('',*,*,#5259,.F.);
#5392 = ADVANCED_FACE('',(#5393),#5375,.T.);
#5393 = FACE_BOUND('',#5394,.T.);
#5394 = EDGE_LOOP('',(#5395,#5396,#5419,#5451));
#5395 = ORIENTED_EDGE('',*,*,#5355,.T.);
#5396 = ORIENTED_EDGE('',*,*,#5397,.T.);
#5397 = EDGE_CURVE('',#5328,#5398,#5400,.T.);
#5398 = VERTEX_POINT('',#5399);
#5399 = CARTESIAN_POINT('',(-41.88095544064,-40.88001304083,-6.));
#5400 = SURFACE_CURVE('',#5401,(#5405,#5412),.PCURVE_S1.);
#5401 = LINE('',#5402,#5403);
#5402 = CARTESIAN_POINT('',(-41.88095544064,-25.4798828325,-6.));
#5403 = VECTOR('',#5404,1.);
#5404 = DIRECTION('',(0.,-1.,0.));
#5405 = PCURVE('',#5375,#5406);
#5406 = DEFINITIONAL_REPRESENTATION('',(#5407),#5411);
#5407 = LINE('',#5408,#5409);
#5408 = CARTESIAN_POINT('',(1.570796326795,0.));
#5409 = VECTOR('',#5410,1.);
#5410 = DIRECTION('',(0.,1.));
#5411 = ( GEOMETRIC_REPRESENTATION_CONTEXT(2) 
PARAMETRIC_REPRESENTATION_CONTEXT() REPRESENTATION_CONTEXT('2D SPACE',''
  ) );
#5412 = PCURVE('',#5343,#5413);
#5413 = DEFINITIONAL_REPRESENTATION('',(#5414),#5418);
#5414 = LINE('',#5415,#5416);
#5415 = CARTESIAN_POINT('',(5.999934895833,16.800130208333));
#5416 = VECTOR('',#5417,1.);
#5417 = DIRECTION('',(0.,-1.));
#5418 = ( GEOMETRIC_REPRESENTATION_CONTEXT(2) 
PARAMETRIC_REPRESENTATION_CONTEXT() REPRESENTATION_CONTEXT('2D SPACE',''
  ) );
#5419 = ORIENTED_EDGE('',*,*,#5420,.F.);
#5420 = EDGE_CURVE('',#4845,#5398,#5421,.T.);
#5421 = SURFACE_CURVE('',#5422,(#5427,#5439),.PCURVE_S1.);
#5422 = ELLIPSE('',#5423,1.979898987322,1.4);
#5423 = AXIS2_PLACEMENT_3D('',#5424,#5425,#5426);
#5424 = CARTESIAN_POINT('',(-41.88095544064,-40.88001304083,-4.6));
#5425 = DIRECTION('',(0.707106781187,-0.707106781187,0.));
#5426 = DIRECTION('',(-0.707106781187,-0.707106781187,0.));
#5427 = PCURVE('',#5375,#5428);
#5428 = DEFINITIONAL_REPRESENTATION('',(#5429),#5438);
#5429 = B_SPLINE_CURVE_WITH_KNOTS('',7,(#5430,#5431,#5432,#5433,#5434,
    #5435,#5436,#5437),.UNSPECIFIED.,.F.,.F.,(8,8),(0.,1.570796326795),
  .PIECEWISE_BEZIER_KNOTS.);
#5430 = CARTESIAN_POINT('',(0.,16.800130208333));
#5431 = CARTESIAN_POINT('',(0.224399475256,16.800130208333));
#5432 = CARTESIAN_POINT('',(0.448798950513,16.717882066679));
#5433 = CARTESIAN_POINT('',(0.67319842577,16.553397714812));
#5434 = CARTESIAN_POINT('',(0.897597901025,16.31677576441));
#5435 = CARTESIAN_POINT('',(1.121997376282,16.028447463381));
#5436 = CARTESIAN_POINT('',(1.346396851538,15.714289473692));
#5437 = CARTESIAN_POINT('',(1.570796326795,15.400130208333));
#5438 = ( GEOMETRIC_REPRESENTATION_CONTEXT(2) 
PARAMETRIC_REPRESENTATION_CONTEXT() REPRESENTATION_CONTEXT('2D SPACE',''
  ) );
#5439 = PCURVE('',#4915,#5440);
#5440 = DEFINITIONAL_REPRESENTATION('',(#5441),#5450);
#5441 = B_SPLINE_CURVE_WITH_KNOTS('',7,(#5442,#5443,#5444,#5445,#5446,
    #5447,#5448,#5449),.UNSPECIFIED.,.F.,.F.,(8,8),(0.,1.570796326795),
  .PIECEWISE_BEZIER_KNOTS.);
#5442 = CARTESIAN_POINT('',(0.,0.));
#5443 = CARTESIAN_POINT('',(0.224399475256,0.));
#5444 = CARTESIAN_POINT('',(0.448798950513,8.224814165399E-02));
#5445 = CARTESIAN_POINT('',(0.673198425769,0.246732493525));
#5446 = CARTESIAN_POINT('',(0.897597901026,0.483354443917));
#5447 = CARTESIAN_POINT('',(1.121997376282,0.771682744953));
#5448 = CARTESIAN_POINT('',(1.346396851538,1.085840734641));
#5449 = CARTESIAN_POINT('',(1.570796326795,1.4));
#5450 = ( GEOMETRIC_REPRESENTATION_CONTEXT(2) 
PARAMETRIC_REPRESENTATION_CONTEXT() REPRESENTATION_CONTEXT('2D SPACE',''
  ) );
#5451 = ORIENTED_EDGE('',*,*,#5452,.F.);
#5452 = EDGE_CURVE('',#5237,#4845,#5453,.T.);
#5453 = SURFACE_CURVE('',#5454,(#5458,#5465),.PCURVE_S1.);
#5454 = LINE('',#5455,#5456);
#5455 = CARTESIAN_POINT('',(-43.28095544064,-25.4798828325,-4.6));
#5456 = VECTOR('',#5457,1.);
#5457 = DIRECTION('',(0.,-1.,0.));
#5458 = PCURVE('',#5375,#5459);
#5459 = DEFINITIONAL_REPRESENTATION('',(#5460),#5464);
#5460 = LINE('',#5461,#5462);
#5461 = CARTESIAN_POINT('',(0.,0.));
#5462 = VECTOR('',#5463,1.);
#5463 = DIRECTION('',(0.,1.));
#5464 = ( GEOMETRIC_REPRESENTATION_CONTEXT(2) 
PARAMETRIC_REPRESENTATION_CONTEXT() REPRESENTATION_CONTEXT('2D SPACE',''
  ) );
#5465 = PCURVE('',#4862,#5466);
#5466 = DEFINITIONAL_REPRESENTATION('',(#5467),#5471);
#5467 = LINE('',#5468,#5469);
#5468 = CARTESIAN_POINT('',(0.,-1.4));
#5469 = VECTOR('',#5470,1.);
#5470 = DIRECTION('',(1.,0.));
#5471 = ( GEOMETRIC_REPRESENTATION_CONTEXT(2) 
PARAMETRIC_REPRESENTATION_CONTEXT() REPRESENTATION_CONTEXT('2D SPACE',''
  ) );
#5472 = ADVANCED_FACE('',(#5473),#5343,.F.);
#5473 = FACE_BOUND('',#5474,.F.);
#5474 = EDGE_LOOP('',(#5475,#5476,#5499,#5522,#5545,#5573,#5601,#5629,
    #5657,#5685,#5713,#5734));
#5475 = ORIENTED_EDGE('',*,*,#5397,.T.);
#5476 = ORIENTED_EDGE('',*,*,#5477,.T.);
#5477 = EDGE_CURVE('',#5398,#5478,#5480,.T.);
#5478 = VERTEX_POINT('',#5479);
#5479 = CARTESIAN_POINT('',(3.918979455188,-40.88001304083,-6.));
#5480 = SURFACE_CURVE('',#5481,(#5485,#5492),.PCURVE_S1.);
#5481 = LINE('',#5482,#5483);
#5482 = CARTESIAN_POINT('',(-43.28095544064,-40.88001304083,-6.));
#5483 = VECTOR('',#5484,1.);
#5484 = DIRECTION('',(1.,0.,0.));
#5485 = PCURVE('',#5343,#5486);
#5486 = DEFINITIONAL_REPRESENTATION('',(#5487),#5491);
#5487 = LINE('',#5488,#5489);
#5488 = CARTESIAN_POINT('',(4.599934895833,1.4));
#5489 = VECTOR('',#5490,1.);
#5490 = DIRECTION('',(1.,0.));
#5491 = ( GEOMETRIC_REPRESENTATION_CONTEXT(2) 
PARAMETRIC_REPRESENTATION_CONTEXT() REPRESENTATION_CONTEXT('2D SPACE',''
  ) );
#5492 = PCURVE('',#4915,#5493);
#5493 = DEFINITIONAL_REPRESENTATION('',(#5494),#5498);
#5494 = LINE('',#5495,#5496);
#5495 = CARTESIAN_POINT('',(1.570796326795,0.));
#5496 = VECTOR('',#5497,1.);
#5497 = DIRECTION('',(0.,1.));
#5498 = ( GEOMETRIC_REPRESENTATION_CONTEXT(2) 
PARAMETRIC_REPRESENTATION_CONTEXT() REPRESENTATION_CONTEXT('2D SPACE',''
  ) );
#5499 = ORIENTED_EDGE('',*,*,#5500,.T.);
#5500 = EDGE_CURVE('',#5478,#5501,#5503,.T.);
#5501 = VERTEX_POINT('',#5502);
#5502 = CARTESIAN_POINT('',(3.918979455187,-31.8798828325,-6.));
#5503 = SURFACE_CURVE('',#5504,(#5508,#5515),.PCURVE_S1.);
#5504 = LINE('',#5505,#5506);
#5505 = CARTESIAN_POINT('',(3.918979455187,-42.28001304083,-6.));
#5506 = VECTOR('',#5507,1.);
#5507 = DIRECTION('',(0.,1.,0.));
#5508 = PCURVE('',#5343,#5509);
#5509 = DEFINITIONAL_REPRESENTATION('',(#5510),#5514);
#5510 = LINE('',#5511,#5512);
#5511 = CARTESIAN_POINT('',(51.799869791667,0.));
#5512 = VECTOR('',#5513,1.);
#5513 = DIRECTION('',(0.,1.));
#5514 = ( GEOMETRIC_REPRESENTATION_CONTEXT(2) 
PARAMETRIC_REPRESENTATION_CONTEXT() REPRESENTATION_CONTEXT('2D SPACE',''
  ) );
#5515 = PCURVE('',#4607,#5516);
#5516 = DEFINITIONAL_REPRESENTATION('',(#5517),#5521);
#5517 = LINE('',#5518,#5519);
#5518 = CARTESIAN_POINT('',(1.570796326795,0.));
#5519 = VECTOR('',#5520,1.);
#5520 = DIRECTION('',(0.,1.));
#5521 = ( GEOMETRIC_REPRESENTATION_CONTEXT(2) 
PARAMETRIC_REPRESENTATION_CONTEXT() REPRESENTATION_CONTEXT('2D SPACE',''
  ) );
#5522 = ORIENTED_EDGE('',*,*,#5523,.T.);
#5523 = EDGE_CURVE('',#5501,#5524,#5526,.T.);
#5524 = VERTEX_POINT('',#5525);
#5525 = CARTESIAN_POINT('',(-30.88082523231,-31.8798828325,-6.));
#5526 = SURFACE_CURVE('',#5527,(#5531,#5538),.PCURVE_S1.);
#5527 = LINE('',#5528,#5529);
#5528 = CARTESIAN_POINT('',(5.318979455187,-31.8798828325,-6.));
#5529 = VECTOR('',#5530,1.);
#5530 = DIRECTION('',(-1.,0.,0.));
#5531 = PCURVE('',#5343,#5532);
#5532 = DEFINITIONAL_REPRESENTATION('',(#5533),#5537);
#5533 = LINE('',#5534,#5535);
#5534 = CARTESIAN_POINT('',(53.199869791667,10.400130208333));
#5535 = VECTOR('',#5536,1.);
#5536 = DIRECTION('',(-1.,0.));
#5537 = ( GEOMETRIC_REPRESENTATION_CONTEXT(2) 
PARAMETRIC_REPRESENTATION_CONTEXT() REPRESENTATION_CONTEXT('2D SPACE',''
  ) );
#5538 = PCURVE('',#4445,#5539);
#5539 = DEFINITIONAL_REPRESENTATION('',(#5540),#5544);
#5540 = LINE('',#5541,#5542);
#5541 = CARTESIAN_POINT('',(1.570796326795,0.));
#5542 = VECTOR('',#5543,1.);
#5543 = DIRECTION('',(0.,1.));
#5544 = ( GEOMETRIC_REPRESENTATION_CONTEXT(2) 
PARAMETRIC_REPRESENTATION_CONTEXT() REPRESENTATION_CONTEXT('2D SPACE',''
  ) );
#5545 = ORIENTED_EDGE('',*,*,#5546,.T.);
#5546 = EDGE_CURVE('',#5524,#5547,#5549,.T.);
#5547 = VERTEX_POINT('',#5548);
#5548 = CARTESIAN_POINT('',(-30.88082523231,-28.3564809258,-6.));
#5549 = SURFACE_CURVE('',#5550,(#5554,#5561),.PCURVE_S1.);
#5550 = LINE('',#5551,#5552);
#5551 = CARTESIAN_POINT('',(-30.88082523231,-30.4798828325,-6.));
#5552 = VECTOR('',#5553,1.);
#5553 = DIRECTION('',(0.,1.,0.));
#5554 = PCURVE('',#5343,#5555);
#5555 = DEFINITIONAL_REPRESENTATION('',(#5556),#5560);
#5556 = LINE('',#5557,#5558);
#5557 = CARTESIAN_POINT('',(17.000065104167,11.800130208333));
#5558 = VECTOR('',#5559,1.);
#5559 = DIRECTION('',(0.,1.));
#5560 = ( GEOMETRIC_REPRESENTATION_CONTEXT(2) 
PARAMETRIC_REPRESENTATION_CONTEXT() REPRESENTATION_CONTEXT('2D SPACE',''
  ) );
#5561 = PCURVE('',#5562,#5567);
#5562 = CYLINDRICAL_SURFACE('',#5563,1.4);
#5563 = AXIS2_PLACEMENT_3D('',#5564,#5565,#5566);
#5564 = CARTESIAN_POINT('',(-30.88082523231,-30.4798828325,-4.6));
#5565 = DIRECTION('',(0.,1.,0.));
#5566 = DIRECTION('',(1.,0.,-0.));
#5567 = DEFINITIONAL_REPRESENTATION('',(#5568),#5572);
#5568 = LINE('',#5569,#5570);
#5569 = CARTESIAN_POINT('',(1.570796326795,0.));
#5570 = VECTOR('',#5571,1.);
#5571 = DIRECTION('',(0.,1.));
#5572 = ( GEOMETRIC_REPRESENTATION_CONTEXT(2) 
PARAMETRIC_REPRESENTATION_CONTEXT() REPRESENTATION_CONTEXT('2D SPACE',''
  ) );
#5573 = ORIENTED_EDGE('',*,*,#5574,.T.);
#5574 = EDGE_CURVE('',#5547,#5575,#5577,.T.);
#5575 = VERTEX_POINT('',#5576);
#5576 = CARTESIAN_POINT('',(3.719109663521,11.443323761692,-6.));
#5577 = SURFACE_CURVE('',#5578,(#5582,#5589),.PCURVE_S1.);
#5578 = LINE('',#5579,#5580);
#5579 = CARTESIAN_POINT('',(-30.53738588169,-27.961427608,-6.));
#5580 = VECTOR('',#5581,1.);
#5581 = DIRECTION('',(0.656085949045,0.754686178133,0.));
#5582 = PCURVE('',#5343,#5583);
#5583 = DEFINITIONAL_REPRESENTATION('',(#5584),#5588);
#5584 = LINE('',#5585,#5586);
#5585 = CARTESIAN_POINT('',(17.34350445478,14.31858543283));
#5586 = VECTOR('',#5587,1.);
#5587 = DIRECTION('',(0.656085949045,0.754686178133));
#5588 = ( GEOMETRIC_REPRESENTATION_CONTEXT(2) 
PARAMETRIC_REPRESENTATION_CONTEXT() REPRESENTATION_CONTEXT('2D SPACE',''
  ) );
#5589 = PCURVE('',#5590,#5595);
#5590 = CYLINDRICAL_SURFACE('',#5591,1.4);
#5591 = AXIS2_PLACEMENT_3D('',#5592,#5593,#5594);
#5592 = CARTESIAN_POINT('',(-30.53738588169,-27.961427608,-4.6));
#5593 = DIRECTION('',(0.656085949045,0.754686178133,0.));
#5594 = DIRECTION('',(0.754686178133,-0.656085949045,-0.));
#5595 = DEFINITIONAL_REPRESENTATION('',(#5596),#5600);
#5596 = LINE('',#5597,#5598);
#5597 = CARTESIAN_POINT('',(1.570796326795,0.));
#5598 = VECTOR('',#5599,1.);
#5599 = DIRECTION('',(0.,1.));
#5600 = ( GEOMETRIC_REPRESENTATION_CONTEXT(2) 
PARAMETRIC_REPRESENTATION_CONTEXT() REPRESENTATION_CONTEXT('2D SPACE',''
  ) );
#5601 = ORIENTED_EDGE('',*,*,#5602,.T.);
#5602 = EDGE_CURVE('',#5575,#5603,#5605,.T.);
#5603 = VERTEX_POINT('',#5604);
#5604 = CARTESIAN_POINT('',(3.719109663521,26.319986959167,-6.));
#5605 = SURFACE_CURVE('',#5606,(#5610,#5617),.PCURVE_S1.);
#5606 = LINE('',#5607,#5608);
#5607 = CARTESIAN_POINT('',(3.719109663521,10.919856750833,-6.));
#5608 = VECTOR('',#5609,1.);
#5609 = DIRECTION('',(0.,1.,0.));
#5610 = PCURVE('',#5343,#5611);
#5611 = DEFINITIONAL_REPRESENTATION('',(#5612),#5616);
#5612 = LINE('',#5613,#5614);
#5613 = CARTESIAN_POINT('',(51.6,53.199869791667));
#5614 = VECTOR('',#5615,1.);
#5615 = DIRECTION('',(0.,1.));
#5616 = ( GEOMETRIC_REPRESENTATION_CONTEXT(2) 
PARAMETRIC_REPRESENTATION_CONTEXT() REPRESENTATION_CONTEXT('2D SPACE',''
  ) );
#5617 = PCURVE('',#5618,#5623);
#5618 = CYLINDRICAL_SURFACE('',#5619,1.4);
#5619 = AXIS2_PLACEMENT_3D('',#5620,#5621,#5622);
#5620 = CARTESIAN_POINT('',(3.719109663521,10.919856750833,-4.6));
#5621 = DIRECTION('',(0.,1.,0.));
#5622 = DIRECTION('',(1.,0.,-0.));
#5623 = DEFINITIONAL_REPRESENTATION('',(#5624),#5628);
#5624 = LINE('',#5625,#5626);
#5625 = CARTESIAN_POINT('',(1.570796326795,0.));
#5626 = VECTOR('',#5627,1.);
#5627 = DIRECTION('',(0.,1.));
#5628 = ( GEOMETRIC_REPRESENTATION_CONTEXT(2) 
PARAMETRIC_REPRESENTATION_CONTEXT() REPRESENTATION_CONTEXT('2D SPACE',''
  ) );
#5629 = ORIENTED_EDGE('',*,*,#5630,.T.);
#5630 = EDGE_CURVE('',#5603,#5631,#5633,.T.);
#5631 = VERTEX_POINT('',#5632);
#5632 = CARTESIAN_POINT('',(-40.88095544064,26.319986959167,-6.));
#5633 = SURFACE_CURVE('',#5634,(#5638,#5645),.PCURVE_S1.);
#5634 = LINE('',#5635,#5636);
#5635 = CARTESIAN_POINT('',(5.119109663521,26.319986959167,-6.));
#5636 = VECTOR('',#5637,1.);
#5637 = DIRECTION('',(-1.,0.,0.));
#5638 = PCURVE('',#5343,#5639);
#5639 = DEFINITIONAL_REPRESENTATION('',(#5640),#5644);
#5640 = LINE('',#5641,#5642);
#5641 = CARTESIAN_POINT('',(53.,68.6));
#5642 = VECTOR('',#5643,1.);
#5643 = DIRECTION('',(-1.,0.));
#5644 = ( GEOMETRIC_REPRESENTATION_CONTEXT(2) 
PARAMETRIC_REPRESENTATION_CONTEXT() REPRESENTATION_CONTEXT('2D SPACE',''
  ) );
#5645 = PCURVE('',#5646,#5651);
#5646 = CYLINDRICAL_SURFACE('',#5647,1.4);
#5647 = AXIS2_PLACEMENT_3D('',#5648,#5649,#5650);
#5648 = CARTESIAN_POINT('',(5.119109663521,26.319986959167,-4.6));
#5649 = DIRECTION('',(-1.,0.,0.));
#5650 = DIRECTION('',(0.,1.,-0.));
#5651 = DEFINITIONAL_REPRESENTATION('',(#5652),#5656);
#5652 = LINE('',#5653,#5654);
#5653 = CARTESIAN_POINT('',(1.570796326795,0.));
#5654 = VECTOR('',#5655,1.);
#5655 = DIRECTION('',(0.,1.));
#5656 = ( GEOMETRIC_REPRESENTATION_CONTEXT(2) 
PARAMETRIC_REPRESENTATION_CONTEXT() REPRESENTATION_CONTEXT('2D SPACE',''
  ) );
#5657 = ORIENTED_EDGE('',*,*,#5658,.T.);
#5658 = EDGE_CURVE('',#5631,#5659,#5661,.T.);
#5659 = VERTEX_POINT('',#5660);
#5660 = CARTESIAN_POINT('',(-40.88095544064,17.319856750833,-6.));
#5661 = SURFACE_CURVE('',#5662,(#5666,#5673),.PCURVE_S1.);
#5662 = LINE('',#5663,#5664);
#5663 = CARTESIAN_POINT('',(-40.88095544064,27.719986959167,-6.));
#5664 = VECTOR('',#5665,1.);
#5665 = DIRECTION('',(0.,-1.,0.));
#5666 = PCURVE('',#5343,#5667);
#5667 = DEFINITIONAL_REPRESENTATION('',(#5668),#5672);
#5668 = LINE('',#5669,#5670);
#5669 = CARTESIAN_POINT('',(6.999934895833,70.));
#5670 = VECTOR('',#5671,1.);
#5671 = DIRECTION('',(0.,-1.));
#5672 = ( GEOMETRIC_REPRESENTATION_CONTEXT(2) 
PARAMETRIC_REPRESENTATION_CONTEXT() REPRESENTATION_CONTEXT('2D SPACE',''
  ) );
#5673 = PCURVE('',#5674,#5679);
#5674 = CYLINDRICAL_SURFACE('',#5675,1.4);
#5675 = AXIS2_PLACEMENT_3D('',#5676,#5677,#5678);
#5676 = CARTESIAN_POINT('',(-40.88095544064,27.719986959167,-4.6));
#5677 = DIRECTION('',(0.,-1.,0.));
#5678 = DIRECTION('',(-1.,-0.,0.));
#5679 = DEFINITIONAL_REPRESENTATION('',(#5680),#5684);
#5680 = LINE('',#5681,#5682);
#5681 = CARTESIAN_POINT('',(1.570796326795,0.));
#5682 = VECTOR('',#5683,1.);
#5683 = DIRECTION('',(0.,1.));
#5684 = ( GEOMETRIC_REPRESENTATION_CONTEXT(2) 
PARAMETRIC_REPRESENTATION_CONTEXT() REPRESENTATION_CONTEXT('2D SPACE',''
  ) );
#5685 = ORIENTED_EDGE('',*,*,#5686,.T.);
#5686 = EDGE_CURVE('',#5659,#5687,#5689,.T.);
#5687 = VERTEX_POINT('',#5688);
#5688 = CARTESIAN_POINT('',(-7.281020544813,17.319856750833,-6.));
#5689 = SURFACE_CURVE('',#5690,(#5694,#5701),.PCURVE_S1.);
#5690 = LINE('',#5691,#5692);
#5691 = CARTESIAN_POINT('',(-42.28095544064,17.319856750833,-6.));
#5692 = VECTOR('',#5693,1.);
#5693 = DIRECTION('',(1.,0.,0.));
#5694 = PCURVE('',#5343,#5695);
#5695 = DEFINITIONAL_REPRESENTATION('',(#5696),#5700);
#5696 = LINE('',#5697,#5698);
#5697 = CARTESIAN_POINT('',(5.599934895833,59.599869791667));
#5698 = VECTOR('',#5699,1.);
#5699 = DIRECTION('',(1.,0.));
#5700 = ( GEOMETRIC_REPRESENTATION_CONTEXT(2) 
PARAMETRIC_REPRESENTATION_CONTEXT() REPRESENTATION_CONTEXT('2D SPACE',''
  ) );
#5701 = PCURVE('',#5702,#5707);
#5702 = CYLINDRICAL_SURFACE('',#5703,1.4);
#5703 = AXIS2_PLACEMENT_3D('',#5704,#5705,#5706);
#5704 = CARTESIAN_POINT('',(-42.28095544064,17.319856750833,-4.6));
#5705 = DIRECTION('',(1.,0.,0.));
#5706 = DIRECTION('',(0.,-1.,-0.));
#5707 = DEFINITIONAL_REPRESENTATION('',(#5708),#5712);
#5708 = LINE('',#5709,#5710);
#5709 = CARTESIAN_POINT('',(1.570796326795,0.));
#5710 = VECTOR('',#5711,1.);
#5711 = DIRECTION('',(0.,1.));
#5712 = ( GEOMETRIC_REPRESENTATION_CONTEXT(2) 
PARAMETRIC_REPRESENTATION_CONTEXT() REPRESENTATION_CONTEXT('2D SPACE',''
  ) );
#5713 = ORIENTED_EDGE('',*,*,#5714,.T.);
#5714 = EDGE_CURVE('',#5687,#5289,#5715,.T.);
#5715 = SURFACE_CURVE('',#5716,(#5720,#5727),.PCURVE_S1.);
#5716 = LINE('',#5717,#5718);
#5717 = CARTESIAN_POINT('',(-7.281020544813,15.919856750833,-6.));
#5718 = VECTOR('',#5719,1.);
#5719 = DIRECTION('',(0.,-1.,0.));
#5720 = PCURVE('',#5343,#5721);
#5721 = DEFINITIONAL_REPRESENTATION('',(#5722),#5726);
#5722 = LINE('',#5723,#5724);
#5723 = CARTESIAN_POINT('',(40.599869791667,58.199869791667));
#5724 = VECTOR('',#5725,1.);
#5725 = DIRECTION('',(0.,-1.));
#5726 = ( GEOMETRIC_REPRESENTATION_CONTEXT(2) 
PARAMETRIC_REPRESENTATION_CONTEXT() REPRESENTATION_CONTEXT('2D SPACE',''
  ) );
#5727 = PCURVE('',#5310,#5728);
#5728 = DEFINITIONAL_REPRESENTATION('',(#5729),#5733);
#5729 = LINE('',#5730,#5731);
#5730 = CARTESIAN_POINT('',(1.570796326795,0.));
#5731 = VECTOR('',#5732,1.);
#5732 = DIRECTION('',(0.,1.));
#5733 = ( GEOMETRIC_REPRESENTATION_CONTEXT(2) 
PARAMETRIC_REPRESENTATION_CONTEXT() REPRESENTATION_CONTEXT('2D SPACE',''
  ) );
#5734 = ORIENTED_EDGE('',*,*,#5327,.T.);
#5735 = ADVANCED_FACE('',(#5736),#5618,.T.);
#5736 = FACE_BOUND('',#5737,.T.);
#5737 = EDGE_LOOP('',(#5738,#5772,#5773,#5807));
#5738 = ORIENTED_EDGE('',*,*,#5739,.T.);
#5739 = EDGE_CURVE('',#5740,#5575,#5742,.T.);
#5740 = VERTEX_POINT('',#5741);
#5741 = CARTESIAN_POINT('',(5.119109663521,10.919856750833,-4.6));
#5742 = SURFACE_CURVE('',#5743,(#5748,#5760),.PCURVE_S1.);
#5743 = ELLIPSE('',#5744,1.494663076234,1.4);
#5744 = AXIS2_PLACEMENT_3D('',#5745,#5746,#5747);
#5745 = CARTESIAN_POINT('',(3.719109663521,11.443323761692,-4.6));
#5746 = DIRECTION('',(0.350224086741,0.936665943155,0.));
#5747 = DIRECTION('',(0.936665943155,-0.350224086741,0.));
#5748 = PCURVE('',#5618,#5749);
#5749 = DEFINITIONAL_REPRESENTATION('',(#5750),#5759);
#5750 = B_SPLINE_CURVE_WITH_KNOTS('',7,(#5751,#5752,#5753,#5754,#5755,
    #5756,#5757,#5758),.UNSPECIFIED.,.F.,.F.,(8,8),(0.,1.570796326795),
  .PIECEWISE_BEZIER_KNOTS.);
#5751 = CARTESIAN_POINT('',(0.,0.));
#5752 = CARTESIAN_POINT('',(0.224399475256,0.));
#5753 = CARTESIAN_POINT('',(0.448798950513,3.075299204303E-02));
#5754 = CARTESIAN_POINT('',(0.67319842577,9.225451490522E-02));
#5755 = CARTESIAN_POINT('',(0.897597901025,0.180728647102));
#5756 = CARTESIAN_POINT('',(1.121997376282,0.288536042737));
#5757 = CARTESIAN_POINT('',(1.346396851538,0.406001288308));
#5758 = CARTESIAN_POINT('',(1.570796326795,0.523467010859));
#5759 = ( GEOMETRIC_REPRESENTATION_CONTEXT(2) 
PARAMETRIC_REPRESENTATION_CONTEXT() REPRESENTATION_CONTEXT('2D SPACE',''
  ) );
#5760 = PCURVE('',#5590,#5761);
#5761 = DEFINITIONAL_REPRESENTATION('',(#5762),#5771);
#5762 = B_SPLINE_CURVE_WITH_KNOTS('',7,(#5763,#5764,#5765,#5766,#5767,
    #5768,#5769,#5770),.UNSPECIFIED.,.F.,.F.,(8,8),(0.,1.570796326795),
  .PIECEWISE_BEZIER_KNOTS.);
#5763 = CARTESIAN_POINT('',(0.,52.736893613096));
#5764 = CARTESIAN_POINT('',(0.224399475256,52.736893613096));
#5765 = CARTESIAN_POINT('',(0.448798950513,52.706140621052));
#5766 = CARTESIAN_POINT('',(0.673198425769,52.644639098187));
#5767 = CARTESIAN_POINT('',(0.897597901026,52.556164966001));
#5768 = CARTESIAN_POINT('',(1.121997376282,52.448357570354));
#5769 = CARTESIAN_POINT('',(1.346396851538,52.330892324788));
#5770 = CARTESIAN_POINT('',(1.570796326795,52.213426602238));
#5771 = ( GEOMETRIC_REPRESENTATION_CONTEXT(2) 
PARAMETRIC_REPRESENTATION_CONTEXT() REPRESENTATION_CONTEXT('2D SPACE',''
  ) );
#5772 = ORIENTED_EDGE('',*,*,#5602,.T.);
#5773 = ORIENTED_EDGE('',*,*,#5774,.F.);
#5774 = EDGE_CURVE('',#5775,#5603,#5777,.T.);
#5775 = VERTEX_POINT('',#5776);
#5776 = CARTESIAN_POINT('',(5.119109663521,27.719986959167,-4.6));
#5777 = SURFACE_CURVE('',#5778,(#5783,#5795),.PCURVE_S1.);
#5778 = ELLIPSE('',#5779,1.979898987322,1.4);
#5779 = AXIS2_PLACEMENT_3D('',#5780,#5781,#5782);
#5780 = CARTESIAN_POINT('',(3.719109663521,26.319986959167,-4.6));
#5781 = DIRECTION('',(-0.707106781187,0.707106781187,0.));
#5782 = DIRECTION('',(0.707106781187,0.707106781187,0.));
#5783 = PCURVE('',#5618,#5784);
#5784 = DEFINITIONAL_REPRESENTATION('',(#5785),#5794);
#5785 = B_SPLINE_CURVE_WITH_KNOTS('',7,(#5786,#5787,#5788,#5789,#5790,
    #5791,#5792,#5793),.UNSPECIFIED.,.F.,.F.,(8,8),(0.,1.570796326795),
  .PIECEWISE_BEZIER_KNOTS.);
#5786 = CARTESIAN_POINT('',(0.,16.800130208333));
#5787 = CARTESIAN_POINT('',(0.224399475256,16.800130208333));
#5788 = CARTESIAN_POINT('',(0.448798950513,16.71788206668));
#5789 = CARTESIAN_POINT('',(0.67319842577,16.553397714808));
#5790 = CARTESIAN_POINT('',(0.897597901025,16.316775764421));
#5791 = CARTESIAN_POINT('',(1.121997376282,16.028447463378));
#5792 = CARTESIAN_POINT('',(1.346396851538,15.714289473692));
#5793 = CARTESIAN_POINT('',(1.570796326795,15.400130208333));
#5794 = ( GEOMETRIC_REPRESENTATION_CONTEXT(2) 
PARAMETRIC_REPRESENTATION_CONTEXT() REPRESENTATION_CONTEXT('2D SPACE',''
  ) );
#5795 = PCURVE('',#5646,#5796);
#5796 = DEFINITIONAL_REPRESENTATION('',(#5797),#5806);
#5797 = B_SPLINE_CURVE_WITH_KNOTS('',7,(#5798,#5799,#5800,#5801,#5802,
    #5803,#5804,#5805),.UNSPECIFIED.,.F.,.F.,(8,8),(0.,1.570796326795),
  .PIECEWISE_BEZIER_KNOTS.);
#5798 = CARTESIAN_POINT('',(0.,0.));
#5799 = CARTESIAN_POINT('',(0.224399475256,0.));
#5800 = CARTESIAN_POINT('',(0.448798950513,8.224814165399E-02));
#5801 = CARTESIAN_POINT('',(0.673198425769,0.246732493525));
#5802 = CARTESIAN_POINT('',(0.897597901026,0.483354443917));
#5803 = CARTESIAN_POINT('',(1.121997376282,0.771682744953));
#5804 = CARTESIAN_POINT('',(1.346396851538,1.085840734641));
#5805 = CARTESIAN_POINT('',(1.570796326795,1.4));
#5806 = ( GEOMETRIC_REPRESENTATION_CONTEXT(2) 
PARAMETRIC_REPRESENTATION_CONTEXT() REPRESENTATION_CONTEXT('2D SPACE',''
  ) );
#5807 = ORIENTED_EDGE('',*,*,#5808,.F.);
#5808 = EDGE_CURVE('',#5740,#5775,#5809,.T.);
#5809 = SURFACE_CURVE('',#5810,(#5814,#5821),.PCURVE_S1.);
#5810 = LINE('',#5811,#5812);
#5811 = CARTESIAN_POINT('',(5.119109663521,10.919856750833,-4.6));
#5812 = VECTOR('',#5813,1.);
#5813 = DIRECTION('',(0.,1.,0.));
#5814 = PCURVE('',#5618,#5815);
#5815 = DEFINITIONAL_REPRESENTATION('',(#5816),#5820);
#5816 = LINE('',#5817,#5818);
#5817 = CARTESIAN_POINT('',(0.,0.));
#5818 = VECTOR('',#5819,1.);
#5819 = DIRECTION('',(0.,1.));
#5820 = ( GEOMETRIC_REPRESENTATION_CONTEXT(2) 
PARAMETRIC_REPRESENTATION_CONTEXT() REPRESENTATION_CONTEXT('2D SPACE',''
  ) );
#5821 = PCURVE('',#5822,#5827);
#5822 = PLANE('',#5823);
#5823 = AXIS2_PLACEMENT_3D('',#5824,#5825,#5826);
#5824 = CARTESIAN_POINT('',(5.119109663521,10.919856750833,-6.));
#5825 = DIRECTION('',(-1.,0.,0.));
#5826 = DIRECTION('',(0.,1.,0.));
#5827 = DEFINITIONAL_REPRESENTATION('',(#5828),#5832);
#5828 = LINE('',#5829,#5830);
#5829 = CARTESIAN_POINT('',(0.,-1.4));
#5830 = VECTOR('',#5831,1.);
#5831 = DIRECTION('',(1.,0.));
#5832 = ( GEOMETRIC_REPRESENTATION_CONTEXT(2) 
PARAMETRIC_REPRESENTATION_CONTEXT() REPRESENTATION_CONTEXT('2D SPACE',''
  ) );
#5833 = ADVANCED_FACE('',(#5834),#5822,.F.);
#5834 = FACE_BOUND('',#5835,.F.);
#5835 = EDGE_LOOP('',(#5836,#5837,#5865,#5886));
#5836 = ORIENTED_EDGE('',*,*,#5808,.F.);
#5837 = ORIENTED_EDGE('',*,*,#5838,.T.);
#5838 = EDGE_CURVE('',#5740,#5839,#5841,.T.);
#5839 = VERTEX_POINT('',#5840);
#5840 = CARTESIAN_POINT('',(5.119109663521,10.919856750833,0.));
#5841 = SURFACE_CURVE('',#5842,(#5846,#5853),.PCURVE_S1.);
#5842 = LINE('',#5843,#5844);
#5843 = CARTESIAN_POINT('',(5.119109663521,10.919856750833,-6.));
#5844 = VECTOR('',#5845,1.);
#5845 = DIRECTION('',(0.,0.,1.));
#5846 = PCURVE('',#5822,#5847);
#5847 = DEFINITIONAL_REPRESENTATION('',(#5848),#5852);
#5848 = LINE('',#5849,#5850);
#5849 = CARTESIAN_POINT('',(0.,0.));
#5850 = VECTOR('',#5851,1.);
#5851 = DIRECTION('',(0.,-1.));
#5852 = ( GEOMETRIC_REPRESENTATION_CONTEXT(2) 
PARAMETRIC_REPRESENTATION_CONTEXT() REPRESENTATION_CONTEXT('2D SPACE',''
  ) );
#5853 = PCURVE('',#5854,#5859);
#5854 = PLANE('',#5855);
#5855 = AXIS2_PLACEMENT_3D('',#5856,#5857,#5858);
#5856 = CARTESIAN_POINT('',(-29.48082523231,-28.87994793666,-6.));
#5857 = DIRECTION('',(-0.754686178133,0.656085949045,0.));
#5858 = DIRECTION('',(0.656085949045,0.754686178133,0.));
#5859 = DEFINITIONAL_REPRESENTATION('',(#5860),#5864);
#5860 = LINE('',#5861,#5862);
#5861 = CARTESIAN_POINT('',(52.736893613096,0.));
#5862 = VECTOR('',#5863,1.);
#5863 = DIRECTION('',(0.,-1.));
#5864 = ( GEOMETRIC_REPRESENTATION_CONTEXT(2) 
PARAMETRIC_REPRESENTATION_CONTEXT() REPRESENTATION_CONTEXT('2D SPACE',''
  ) );
#5865 = ORIENTED_EDGE('',*,*,#5866,.F.);
#5866 = EDGE_CURVE('',#5867,#5839,#5869,.T.);
#5867 = VERTEX_POINT('',#5868);
#5868 = CARTESIAN_POINT('',(5.119109663521,27.719986959167,0.));
#5869 = SURFACE_CURVE('',#5870,(#5874,#5880),.PCURVE_S1.);
#5870 = LINE('',#5871,#5872);
#5871 = CARTESIAN_POINT('',(5.119109663521,-12.04007162458,0.));
#5872 = VECTOR('',#5873,1.);
#5873 = DIRECTION('',(0.,-1.,0.));
#5874 = PCURVE('',#5822,#5875);
#5875 = DEFINITIONAL_REPRESENTATION('',(#5876),#5879);
#5876 = B_SPLINE_CURVE_WITH_KNOTS('',1,(#5877,#5878),.UNSPECIFIED.,.F.,
  .F.,(2,2),(-39.76005858375,-22.95992837541),.PIECEWISE_BEZIER_KNOTS.);
#5877 = CARTESIAN_POINT('',(16.800130208333,-6.));
#5878 = CARTESIAN_POINT('',(0.,-6.));
#5879 = ( GEOMETRIC_REPRESENTATION_CONTEXT(2) 
PARAMETRIC_REPRESENTATION_CONTEXT() REPRESENTATION_CONTEXT('2D SPACE',''
  ) );
#5880 = PCURVE('',#4107,#5881);
#5881 = DEFINITIONAL_REPRESENTATION('',(#5882),#5885);
#5882 = B_SPLINE_CURVE_WITH_KNOTS('',1,(#5883,#5884),.UNSPECIFIED.,.F.,
  .F.,(2,2),(-39.76005858375,-22.95992837541),.PIECEWISE_BEZIER_KNOTS.);
#5883 = CARTESIAN_POINT('',(16.538186774958,62.719986959167));
#5884 = CARTESIAN_POINT('',(16.538186774958,45.919856750833));
#5885 = ( GEOMETRIC_REPRESENTATION_CONTEXT(2) 
PARAMETRIC_REPRESENTATION_CONTEXT() REPRESENTATION_CONTEXT('2D SPACE',''
  ) );
#5886 = ORIENTED_EDGE('',*,*,#5887,.F.);
#5887 = EDGE_CURVE('',#5775,#5867,#5888,.T.);
#5888 = SURFACE_CURVE('',#5889,(#5893,#5900),.PCURVE_S1.);
#5889 = LINE('',#5890,#5891);
#5890 = CARTESIAN_POINT('',(5.119109663521,27.719986959167,-6.));
#5891 = VECTOR('',#5892,1.);
#5892 = DIRECTION('',(0.,0.,1.));
#5893 = PCURVE('',#5822,#5894);
#5894 = DEFINITIONAL_REPRESENTATION('',(#5895),#5899);
#5895 = LINE('',#5896,#5897);
#5896 = CARTESIAN_POINT('',(16.800130208333,0.));
#5897 = VECTOR('',#5898,1.);
#5898 = DIRECTION('',(0.,-1.));
#5899 = ( GEOMETRIC_REPRESENTATION_CONTEXT(2) 
PARAMETRIC_REPRESENTATION_CONTEXT() REPRESENTATION_CONTEXT('2D SPACE',''
  ) );
#5900 = PCURVE('',#2372,#5901);
#5901 = DEFINITIONAL_REPRESENTATION('',(#5902),#5906);
#5902 = LINE('',#5903,#5904);
#5903 = CARTESIAN_POINT('',(0.,-0.));
#5904 = VECTOR('',#5905,1.);
#5905 = DIRECTION('',(0.,-1.));
#5906 = ( GEOMETRIC_REPRESENTATION_CONTEXT(2) 
PARAMETRIC_REPRESENTATION_CONTEXT() REPRESENTATION_CONTEXT('2D SPACE',''
  ) );
#5907 = ADVANCED_FACE('',(#5908),#5854,.F.);
#5908 = FACE_BOUND('',#5909,.F.);
#5909 = EDGE_LOOP('',(#5910,#5933,#5956,#5984,#6013,#6172,#6191));
#5910 = ORIENTED_EDGE('',*,*,#5911,.F.);
#5911 = EDGE_CURVE('',#5912,#5740,#5914,.T.);
#5912 = VERTEX_POINT('',#5913);
#5913 = CARTESIAN_POINT('',(-29.48082523231,-28.87994793666,-4.6));
#5914 = SURFACE_CURVE('',#5915,(#5919,#5926),.PCURVE_S1.);
#5915 = LINE('',#5916,#5917);
#5916 = CARTESIAN_POINT('',(-29.48082523231,-28.87994793666,-4.6));
#5917 = VECTOR('',#5918,1.);
#5918 = DIRECTION('',(0.656085949045,0.754686178133,0.));
#5919 = PCURVE('',#5854,#5920);
#5920 = DEFINITIONAL_REPRESENTATION('',(#5921),#5925);
#5921 = LINE('',#5922,#5923);
#5922 = CARTESIAN_POINT('',(0.,-1.4));
#5923 = VECTOR('',#5924,1.);
#5924 = DIRECTION('',(1.,0.));
#5925 = ( GEOMETRIC_REPRESENTATION_CONTEXT(2) 
PARAMETRIC_REPRESENTATION_CONTEXT() REPRESENTATION_CONTEXT('2D SPACE',''
  ) );
#5926 = PCURVE('',#5590,#5927);
#5927 = DEFINITIONAL_REPRESENTATION('',(#5928),#5932);
#5928 = LINE('',#5929,#5930);
#5929 = CARTESIAN_POINT('',(0.,0.));
#5930 = VECTOR('',#5931,1.);
#5931 = DIRECTION('',(0.,1.));
#5932 = ( GEOMETRIC_REPRESENTATION_CONTEXT(2) 
PARAMETRIC_REPRESENTATION_CONTEXT() REPRESENTATION_CONTEXT('2D SPACE',''
  ) );
#5933 = ORIENTED_EDGE('',*,*,#5934,.T.);
#5934 = EDGE_CURVE('',#5912,#5935,#5937,.T.);
#5935 = VERTEX_POINT('',#5936);
#5936 = CARTESIAN_POINT('',(-29.48082523231,-28.87994793666,14.6));
#5937 = SURFACE_CURVE('',#5938,(#5942,#5949),.PCURVE_S1.);
#5938 = LINE('',#5939,#5940);
#5939 = CARTESIAN_POINT('',(-29.48082523231,-28.87994793666,-6.));
#5940 = VECTOR('',#5941,1.);
#5941 = DIRECTION('',(0.,0.,1.));
#5942 = PCURVE('',#5854,#5943);
#5943 = DEFINITIONAL_REPRESENTATION('',(#5944),#5948);
#5944 = LINE('',#5945,#5946);
#5945 = CARTESIAN_POINT('',(0.,0.));
#5946 = VECTOR('',#5947,1.);
#5947 = DIRECTION('',(0.,-1.));
#5948 = ( GEOMETRIC_REPRESENTATION_CONTEXT(2) 
PARAMETRIC_REPRESENTATION_CONTEXT() REPRESENTATION_CONTEXT('2D SPACE',''
  ) );
#5949 = PCURVE('',#4576,#5950);
#5950 = DEFINITIONAL_REPRESENTATION('',(#5951),#5955);
#5951 = LINE('',#5952,#5953);
#5952 = CARTESIAN_POINT('',(1.599934895833,0.));
#5953 = VECTOR('',#5954,1.);
#5954 = DIRECTION('',(0.,-1.));
#5955 = ( GEOMETRIC_REPRESENTATION_CONTEXT(2) 
PARAMETRIC_REPRESENTATION_CONTEXT() REPRESENTATION_CONTEXT('2D SPACE',''
  ) );
#5956 = ORIENTED_EDGE('',*,*,#5957,.T.);
#5957 = EDGE_CURVE('',#5935,#5958,#5960,.T.);
#5958 = VERTEX_POINT('',#5959);
#5959 = CARTESIAN_POINT('',(-1.656828608503,3.125592957766,14.6));
#5960 = SURFACE_CURVE('',#5961,(#5965,#5972),.PCURVE_S1.);
#5961 = LINE('',#5962,#5963);
#5962 = CARTESIAN_POINT('',(-29.48082523231,-28.87994793666,14.6));
#5963 = VECTOR('',#5964,1.);
#5964 = DIRECTION('',(0.656085949045,0.754686178133,0.));
#5965 = PCURVE('',#5854,#5966);
#5966 = DEFINITIONAL_REPRESENTATION('',(#5967),#5971);
#5967 = LINE('',#5968,#5969);
#5968 = CARTESIAN_POINT('',(0.,-20.6));
#5969 = VECTOR('',#5970,1.);
#5970 = DIRECTION('',(1.,0.));
#5971 = ( GEOMETRIC_REPRESENTATION_CONTEXT(2) 
PARAMETRIC_REPRESENTATION_CONTEXT() REPRESENTATION_CONTEXT('2D SPACE',''
  ) );
#5972 = PCURVE('',#5973,#5978);
#5973 = CYLINDRICAL_SURFACE('',#5974,1.4);
#5974 = AXIS2_PLACEMENT_3D('',#5975,#5976,#5977);
#5975 = CARTESIAN_POINT('',(-30.53738588169,-27.961427608,14.6));
#5976 = DIRECTION('',(0.656085949045,0.754686178133,0.));
#5977 = DIRECTION('',(0.754686178133,-0.656085949045,-0.));
#5978 = DEFINITIONAL_REPRESENTATION('',(#5979),#5983);
#5979 = LINE('',#5980,#5981);
#5980 = CARTESIAN_POINT('',(-0.,0.));
#5981 = VECTOR('',#5982,1.);
#5982 = DIRECTION('',(-0.,1.));
#5983 = ( GEOMETRIC_REPRESENTATION_CONTEXT(2) 
PARAMETRIC_REPRESENTATION_CONTEXT() REPRESENTATION_CONTEXT('2D SPACE',''
  ) );
#5984 = ORIENTED_EDGE('',*,*,#5985,.T.);
#5985 = EDGE_CURVE('',#5958,#5986,#5988,.T.);
#5986 = VERTEX_POINT('',#5987);
#5987 = CARTESIAN_POINT('',(-1.656828731527,3.125592816252,1.4));
#5988 = SURFACE_CURVE('',#5989,(#5995,#6004),.PCURVE_S1.);
#5989 = B_SPLINE_CURVE_WITH_KNOTS('',4,(#5990,#5991,#5992,#5993,#5994),
  .UNSPECIFIED.,.F.,.F.,(5,5),(0.,1.),.PIECEWISE_BEZIER_KNOTS.);
#5990 = CARTESIAN_POINT('',(-1.656828608503,3.125592957766,14.6));
#5991 = CARTESIAN_POINT('',(-1.656828608503,3.125592957766,
    11.299999399979));
#5992 = CARTESIAN_POINT('',(-1.656828608503,3.125592957766,
    7.999998799958));
#5993 = CARTESIAN_POINT('',(-1.656828608503,3.125592957766,
    4.699998199937));
#5994 = CARTESIAN_POINT('',(-1.656828608503,3.125592957766,
    1.399997599916));
#5995 = PCURVE('',#5854,#5996);
#5996 = DEFINITIONAL_REPRESENTATION('',(#5997),#6003);
#5997 = B_SPLINE_CURVE_WITH_KNOTS('',4,(#5998,#5999,#6000,#6001,#6002),
  .UNSPECIFIED.,.F.,.F.,(5,5),(0.,1.),.PIECEWISE_BEZIER_KNOTS.);
#5998 = CARTESIAN_POINT('',(42.409072567871,-20.6));
#5999 = CARTESIAN_POINT('',(42.409072567871,-17.29999939997));
#6000 = CARTESIAN_POINT('',(42.409072567871,-13.99999879995));
#6001 = CARTESIAN_POINT('',(42.409072567871,-10.69999819993));
#6002 = CARTESIAN_POINT('',(42.409072567871,-7.399997599916));
#6003 = ( GEOMETRIC_REPRESENTATION_CONTEXT(2) 
PARAMETRIC_REPRESENTATION_CONTEXT() REPRESENTATION_CONTEXT('2D SPACE',''
  ) );
#6004 = PCURVE('',#2208,#6005);
#6005 = DEFINITIONAL_REPRESENTATION('',(#6006),#6012);
#6006 = B_SPLINE_CURVE_WITH_KNOTS('',4,(#6007,#6008,#6009,#6010,#6011),
  .UNSPECIFIED.,.F.,.F.,(5,5),(0.,1.),.PIECEWISE_BEZIER_KNOTS.);
#6007 = CARTESIAN_POINT('',(0.441826494053,-14.6));
#6008 = CARTESIAN_POINT('',(0.441826494053,-11.29999939997));
#6009 = CARTESIAN_POINT('',(0.441826494053,-7.999998799958));
#6010 = CARTESIAN_POINT('',(0.441826494053,-4.699998199937));
#6011 = CARTESIAN_POINT('',(0.441826494053,-1.399997599916));
#6012 = ( GEOMETRIC_REPRESENTATION_CONTEXT(2) 
PARAMETRIC_REPRESENTATION_CONTEXT() REPRESENTATION_CONTEXT('2D SPACE',''
  ) );
#6013 = ORIENTED_EDGE('',*,*,#6014,.F.);
#6014 = EDGE_CURVE('',#6015,#5986,#6017,.T.);
#6015 = VERTEX_POINT('',#6016);
#6016 = CARTESIAN_POINT('',(-0.735902981874,4.184920386614,
    -1.586769570454E-16));
#6017 = SURFACE_CURVE('',#6018,(#6041,#6067),.PCURVE_S1.);
#6018 = B_SPLINE_CURVE_WITH_KNOTS('',6,(#6019,#6020,#6021,#6022,#6023,
    #6024,#6025,#6026,#6027,#6028,#6029,#6030,#6031,#6032,#6033,#6034,
    #6035,#6036,#6037,#6038,#6039,#6040),.UNSPECIFIED.,.F.,.F.,(7,5,5,5,
    7),(0.,0.254967812024,0.508006692173,0.754039490479,1.),
  .UNSPECIFIED.);
#6019 = CARTESIAN_POINT('',(-0.735902981874,4.184920386614,0.));
#6020 = CARTESIAN_POINT('',(-0.791279375385,4.121221722074,0.));
#6021 = CARTESIAN_POINT('',(-0.84830350946,4.055627685395,
    6.071714438193E-03));
#6022 = CARTESIAN_POINT('',(-0.906526908999,3.988654150998,
    1.889200561661E-02));
#6023 = CARTESIAN_POINT('',(-0.965350332395,3.920990417836,
    3.904787285378E-02));
#6024 = CARTESIAN_POINT('',(-1.02402066874,3.853502778495,
    6.68899848226E-02));
#6025 = CARTESIAN_POINT('',(-1.139020114628,3.721220579141,0.13770988493
    ));
#6026 = CARTESIAN_POINT('',(-1.195363494336,3.656409604364,
    0.180571889874));
#6027 = CARTESIAN_POINT('',(-1.249988749456,3.593574963451,
    0.231037429712));
#6028 = CARTESIAN_POINT('',(-1.302065128343,3.533672258005,
    0.288807317928));
#6029 = CARTESIAN_POINT('',(-1.350833450402,3.477574762483,
    0.353192265637));
#6030 = CARTESIAN_POINT('',(-1.439349459131,3.37575607786,0.491384781749
    ));
#6031 = CARTESIAN_POINT('',(-1.479309444807,3.329790684283,
    0.564882002362));
#6032 = CARTESIAN_POINT('',(-1.5150574864,3.288670229067,0.642893340706)
  );
#6033 = CARTESIAN_POINT('',(-1.546212388339,3.252833195963,
    0.724335350043));
#6034 = CARTESIAN_POINT('',(-1.572622209832,3.222454360269,
    0.808046840134));
#6035 = CARTESIAN_POINT('',(-1.61600669275,3.172549817043,0.977817031766
    ));
#6036 = CARTESIAN_POINT('',(-1.632984304159,3.153020716189,
    1.063874954196));
#6037 = CARTESIAN_POINT('',(-1.645280520116,3.138876556816,
    1.150034367191));
#6038 = CARTESIAN_POINT('',(-1.653112589136,3.129867441098,
    1.235282153199));
#6039 = CARTESIAN_POINT('',(-1.656828731527,3.125592816252,
    1.318807944994));
#6040 = CARTESIAN_POINT('',(-1.656828731527,3.125592816252,1.4));
#6041 = PCURVE('',#5854,#6042);
#6042 = DEFINITIONAL_REPRESENTATION('',(#6043),#6066);
#6043 = B_SPLINE_CURVE_WITH_KNOTS('',6,(#6044,#6045,#6046,#6047,#6048,
    #6049,#6050,#6051,#6052,#6053,#6054,#6055,#6056,#6057,#6058,#6059,
    #6060,#6061,#6062,#6063,#6064,#6065),.UNSPECIFIED.,.F.,.F.,(7,5,5,5,
    7),(0.,0.254967812024,0.508006692173,0.754039490479,1.),
  .UNSPECIFIED.);
#6044 = CARTESIAN_POINT('',(43.812738700287,-6.));
#6045 = CARTESIAN_POINT('',(43.728334524902,-6.));
#6046 = CARTESIAN_POINT('',(43.64141887893,-6.006071714438));
#6047 = CARTESIAN_POINT('',(43.552675323876,-6.018892005617));
#6048 = CARTESIAN_POINT('',(43.463017218132,-6.039047872854));
#6049 = CARTESIAN_POINT('',(43.373592446225,-6.066889984823));
#6050 = CARTESIAN_POINT('',(43.198311378165,-6.13770988493));
#6051 = CARTESIAN_POINT('',(43.112433331562,-6.180571889874));
#6052 = CARTESIAN_POINT('',(43.029174034209,-6.231037429712));
#6053 = CARTESIAN_POINT('',(42.949799709911,-6.288807317928));
#6054 = CARTESIAN_POINT('',(42.875467494552,-6.353192265637));
#6055 = CARTESIAN_POINT('',(42.740552230998,-6.491384781749));
#6056 = CARTESIAN_POINT('',(42.679645598668,-6.564882002362));
#6057 = CARTESIAN_POINT('',(42.625158771682,-6.642893340706));
#6058 = CARTESIAN_POINT('',(42.577672764727,-6.724335350043));
#6059 = CARTESIAN_POINT('',(42.537419164522,-6.808046840134));
#6060 = CARTESIAN_POINT('',(42.471292945875,-6.977817031766));
#6061 = CARTESIAN_POINT('',(42.445415831095,-7.063874954196));
#6062 = CARTESIAN_POINT('',(42.426674054999,-7.150034367191));
#6063 = CARTESIAN_POINT('',(42.414736489454,-7.235282153199));
#6064 = CARTESIAN_POINT('',(42.409072380358,-7.318807944994));
#6065 = CARTESIAN_POINT('',(42.409072380358,-7.4));
#6066 = ( GEOMETRIC_REPRESENTATION_CONTEXT(2) 
PARAMETRIC_REPRESENTATION_CONTEXT() REPRESENTATION_CONTEXT('2D SPACE',''
  ) );
#6067 = PCURVE('',#6068,#6147);
#6068 = ( BOUNDED_SURFACE() B_SPLINE_SURFACE(2,9,(
    (#6069,#6070,#6071,#6072,#6073,#6074,#6075,#6076,#6077,#6078,#6079
      ,#6080,#6081,#6082,#6083,#6084,#6085,#6086,#6087,#6088,#6089,#6090
      ,#6091,#6092,#6093,#6094)
    ,(#6095,#6096,#6097,#6098,#6099,#6100,#6101,#6102,#6103,#6104,#6105
      ,#6106,#6107,#6108,#6109,#6110,#6111,#6112,#6113,#6114,#6115,#6116
      ,#6117,#6118,#6119,#6120)
    ,(#6121,#6122,#6123,#6124,#6125,#6126,#6127,#6128,#6129,#6130,#6131
      ,#6132,#6133,#6134,#6135,#6136,#6137,#6138,#6139,#6140,#6141,#6142
      ,#6143,#6144,#6145,#6146
)),.UNSPECIFIED.,.F.,.F.,.F.) B_SPLINE_SURFACE_WITH_KNOTS((3,3),(10,8,8,
    10),(0.,36.573934910562),(75.946549249947,76.013656107006,
    94.267070133758,112.5204841605),.UNSPECIFIED.) 
GEOMETRIC_REPRESENTATION_ITEM() RATIONAL_B_SPLINE_SURFACE((
    (1.,1.,1.,1.,1.,1.,1.,1.,1.,1.,1.,1.,1.,1.,1.,1.,1.,1.,1.,1.,1.,1.
      ,1.,1.,1.,1.)
    ,(0.707106781187,0.707106781187,0.707106781187,0.707106781187
      ,0.707106781187,0.707106781187,0.707106781187,0.707106781187
      ,0.707106781187,0.707106781187,0.707106781187,0.707106781187
      ,0.707106781187,0.707106781187,0.707106781187,0.707106781187
      ,0.707106781187,0.707106781187,0.707106781187,0.707106781186
      ,0.707106781187,0.707106781186,0.707106781187,0.707106781187
      ,0.707106781187,0.707106781187)
    ,(1.,1.,1.,1.,1.,1.,1.,1.,1.,1.,1.,1.,1.,1.,1.,1.,1.,1.,1.,1.,1.,1.
,1.,1.,1.,1.))) REPRESENTATION_ITEM('') SURFACE() );
#6069 = CARTESIAN_POINT('',(-6.419077111437,16.,1.4));
#6070 = CARTESIAN_POINT('',(-6.419077111437,15.993159596965,1.4));
#6071 = CARTESIAN_POINT('',(-6.419075290833,15.98631965867,1.4));
#6072 = CARTESIAN_POINT('',(-6.41907164863,15.979480186531,1.4));
#6073 = CARTESIAN_POINT('',(-6.419066183833,15.972641181966,1.4));
#6074 = CARTESIAN_POINT('',(-6.419058895448,15.965802646392,1.4));
#6075 = CARTESIAN_POINT('',(-6.419049782479,15.958964581227,1.4));
#6076 = CARTESIAN_POINT('',(-6.419038843932,15.952126987888,1.4));
#6077 = CARTESIAN_POINT('',(-6.419026078813,15.945289867793,1.4));
#6078 = CARTESIAN_POINT('',(-6.415042199257,14.078850118821,1.4));
#6079 = CARTESIAN_POINT('',(-6.275899632506,12.254388520919,1.4));
#6080 = CARTESIAN_POINT('',(-5.981273040642,10.479694757195,1.4));
#6081 = CARTESIAN_POINT('',(-5.511782595011,8.77944625673,1.4));
#6082 = CARTESIAN_POINT('',(-4.85072106454,7.167613378464,1.4));
#6083 = CARTESIAN_POINT('',(-3.987768769546,5.684233841623,1.4));
#6084 = CARTESIAN_POINT('',(-2.95464328223,4.335096781061,1.4));
#6085 = CARTESIAN_POINT('',(-1.763062016603,3.112717822184,1.4));
#6086 = CARTESIAN_POINT('',(0.915361479944,0.897990462126,1.4));
#6087 = CARTESIAN_POINT('',(2.402357742363,-9.44067263779E-02,1.4));
#6088 = CARTESIAN_POINT('',(4.026919593604,-0.983711483551,1.4));
#6089 = CARTESIAN_POINT('',(5.786023817886,-1.78745243151,1.4));
#6090 = CARTESIAN_POINT('',(7.680925583191,-2.517915869398,1.4));
#6091 = CARTESIAN_POINT('',(9.711005354715,-3.184801026593,1.4));
#6092 = CARTESIAN_POINT('',(11.872937215299,-3.798015513126,1.4));
#6093 = CARTESIAN_POINT('',(14.164256221896,-4.36669921875,1.4));
#6094 = CARTESIAN_POINT('',(16.580922888563,-4.900065104167,1.4));
#6095 = CARTESIAN_POINT('',(-6.419077111437,16.,3.330669073875E-16));
#6096 = CARTESIAN_POINT('',(-6.419077111438,15.993159596966,
    -3.885780586188E-15));
#6097 = CARTESIAN_POINT('',(-6.419075290833,15.98631965867,
    1.476596622751E-14));
#6098 = CARTESIAN_POINT('',(-6.419071648631,15.979480186531,
    -2.464695114668E-14));
#6099 = CARTESIAN_POINT('',(-6.419066183832,15.972641181965,
    2.653433028854E-14));
#6100 = CARTESIAN_POINT('',(-6.419058895449,15.965802646392,
    -1.465494392505E-14));
#6101 = CARTESIAN_POINT('',(-6.419049782479,15.958964581227,
    1.221245327088E-15));
#6102 = CARTESIAN_POINT('',(-6.419038843933,15.952126987888,
    3.219646771413E-15));
#6103 = CARTESIAN_POINT('',(-6.419026078813,15.945289867793,
    -5.551115123126E-16));
#6104 = CARTESIAN_POINT('',(-6.415042199258,14.078850118821,
    1.554312234475E-15));
#6105 = CARTESIAN_POINT('',(-6.275899632506,12.254388520919,
    -1.443289932013E-15));
#6106 = CARTESIAN_POINT('',(-5.981273040643,10.479694757196,
    -1.33226762955E-15));
#6107 = CARTESIAN_POINT('',(-5.51178259501,8.779446256729,
    8.770761894539E-15));
#6108 = CARTESIAN_POINT('',(-4.85072106454,7.167613378464,
    -1.42108547152E-14));
#6109 = CARTESIAN_POINT('',(-3.987768769545,5.684233841623,
    1.398881011028E-14));
#6110 = CARTESIAN_POINT('',(-2.954643282231,4.335096781061,
    -7.993605777301E-15));
#6111 = CARTESIAN_POINT('',(-1.763062016603,3.112717822184,
    3.330669073875E-15));
#6112 = CARTESIAN_POINT('',(0.915361479944,0.897990462126,
    -3.885780586188E-15));
#6113 = CARTESIAN_POINT('',(2.402357742363,-9.440672637771E-02,
    1.831867990632E-14));
#6114 = CARTESIAN_POINT('',(4.026919593604,-0.983711483551,
    -4.019007349143E-14));
#6115 = CARTESIAN_POINT('',(5.786023817886,-1.787452431509,
    5.728750807066E-14));
#6116 = CARTESIAN_POINT('',(7.68092558319,-2.517915869398,
    -5.384581669432E-14));
#6117 = CARTESIAN_POINT('',(9.711005354715,-3.184801026592,
    3.597122599786E-14));
#6118 = CARTESIAN_POINT('',(11.872937215299,-3.798015513126,
    -1.521005543736E-14));
#6119 = CARTESIAN_POINT('',(14.164256221896,-4.36669921875,
    3.885780586188E-15));
#6120 = CARTESIAN_POINT('',(16.580922888563,-4.900065104167,
    2.22044604925E-16));
#6121 = CARTESIAN_POINT('',(-5.019265959943,15.977005649553,0.));
#6122 = CARTESIAN_POINT('',(-5.019258325941,15.97062997637,
    3.441691376338E-15));
#6123 = CARTESIAN_POINT('',(-5.019249043765,15.964254840218,
    -1.221245327088E-14));
#6124 = CARTESIAN_POINT('',(-5.019238112509,15.957880242807,
    2.420286193683E-14));
#6125 = CARTESIAN_POINT('',(-5.019225531259,15.951506185843,
    -3.208544541167E-14));
#6126 = CARTESIAN_POINT('',(-5.019211299115,15.945132671038,
    3.053113317719E-14));
#6127 = CARTESIAN_POINT('',(-5.019195415158,15.938759700097,
    -1.987299214079E-14));
#6128 = CARTESIAN_POINT('',(-5.019177878488,15.932387274731,
    7.882583474839E-15));
#6129 = CARTESIAN_POINT('',(-5.019158688193,15.926015396646,
    -9.992007221626E-16));
#6130 = CARTESIAN_POINT('',(-5.013467941701,14.186609427835,
    1.887379141863E-15));
#6131 = CARTESIAN_POINT('',(-4.885514637574,12.48829484019,
    -3.996802888651E-15));
#6132 = CARTESIAN_POINT('',(-4.61465095061,10.842476500297,
    9.547918011776E-15));
#6133 = CARTESIAN_POINT('',(-4.183869188468,9.274529295728,
    -1.709743457923E-14));
#6134 = CARTESIAN_POINT('',(-3.578139568646,7.797837172913,
    2.187139358512E-14));
#6135 = CARTESIAN_POINT('',(-2.791680996752,6.446056199279,
    -2.009503674572E-14));
#6136 = CARTESIAN_POINT('',(-1.849652047916,5.215070112092,
    1.210143096841E-14));
#6137 = CARTESIAN_POINT('',(-0.756312425383,4.094188401982,
    -3.441691376338E-15));
#6138 = CARTESIAN_POINT('',(1.72462702482,2.047737615333,
    1.7763568394E-15));
#6139 = CARTESIAN_POINT('',(3.112384488892,1.122156690226,
    -2.775557561563E-15));
#6140 = CARTESIAN_POINT('',(4.643787951047,0.281684274334,
    1.7763568394E-15));
#6141 = CARTESIAN_POINT('',(6.321630236956,-0.4880363181,
    1.887379141863E-15));
#6142 = CARTESIAN_POINT('',(8.148245668741,-1.194621438982,
    -4.773959005888E-15));
#6143 = CARTESIAN_POINT('',(10.121889044584,-1.844390068504,
    5.995204332976E-15));
#6144 = CARTESIAN_POINT('',(12.237919263154,-2.445466492766,
    -4.551914400963E-15));
#6145 = CARTESIAN_POINT('',(14.492010962186,-3.005250465671,
    1.443289932013E-15));
#6146 = CARTESIAN_POINT('',(16.87830831466,-3.532014699998,0.));
#6147 = DEFINITIONAL_REPRESENTATION('',(#6148),#6171);
#6148 = B_SPLINE_CURVE_WITH_KNOTS('',6,(#6149,#6150,#6151,#6152,#6153,
    #6154,#6155,#6156,#6157,#6158,#6159,#6160,#6161,#6162,#6163,#6164,
    #6165,#6166,#6167,#6168,#6169,#6170),.UNSPECIFIED.,.F.,.F.,(7,5,5,5,
    7),(0.,0.254967812024,0.508006692173,0.754039490479,1.),
  .UNSPECIFIED.);
#6149 = CARTESIAN_POINT('',(36.573934910562,92.155426090564));
#6150 = CARTESIAN_POINT('',(35.019223097016,92.165217803012));
#6151 = CARTESIAN_POINT('',(33.46464698441,92.175175601116));
#6152 = CARTESIAN_POINT('',(31.910206344901,92.185209364704));
#6153 = CARTESIAN_POINT('',(30.355893443336,92.195208816371));
#6154 = CARTESIAN_POINT('',(28.801691094228,92.205049139776));
#6155 = CARTESIAN_POINT('',(25.705229340264,92.224095922146));
#6156 = CARTESIAN_POINT('',(24.162965450064,92.233306599887));
#6157 = CARTESIAN_POINT('',(22.620775677016,92.242121866041));
#6158 = CARTESIAN_POINT('',(21.078633520187,92.250424962753));
#6159 = CARTESIAN_POINT('',(19.536507587613,92.258119300275));
#6160 = CARTESIAN_POINT('',(16.494942205645,92.271961106254));
#6161 = CARTESIAN_POINT('',(14.995499376656,92.278145510216));
#6162 = CARTESIAN_POINT('',(13.49602678687,92.283628341527));
#6163 = CARTESIAN_POINT('',(11.996496937788,92.288373069783));
#6164 = CARTESIAN_POINT('',(10.496887586139,92.292374161424));
#6165 = CARTESIAN_POINT('',(7.497928391074,92.29892214371));
#6166 = CARTESIAN_POINT('',(5.998575839906,92.301469487684));
#6167 = CARTESIAN_POINT('',(4.499116121173,92.303307645947));
#6168 = CARTESIAN_POINT('',(2.999536142215,92.304476803693));
#6169 = CARTESIAN_POINT('',(1.499830523714,92.305031524288));
#6170 = CARTESIAN_POINT('',(0.,92.305031524288));
#6171 = ( GEOMETRIC_REPRESENTATION_CONTEXT(2) 
PARAMETRIC_REPRESENTATION_CONTEXT() REPRESENTATION_CONTEXT('2D SPACE',''
  ) );
#6172 = ORIENTED_EDGE('',*,*,#6173,.F.);
#6173 = EDGE_CURVE('',#5839,#6015,#6174,.T.);
#6174 = SURFACE_CURVE('',#6175,(#6179,#6185),.PCURVE_S1.);
#6175 = LINE('',#6176,#6177);
#6176 = CARTESIAN_POINT('',(-27.10863479945,-26.15125159104,
    8.881784197001E-16));
#6177 = VECTOR('',#6178,1.);
#6178 = DIRECTION('',(-0.656085949045,-0.754686178133,0.));
#6179 = PCURVE('',#5854,#6180);
#6180 = DEFINITIONAL_REPRESENTATION('',(#6181),#6184);
#6181 = B_SPLINE_CURVE_WITH_KNOTS('',1,(#6182,#6183),.UNSPECIFIED.,.F.,
  .F.,(2,2),(-49.12122338527,-31.23008932291),.PIECEWISE_BEZIER_KNOTS.);
#6182 = CARTESIAN_POINT('',(52.736893613096,-6.));
#6183 = CARTESIAN_POINT('',(34.845759550739,-6.));
#6184 = ( GEOMETRIC_REPRESENTATION_CONTEXT(2) 
PARAMETRIC_REPRESENTATION_CONTEXT() REPRESENTATION_CONTEXT('2D SPACE',''
  ) );
#6185 = PCURVE('',#4107,#6186);
#6186 = DEFINITIONAL_REPRESENTATION('',(#6187),#6190);
#6187 = B_SPLINE_CURVE_WITH_KNOTS('',1,(#6188,#6189),.UNSPECIFIED.,.F.,
  .F.,(2,2),(-49.12122338527,-31.23008932291),.PIECEWISE_BEZIER_KNOTS.);
#6188 = CARTESIAN_POINT('',(16.538186774958,45.919856750833));
#6189 = CARTESIAN_POINT('',(4.800065104165,32.417665162839));
#6190 = ( GEOMETRIC_REPRESENTATION_CONTEXT(2) 
PARAMETRIC_REPRESENTATION_CONTEXT() REPRESENTATION_CONTEXT('2D SPACE',''
  ) );
#6191 = ORIENTED_EDGE('',*,*,#5838,.F.);
#6192 = ADVANCED_FACE('',(#6193),#5973,.T.);
#6193 = FACE_BOUND('',#6194,.F.);
#6194 = EDGE_LOOP('',(#6195,#6196,#6235,#6258));
#6195 = ORIENTED_EDGE('',*,*,#5957,.F.);
#6196 = ORIENTED_EDGE('',*,*,#6197,.T.);
#6197 = EDGE_CURVE('',#5935,#6198,#6200,.T.);
#6198 = VERTEX_POINT('',#6199);
#6199 = CARTESIAN_POINT('',(-30.88082523231,-28.3564809258,16.));
#6200 = SURFACE_CURVE('',#6201,(#6206,#6218),.PCURVE_S1.);
#6201 = ELLIPSE('',#6202,1.494663076234,1.4);
#6202 = AXIS2_PLACEMENT_3D('',#6203,#6204,#6205);
#6203 = CARTESIAN_POINT('',(-30.88082523231,-28.3564809258,14.6));
#6204 = DIRECTION('',(-0.350224086741,-0.936665943155,-0.));
#6205 = DIRECTION('',(-0.936665943155,0.350224086741,0.));
#6206 = PCURVE('',#5973,#6207);
#6207 = DEFINITIONAL_REPRESENTATION('',(#6208),#6217);
#6208 = B_SPLINE_CURVE_WITH_KNOTS('',7,(#6209,#6210,#6211,#6212,#6213,
    #6214,#6215,#6216),.UNSPECIFIED.,.F.,.F.,(8,8),(3.14159265359,
    4.712388980385),.PIECEWISE_BEZIER_KNOTS.);
#6209 = CARTESIAN_POINT('',(0.,3.552713678801E-15));
#6210 = CARTESIAN_POINT('',(-0.224399475256,3.538328276687E-15));
#6211 = CARTESIAN_POINT('',(-0.448798950513,-3.075299204314E-02));
#6212 = CARTESIAN_POINT('',(-0.673198425769,-9.225451490505E-02));
#6213 = CARTESIAN_POINT('',(-0.897597901026,-0.180728647102));
#6214 = CARTESIAN_POINT('',(-1.121997376282,-0.288536042737));
#6215 = CARTESIAN_POINT('',(-1.346396851538,-0.406001288308));
#6216 = CARTESIAN_POINT('',(-1.570796326795,-0.523467010859));
#6217 = ( GEOMETRIC_REPRESENTATION_CONTEXT(2) 
PARAMETRIC_REPRESENTATION_CONTEXT() REPRESENTATION_CONTEXT('2D SPACE',''
  ) );
#6218 = PCURVE('',#6219,#6224);
#6219 = CYLINDRICAL_SURFACE('',#6220,1.4);
#6220 = AXIS2_PLACEMENT_3D('',#6221,#6222,#6223);
#6221 = CARTESIAN_POINT('',(-30.88082523231,-30.4798828325,14.6));
#6222 = DIRECTION('',(0.,1.,0.));
#6223 = DIRECTION('',(1.,0.,-0.));
#6224 = DEFINITIONAL_REPRESENTATION('',(#6225),#6234);
#6225 = B_SPLINE_CURVE_WITH_KNOTS('',7,(#6226,#6227,#6228,#6229,#6230,
    #6231,#6232,#6233),.UNSPECIFIED.,.F.,.F.,(8,8),(3.14159265359,
    4.712388980385),.PIECEWISE_BEZIER_KNOTS.);
#6226 = CARTESIAN_POINT('',(0.,1.599934895833));
#6227 = CARTESIAN_POINT('',(-0.224399475256,1.599934895833));
#6228 = CARTESIAN_POINT('',(-0.448798950513,1.630687887877));
#6229 = CARTESIAN_POINT('',(-0.673198425769,1.692189410738));
#6230 = CARTESIAN_POINT('',(-0.897597901026,1.780663542936));
#6231 = CARTESIAN_POINT('',(-1.121997376282,1.88847093857));
#6232 = CARTESIAN_POINT('',(-1.346396851538,2.005936184141));
#6233 = CARTESIAN_POINT('',(-1.570796326795,2.123401906692));
#6234 = ( GEOMETRIC_REPRESENTATION_CONTEXT(2) 
PARAMETRIC_REPRESENTATION_CONTEXT() REPRESENTATION_CONTEXT('2D SPACE',''
  ) );
#6235 = ORIENTED_EDGE('',*,*,#6236,.T.);
#6236 = EDGE_CURVE('',#6198,#6237,#6239,.T.);
#6237 = VERTEX_POINT('',#6238);
#6238 = CARTESIAN_POINT('',(-2.608686273112,4.164551615486,16.));
#6239 = SURFACE_CURVE('',#6240,(#6244,#6251),.PCURVE_S1.);
#6240 = LINE('',#6241,#6242);
#6241 = CARTESIAN_POINT('',(-30.53738588169,-27.961427608,16.));
#6242 = VECTOR('',#6243,1.);
#6243 = DIRECTION('',(0.656085949045,0.754686178133,0.));
#6244 = PCURVE('',#5973,#6245);
#6245 = DEFINITIONAL_REPRESENTATION('',(#6246),#6250);
#6246 = LINE('',#6247,#6248);
#6247 = CARTESIAN_POINT('',(-1.570796326795,0.));
#6248 = VECTOR('',#6249,1.);
#6249 = DIRECTION('',(-0.,1.));
#6250 = ( GEOMETRIC_REPRESENTATION_CONTEXT(2) 
PARAMETRIC_REPRESENTATION_CONTEXT() REPRESENTATION_CONTEXT('2D SPACE',''
  ) );
#6251 = PCURVE('',#2251,#6252);
#6252 = DEFINITIONAL_REPRESENTATION('',(#6253),#6257);
#6253 = LINE('',#6254,#6255);
#6254 = CARTESIAN_POINT('',(17.34350445478,14.31858543283));
#6255 = VECTOR('',#6256,1.);
#6256 = DIRECTION('',(0.656085949045,0.754686178133));
#6257 = ( GEOMETRIC_REPRESENTATION_CONTEXT(2) 
PARAMETRIC_REPRESENTATION_CONTEXT() REPRESENTATION_CONTEXT('2D SPACE',''
  ) );
#6258 = ORIENTED_EDGE('',*,*,#6259,.F.);
#6259 = EDGE_CURVE('',#5958,#6237,#6260,.T.);
#6260 = SURFACE_CURVE('',#6261,(#6282,#6306),.PCURVE_S1.);
#6261 = B_SPLINE_CURVE_WITH_KNOTS('',7,(#6262,#6263,#6264,#6265,#6266,
    #6267,#6268,#6269,#6270,#6271,#6272,#6273,#6274,#6275,#6276,#6277,
    #6278,#6279,#6280,#6281),.UNSPECIFIED.,.F.,.F.,(8,6,6,8),(0.,
    0.450109024502,0.756078295883,1.),.UNSPECIFIED.);
#6262 = CARTESIAN_POINT('',(-1.656828608503,3.125592957766,14.6));
#6263 = CARTESIAN_POINT('',(-1.656828608503,3.125592957766,
    14.726573331288));
#6264 = CARTESIAN_POINT('',(-1.66628779275,3.135060673136,
    14.853044201849));
#6265 = CARTESIAN_POINT('',(-1.685180075868,3.153970389827,
    14.978565650767));
#6266 = CARTESIAN_POINT('',(-1.713616693648,3.182527735924,
    15.102096253153));
#6267 = CARTESIAN_POINT('',(-1.751719007105,3.221047791371,
    15.222361494005));
#6268 = CARTESIAN_POINT('',(-1.799555163241,3.269906263421,
    15.337867600205));
#6269 = CARTESIAN_POINT('',(-1.89642238844,3.370271498839,
    15.520814653288));
#6270 = CARTESIAN_POINT('',(-1.940131122134,3.415884329861,
    15.591738570402));
#6271 = CARTESIAN_POINT('',(-1.98834813353,3.466635813693,
    15.658948040731));
#6272 = CARTESIAN_POINT('',(-2.041001312698,3.522620495892,
    15.721663935741));
#6273 = CARTESIAN_POINT('',(-2.097898486394,3.583840679245,
    15.778953333948));
#6274 = CARTESIAN_POINT('',(-2.158676181714,3.65013209823,
    15.829794796661));
#6275 = CARTESIAN_POINT('',(-2.273822004386,3.777605311313,
    15.907779786647));
#6276 = CARTESIAN_POINT('',(-2.327004657429,3.837112748827,
    15.937648406764));
#6277 = CARTESIAN_POINT('',(-2.381914848727,3.899274058986,
    15.962226323796));
#6278 = CARTESIAN_POINT('',(-2.438096253583,3.963680245832,
    15.981030984163));
#6279 = CARTESIAN_POINT('',(-2.495021196087,4.029810389721,
    15.993690866767));
#6280 = CARTESIAN_POINT('',(-2.552099006908,4.097023173899,16.));
#6281 = CARTESIAN_POINT('',(-2.608686273112,4.164551615486,16.));
#6282 = PCURVE('',#5973,#6283);
#6283 = DEFINITIONAL_REPRESENTATION('',(#6284),#6305);
#6284 = B_SPLINE_CURVE_WITH_KNOTS('',7,(#6285,#6286,#6287,#6288,#6289,
    #6290,#6291,#6292,#6293,#6294,#6295,#6296,#6297,#6298,#6299,#6300,
    #6301,#6302,#6303,#6304),.UNSPECIFIED.,.F.,.F.,(8,6,6,8),(0.,
    0.450109024502,0.756078295883,1.),.UNSPECIFIED.);
#6285 = CARTESIAN_POINT('',(0.,42.409072567871));
#6286 = CARTESIAN_POINT('',(-9.040952234832E-02,42.409072567871));
#6287 = CARTESIAN_POINT('',(-0.180745701663,42.410011683926));
#6288 = CARTESIAN_POINT('',(-0.271611653815,42.411887624245));
#6289 = CARTESIAN_POINT('',(-0.36345851737,42.414782593265));
#6290 = CARTESIAN_POINT('',(-0.456731203392,42.418854754207));
#6291 = CARTESIAN_POINT('',(-0.551878986787,42.42434293785));
#6292 = CARTESIAN_POINT('',(-0.715974284516,42.43653396841));
#6293 = CARTESIAN_POINT('',(-0.783496776466,42.4422806555));
#6294 = CARTESIAN_POINT('',(-0.852312611843,42.448947595186));
#6295 = CARTESIAN_POINT('',(-0.922528858327,42.456653450004));
#6296 = CARTESIAN_POINT('',(-0.994208175542,42.465526040002));
#6297 = CARTESIAN_POINT('',(-1.067358300717,42.475679865723));
#6298 = CARTESIAN_POINT('',(-1.201299613052,42.496336581373));
#6299 = CARTESIAN_POINT('',(-1.261605121943,42.506353630567));
#6300 = CARTESIAN_POINT('',(-1.322660272132,42.517240107188));
#6301 = CARTESIAN_POINT('',(-1.384310369306,42.528986735864));
#6302 = CARTESIAN_POINT('',(-1.44637985004,42.541546586487));
#6303 = CARTESIAN_POINT('',(-1.508646262975,42.554823196019));
#6304 = CARTESIAN_POINT('',(-1.570796326795,42.568659867265));
#6305 = ( GEOMETRIC_REPRESENTATION_CONTEXT(2) 
PARAMETRIC_REPRESENTATION_CONTEXT() REPRESENTATION_CONTEXT('2D SPACE',''
  ) );
#6306 = PCURVE('',#2208,#6307);
#6307 = DEFINITIONAL_REPRESENTATION('',(#6308),#6329);
#6308 = B_SPLINE_CURVE_WITH_KNOTS('',7,(#6309,#6310,#6311,#6312,#6313,
    #6314,#6315,#6316,#6317,#6318,#6319,#6320,#6321,#6322,#6323,#6324,
    #6325,#6326,#6327,#6328),.UNSPECIFIED.,.F.,.F.,(8,6,6,8),(0.,
    0.450109024502,0.756078295883,1.),.UNSPECIFIED.);
#6309 = CARTESIAN_POINT('',(0.441826494053,-14.6));
#6310 = CARTESIAN_POINT('',(0.441826494053,-14.72657333128));
#6311 = CARTESIAN_POINT('',(0.441377534882,-14.85304420184));
#6312 = CARTESIAN_POINT('',(0.44048084366,-14.97856565076));
#6313 = CARTESIAN_POINT('',(0.439128506042,-15.10209625315));
#6314 = CARTESIAN_POINT('',(0.437309353031,-15.222361494));
#6315 = CARTESIAN_POINT('',(0.435011571716,-15.3378676002));
#6316 = CARTESIAN_POINT('',(0.430318851579,-15.52081465328));
#6317 = CARTESIAN_POINT('',(0.42819231751,-15.5917385704));
#6318 = CARTESIAN_POINT('',(0.425834368906,-15.65894804073));
#6319 = CARTESIAN_POINT('',(0.423243801789,-15.72166393574));
#6320 = CARTESIAN_POINT('',(0.420424350547,-15.77895333394));
#6321 = CARTESIAN_POINT('',(0.417387765532,-15.82979479666));
#6322 = CARTESIAN_POINT('',(0.411582755938,-15.90777978664));
#6323 = CARTESIAN_POINT('',(0.408884115112,-15.93764840676));
#6324 = CARTESIAN_POINT('',(0.406077881082,-15.96222632379));
#6325 = CARTESIAN_POINT('',(0.403184426274,-15.98103098416));
#6326 = CARTESIAN_POINT('',(0.400228639662,-15.99369086676));
#6327 = CARTESIAN_POINT('',(0.397239989252,-16.));
#6328 = CARTESIAN_POINT('',(0.394252452704,-16.));
#6329 = ( GEOMETRIC_REPRESENTATION_CONTEXT(2) 
PARAMETRIC_REPRESENTATION_CONTEXT() REPRESENTATION_CONTEXT('2D SPACE',''
  ) );
#6330 = ADVANCED_FACE('',(#6331),#6219,.T.);
#6331 = FACE_BOUND('',#6332,.F.);
#6332 = EDGE_LOOP('',(#6333,#6367,#6388,#6389));
#6333 = ORIENTED_EDGE('',*,*,#6334,.T.);
#6334 = EDGE_CURVE('',#4535,#6335,#6337,.T.);
#6335 = VERTEX_POINT('',#6336);
#6336 = CARTESIAN_POINT('',(-30.88082523231,-31.8798828325,16.));
#6337 = SURFACE_CURVE('',#6338,(#6343,#6355),.PCURVE_S1.);
#6338 = ELLIPSE('',#6339,1.979898987322,1.4);
#6339 = AXIS2_PLACEMENT_3D('',#6340,#6341,#6342);
#6340 = CARTESIAN_POINT('',(-30.88082523231,-31.8798828325,14.6));
#6341 = DIRECTION('',(0.707106781187,-0.707106781187,-0.));
#6342 = DIRECTION('',(-0.707106781187,-0.707106781187,0.));
#6343 = PCURVE('',#6219,#6344);
#6344 = DEFINITIONAL_REPRESENTATION('',(#6345),#6354);
#6345 = B_SPLINE_CURVE_WITH_KNOTS('',7,(#6346,#6347,#6348,#6349,#6350,
    #6351,#6352,#6353),.UNSPECIFIED.,.F.,.F.,(8,8),(3.14159265359,
    4.712388980385),.PIECEWISE_BEZIER_KNOTS.);
#6346 = CARTESIAN_POINT('',(0.,0.));
#6347 = CARTESIAN_POINT('',(-0.224399475256,-3.847341387444E-17));
#6348 = CARTESIAN_POINT('',(-0.448798950513,-8.224814165391E-02));
#6349 = CARTESIAN_POINT('',(-0.673198425769,-0.246732493525));
#6350 = CARTESIAN_POINT('',(-0.897597901026,-0.483354443917));
#6351 = CARTESIAN_POINT('',(-1.121997376282,-0.771682744953));
#6352 = CARTESIAN_POINT('',(-1.346396851538,-1.085840734641));
#6353 = CARTESIAN_POINT('',(-1.570796326795,-1.4));
#6354 = ( GEOMETRIC_REPRESENTATION_CONTEXT(2) 
PARAMETRIC_REPRESENTATION_CONTEXT() REPRESENTATION_CONTEXT('2D SPACE',''
  ) );
#6355 = PCURVE('',#4550,#6356);
#6356 = DEFINITIONAL_REPRESENTATION('',(#6357),#6366);
#6357 = B_SPLINE_CURVE_WITH_KNOTS('',7,(#6358,#6359,#6360,#6361,#6362,
    #6363,#6364,#6365),.UNSPECIFIED.,.F.,.F.,(8,8),(3.14159265359,
    4.712388980385),.PIECEWISE_BEZIER_KNOTS.);
#6358 = CARTESIAN_POINT('',(0.,34.7998046875));
#6359 = CARTESIAN_POINT('',(-0.224399475256,34.7998046875));
#6360 = CARTESIAN_POINT('',(-0.448798950513,34.88205282916));
#6361 = CARTESIAN_POINT('',(-0.673198425769,35.046537181028));
#6362 = CARTESIAN_POINT('',(-0.897597901026,35.283159131435));
#6363 = CARTESIAN_POINT('',(-1.121997376282,35.57148743245));
#6364 = CARTESIAN_POINT('',(-1.346396851538,35.885645422141));
#6365 = CARTESIAN_POINT('',(-1.570796326795,36.1998046875));
#6366 = ( GEOMETRIC_REPRESENTATION_CONTEXT(2) 
PARAMETRIC_REPRESENTATION_CONTEXT() REPRESENTATION_CONTEXT('2D SPACE',''
  ) );
#6367 = ORIENTED_EDGE('',*,*,#6368,.T.);
#6368 = EDGE_CURVE('',#6335,#6198,#6369,.T.);
#6369 = SURFACE_CURVE('',#6370,(#6374,#6381),.PCURVE_S1.);
#6370 = LINE('',#6371,#6372);
#6371 = CARTESIAN_POINT('',(-30.88082523231,-30.4798828325,16.));
#6372 = VECTOR('',#6373,1.);
#6373 = DIRECTION('',(0.,1.,0.));
#6374 = PCURVE('',#6219,#6375);
#6375 = DEFINITIONAL_REPRESENTATION('',(#6376),#6380);
#6376 = LINE('',#6377,#6378);
#6377 = CARTESIAN_POINT('',(-1.570796326795,0.));
#6378 = VECTOR('',#6379,1.);
#6379 = DIRECTION('',(-0.,1.));
#6380 = ( GEOMETRIC_REPRESENTATION_CONTEXT(2) 
PARAMETRIC_REPRESENTATION_CONTEXT() REPRESENTATION_CONTEXT('2D SPACE',''
  ) );
#6381 = PCURVE('',#2251,#6382);
#6382 = DEFINITIONAL_REPRESENTATION('',(#6383),#6387);
#6383 = LINE('',#6384,#6385);
#6384 = CARTESIAN_POINT('',(17.000065104167,11.800130208333));
#6385 = VECTOR('',#6386,1.);
#6386 = DIRECTION('',(0.,1.));
#6387 = ( GEOMETRIC_REPRESENTATION_CONTEXT(2) 
PARAMETRIC_REPRESENTATION_CONTEXT() REPRESENTATION_CONTEXT('2D SPACE',''
  ) );
#6388 = ORIENTED_EDGE('',*,*,#6197,.F.);
#6389 = ORIENTED_EDGE('',*,*,#6390,.F.);
#6390 = EDGE_CURVE('',#4535,#5935,#6391,.T.);
#6391 = SURFACE_CURVE('',#6392,(#6396,#6403),.PCURVE_S1.);
#6392 = LINE('',#6393,#6394);
#6393 = CARTESIAN_POINT('',(-29.48082523231,-30.4798828325,14.6));
#6394 = VECTOR('',#6395,1.);
#6395 = DIRECTION('',(0.,1.,0.));
#6396 = PCURVE('',#6219,#6397);
#6397 = DEFINITIONAL_REPRESENTATION('',(#6398),#6402);
#6398 = LINE('',#6399,#6400);
#6399 = CARTESIAN_POINT('',(-0.,0.));
#6400 = VECTOR('',#6401,1.);
#6401 = DIRECTION('',(-0.,1.));
#6402 = ( GEOMETRIC_REPRESENTATION_CONTEXT(2) 
PARAMETRIC_REPRESENTATION_CONTEXT() REPRESENTATION_CONTEXT('2D SPACE',''
  ) );
#6403 = PCURVE('',#4576,#6404);
#6404 = DEFINITIONAL_REPRESENTATION('',(#6405),#6409);
#6405 = LINE('',#6406,#6407);
#6406 = CARTESIAN_POINT('',(0.,-20.6));
#6407 = VECTOR('',#6408,1.);
#6408 = DIRECTION('',(1.,0.));
#6409 = ( GEOMETRIC_REPRESENTATION_CONTEXT(2) 
PARAMETRIC_REPRESENTATION_CONTEXT() REPRESENTATION_CONTEXT('2D SPACE',''
  ) );
#6410 = ADVANCED_FACE('',(#6411),#6068,.T.);
#6411 = FACE_BOUND('',#6412,.T.);
#6412 = EDGE_LOOP('',(#6413,#6478,#6479,#6548));
#6413 = ORIENTED_EDGE('',*,*,#6414,.F.);
#6414 = EDGE_CURVE('',#5986,#6415,#6417,.T.);
#6415 = VERTEX_POINT('',#6416);
#6416 = CARTESIAN_POINT('',(16.580922888563,-4.900065104167,1.4));
#6417 = SURFACE_CURVE('',#6418,(#6445,#6452),.PCURVE_S1.);
#6418 = ( BOUNDED_CURVE() B_SPLINE_CURVE(9,(#6419,#6420,#6421,#6422,
    #6423,#6424,#6425,#6426,#6427,#6428,#6429,#6430,#6431,#6432,#6433,
    #6434,#6435,#6436,#6437,#6438,#6439,#6440,#6441,#6442,#6443,#6444),
.UNSPECIFIED.,.F.,.F.) B_SPLINE_CURVE_WITH_KNOTS((10,8,8,10),(
    75.946549249947,76.013656107006,94.267070133758,112.5204841605),
.UNSPECIFIED.) CURVE() GEOMETRIC_REPRESENTATION_ITEM() 
RATIONAL_B_SPLINE_CURVE((1.,1.,1.,1.,1.,1.,1.,1.,1.,1.,1.,1.,1.,1.,1.,1.
,1.,1.,1.,1.,1.,1.,1.,1.,1.,1.)) REPRESENTATION_ITEM('') );
#6419 = CARTESIAN_POINT('',(-6.419077111437,16.,1.4));
#6420 = CARTESIAN_POINT('',(-6.419077111437,15.993159596965,1.4));
#6421 = CARTESIAN_POINT('',(-6.419075290833,15.98631965867,1.4));
#6422 = CARTESIAN_POINT('',(-6.41907164863,15.979480186531,1.4));
#6423 = CARTESIAN_POINT('',(-6.419066183833,15.972641181966,1.4));
#6424 = CARTESIAN_POINT('',(-6.419058895448,15.965802646392,1.4));
#6425 = CARTESIAN_POINT('',(-6.419049782479,15.958964581227,1.4));
#6426 = CARTESIAN_POINT('',(-6.419038843932,15.952126987888,1.4));
#6427 = CARTESIAN_POINT('',(-6.419026078813,15.945289867793,1.4));
#6428 = CARTESIAN_POINT('',(-6.415042199257,14.078850118821,1.4));
#6429 = CARTESIAN_POINT('',(-6.275899632506,12.254388520919,1.4));
#6430 = CARTESIAN_POINT('',(-5.981273040642,10.479694757195,1.4));
#6431 = CARTESIAN_POINT('',(-5.511782595011,8.77944625673,1.4));
#6432 = CARTESIAN_POINT('',(-4.85072106454,7.167613378464,1.4));
#6433 = CARTESIAN_POINT('',(-3.987768769546,5.684233841623,1.4));
#6434 = CARTESIAN_POINT('',(-2.95464328223,4.335096781061,1.4));
#6435 = CARTESIAN_POINT('',(-1.763062016603,3.112717822184,1.4));
#6436 = CARTESIAN_POINT('',(0.915361479944,0.897990462126,1.4));
#6437 = CARTESIAN_POINT('',(2.402357742363,-9.44067263779E-02,1.4));
#6438 = CARTESIAN_POINT('',(4.026919593604,-0.983711483551,1.4));
#6439 = CARTESIAN_POINT('',(5.786023817886,-1.78745243151,1.4));
#6440 = CARTESIAN_POINT('',(7.680925583191,-2.517915869398,1.4));
#6441 = CARTESIAN_POINT('',(9.711005354715,-3.184801026593,1.4));
#6442 = CARTESIAN_POINT('',(11.872937215299,-3.798015513126,1.4));
#6443 = CARTESIAN_POINT('',(14.164256221896,-4.36669921875,1.4));
#6444 = CARTESIAN_POINT('',(16.580922888563,-4.900065104167,1.4));
#6445 = PCURVE('',#6068,#6446);
#6446 = DEFINITIONAL_REPRESENTATION('',(#6447),#6451);
#6447 = LINE('',#6448,#6449);
#6448 = CARTESIAN_POINT('',(0.,0.));
#6449 = VECTOR('',#6450,1.);
#6450 = DIRECTION('',(0.,1.));
#6451 = ( GEOMETRIC_REPRESENTATION_CONTEXT(2) 
PARAMETRIC_REPRESENTATION_CONTEXT() REPRESENTATION_CONTEXT('2D SPACE',''
  ) );
#6452 = PCURVE('',#2208,#6453);
#6453 = DEFINITIONAL_REPRESENTATION('',(#6454),#6477);
#6454 = B_SPLINE_CURVE_WITH_KNOTS('',11,(#6455,#6456,#6457,#6458,#6459,
    #6460,#6461,#6462,#6463,#6464,#6465,#6466,#6467,#6468,#6469,#6470,
    #6471,#6472,#6473,#6474,#6475,#6476),.UNSPECIFIED.,.F.,.F.,(12,10,12
    ),(75.946549249947,94.233516705228,112.5204841605),.UNSPECIFIED.);
#6455 = CARTESIAN_POINT('',(6.194586974378E-17,-1.4));
#6456 = CARTESIAN_POINT('',(3.971647223371E-02,-1.400000000004));
#6457 = CARTESIAN_POINT('',(8.098102298957E-02,-1.39999999998));
#6458 = CARTESIAN_POINT('',(0.123793082241,-1.40000000005));
#6459 = CARTESIAN_POINT('',(0.168059556014,-1.399999999916));
#6460 = CARTESIAN_POINT('',(0.213629419952,-1.400000000096));
#6461 = CARTESIAN_POINT('',(0.260321822927,-1.399999999924));
#6462 = CARTESIAN_POINT('',(0.307648065264,-1.400000000041));
#6463 = CARTESIAN_POINT('',(0.355139917686,-1.399999999986));
#6464 = CARTESIAN_POINT('',(0.402450802306,-1.400000000002));
#6465 = CARTESIAN_POINT('',(0.449485722763,-1.4));
#6466 = CARTESIAN_POINT('',(0.542918535566,-1.4));
#6467 = CARTESIAN_POINT('',(0.589319274809,-1.4));
#6468 = CARTESIAN_POINT('',(0.635370118911,-1.4));
#6469 = CARTESIAN_POINT('',(0.681159527767,-1.400000000001));
#6470 = CARTESIAN_POINT('',(0.726794179894,-1.399999999999));
#6471 = CARTESIAN_POINT('',(0.772353995888,-1.4));
#6472 = CARTESIAN_POINT('',(0.817884181684,-1.4));
#6473 = CARTESIAN_POINT('',(0.86340566685,-1.4));
#6474 = CARTESIAN_POINT('',(0.908929161054,-1.4));
#6475 = CARTESIAN_POINT('',(0.954461899993,-1.4));
#6476 = CARTESIAN_POINT('',(1.,-1.4));
#6477 = ( GEOMETRIC_REPRESENTATION_CONTEXT(2) 
PARAMETRIC_REPRESENTATION_CONTEXT() REPRESENTATION_CONTEXT('2D SPACE',''
  ) );
#6478 = ORIENTED_EDGE('',*,*,#6014,.F.);
#6479 = ORIENTED_EDGE('',*,*,#6480,.T.);
#6480 = EDGE_CURVE('',#6015,#6481,#6483,.T.);
#6481 = VERTEX_POINT('',#6482);
#6482 = CARTESIAN_POINT('',(16.87830831466,-3.532014699998,0.));
#6483 = SURFACE_CURVE('',#6484,(#6511,#6518),.PCURVE_S1.);
#6484 = ( BOUNDED_CURVE() B_SPLINE_CURVE(9,(#6485,#6486,#6487,#6488,
    #6489,#6490,#6491,#6492,#6493,#6494,#6495,#6496,#6497,#6498,#6499,
    #6500,#6501,#6502,#6503,#6504,#6505,#6506,#6507,#6508,#6509,#6510),
.UNSPECIFIED.,.F.,.F.) B_SPLINE_CURVE_WITH_KNOTS((10,8,8,10),(
    75.946549249947,76.013656107006,94.267070133758,112.5204841605),
.UNSPECIFIED.) CURVE() GEOMETRIC_REPRESENTATION_ITEM() 
RATIONAL_B_SPLINE_CURVE((1.,1.,1.,1.,1.,1.,1.,1.,1.,1.,1.,1.,1.,1.,1.,1.
,1.,1.,1.,1.,1.,1.,1.,1.,1.,1.)) REPRESENTATION_ITEM('') );
#6485 = CARTESIAN_POINT('',(-5.019265959943,15.977005649553,0.));
#6486 = CARTESIAN_POINT('',(-5.019258325941,15.97062997637,
    3.441691376338E-15));
#6487 = CARTESIAN_POINT('',(-5.019249043765,15.964254840218,
    -1.221245327088E-14));
#6488 = CARTESIAN_POINT('',(-5.019238112509,15.957880242807,
    2.420286193683E-14));
#6489 = CARTESIAN_POINT('',(-5.019225531259,15.951506185843,
    -3.208544541167E-14));
#6490 = CARTESIAN_POINT('',(-5.019211299115,15.945132671038,
    3.053113317719E-14));
#6491 = CARTESIAN_POINT('',(-5.019195415158,15.938759700097,
    -1.987299214079E-14));
#6492 = CARTESIAN_POINT('',(-5.019177878488,15.932387274731,
    7.882583474839E-15));
#6493 = CARTESIAN_POINT('',(-5.019158688193,15.926015396646,
    -9.992007221626E-16));
#6494 = CARTESIAN_POINT('',(-5.013467941701,14.186609427835,
    1.887379141863E-15));
#6495 = CARTESIAN_POINT('',(-4.885514637574,12.48829484019,
    -3.996802888651E-15));
#6496 = CARTESIAN_POINT('',(-4.61465095061,10.842476500297,
    9.547918011776E-15));
#6497 = CARTESIAN_POINT('',(-4.183869188468,9.274529295728,
    -1.709743457923E-14));
#6498 = CARTESIAN_POINT('',(-3.578139568646,7.797837172913,
    2.187139358512E-14));
#6499 = CARTESIAN_POINT('',(-2.791680996752,6.446056199279,
    -2.009503674572E-14));
#6500 = CARTESIAN_POINT('',(-1.849652047916,5.215070112092,
    1.210143096841E-14));
#6501 = CARTESIAN_POINT('',(-0.756312425383,4.094188401982,
    -3.441691376338E-15));
#6502 = CARTESIAN_POINT('',(1.72462702482,2.047737615333,
    1.7763568394E-15));
#6503 = CARTESIAN_POINT('',(3.112384488892,1.122156690226,
    -2.775557561563E-15));
#6504 = CARTESIAN_POINT('',(4.643787951047,0.281684274334,
    1.7763568394E-15));
#6505 = CARTESIAN_POINT('',(6.321630236956,-0.4880363181,
    1.887379141863E-15));
#6506 = CARTESIAN_POINT('',(8.148245668741,-1.194621438982,
    -4.773959005888E-15));
#6507 = CARTESIAN_POINT('',(10.121889044584,-1.844390068504,
    5.995204332976E-15));
#6508 = CARTESIAN_POINT('',(12.237919263154,-2.445466492766,
    -4.551914400963E-15));
#6509 = CARTESIAN_POINT('',(14.492010962186,-3.005250465671,
    1.443289932013E-15));
#6510 = CARTESIAN_POINT('',(16.87830831466,-3.532014699998,0.));
#6511 = PCURVE('',#6068,#6512);
#6512 = DEFINITIONAL_REPRESENTATION('',(#6513),#6517);
#6513 = LINE('',#6514,#6515);
#6514 = CARTESIAN_POINT('',(36.573934910562,0.));
#6515 = VECTOR('',#6516,1.);
#6516 = DIRECTION('',(0.,1.));
#6517 = ( GEOMETRIC_REPRESENTATION_CONTEXT(2) 
PARAMETRIC_REPRESENTATION_CONTEXT() REPRESENTATION_CONTEXT('2D SPACE',''
  ) );
#6518 = PCURVE('',#4107,#6519);
#6519 = DEFINITIONAL_REPRESENTATION('',(#6520),#6547);
#6520 = B_SPLINE_CURVE_WITH_KNOTS('',9,(#6521,#6522,#6523,#6524,#6525,
    #6526,#6527,#6528,#6529,#6530,#6531,#6532,#6533,#6534,#6535,#6536,
    #6537,#6538,#6539,#6540,#6541,#6542,#6543,#6544,#6545,#6546),
  .UNSPECIFIED.,.F.,.F.,(10,8,8,10),(75.946549249947,76.013656107006,
    94.267070133758,112.5204841605),.UNSPECIFIED.);
#6521 = CARTESIAN_POINT('',(6.399811151494,50.977005649553));
#6522 = CARTESIAN_POINT('',(6.399818785496,50.97062997637));
#6523 = CARTESIAN_POINT('',(6.399828067671,50.964254840216));
#6524 = CARTESIAN_POINT('',(6.39983899893,50.957880242811));
#6525 = CARTESIAN_POINT('',(6.399851580176,50.951506185838));
#6526 = CARTESIAN_POINT('',(6.399865812325,50.945132671042));
#6527 = CARTESIAN_POINT('',(6.399881696278,50.938759700094));
#6528 = CARTESIAN_POINT('',(6.39989923295,50.932387274732));
#6529 = CARTESIAN_POINT('',(6.399918423245,50.926015396646));
#6530 = CARTESIAN_POINT('',(6.405609169737,49.186609427836));
#6531 = CARTESIAN_POINT('',(6.533562473863,47.488294840188));
#6532 = CARTESIAN_POINT('',(6.804426160829,45.842476500301));
#6533 = CARTESIAN_POINT('',(7.235207922969,44.274529295725));
#6534 = CARTESIAN_POINT('',(7.840937542792,42.797837172914));
#6535 = CARTESIAN_POINT('',(8.627396114686,41.44605619928));
#6536 = CARTESIAN_POINT('',(9.569425063521,40.215070112091));
#6537 = CARTESIAN_POINT('',(10.662764686054,39.094188401983));
#6538 = CARTESIAN_POINT('',(13.143704136257,37.047737615332));
#6539 = CARTESIAN_POINT('',(14.53146160033,36.122156690228));
#6540 = CARTESIAN_POINT('',(16.062865062483,35.28168427433));
#6541 = CARTESIAN_POINT('',(17.740707348395,34.511963681905));
#6542 = CARTESIAN_POINT('',(19.567322780177,33.805378561014));
#6543 = CARTESIAN_POINT('',(21.540966156022,33.155609931498));
#6544 = CARTESIAN_POINT('',(23.656996374591,32.554533507233));
#6545 = CARTESIAN_POINT('',(25.911088073624,31.994749534329));
#6546 = CARTESIAN_POINT('',(28.297385426097,31.467985300002));
#6547 = ( GEOMETRIC_REPRESENTATION_CONTEXT(2) 
PARAMETRIC_REPRESENTATION_CONTEXT() REPRESENTATION_CONTEXT('2D SPACE',''
  ) );
#6548 = ORIENTED_EDGE('',*,*,#6549,.F.);
#6549 = EDGE_CURVE('',#6415,#6481,#6550,.T.);
#6550 = SURFACE_CURVE('',#6551,(#6555,#6561),.PCURVE_S1.);
#6551 = ( BOUNDED_CURVE() B_SPLINE_CURVE(2,(#6552,#6553,#6554),
.UNSPECIFIED.,.F.,.F.) B_SPLINE_CURVE_WITH_KNOTS((3,3),(0.,
36.573934910562),.PIECEWISE_BEZIER_KNOTS.) CURVE() 
GEOMETRIC_REPRESENTATION_ITEM() RATIONAL_B_SPLINE_CURVE((1.,
0.707106781187,1.)) REPRESENTATION_ITEM('') );
#6552 = CARTESIAN_POINT('',(16.580922888563,-4.900065104167,1.4));
#6553 = CARTESIAN_POINT('',(16.580922888563,-4.900065104167,
    2.22044604925E-16));
#6554 = CARTESIAN_POINT('',(16.87830831466,-3.532014699998,0.));
#6555 = PCURVE('',#6068,#6556);
#6556 = DEFINITIONAL_REPRESENTATION('',(#6557),#6560);
#6557 = B_SPLINE_CURVE_WITH_KNOTS('',1,(#6558,#6559),.UNSPECIFIED.,.F.,
  .F.,(2,2),(0.,36.573934910562),.PIECEWISE_BEZIER_KNOTS.);
#6558 = CARTESIAN_POINT('',(0.,112.5204841605));
#6559 = CARTESIAN_POINT('',(36.573934910562,112.5204841605));
#6560 = ( GEOMETRIC_REPRESENTATION_CONTEXT(2) 
PARAMETRIC_REPRESENTATION_CONTEXT() REPRESENTATION_CONTEXT('2D SPACE',''
  ) );
#6561 = PCURVE('',#6562,#6567);
#6562 = CYLINDRICAL_SURFACE('',#6563,1.4);
#6563 = AXIS2_PLACEMENT_3D('',#6564,#6565,#6566);
#6564 = CARTESIAN_POINT('',(16.87830831466,-3.532014699998,1.4));
#6565 = DIRECTION('',(0.97717886012,-0.212418161498,0.));
#6566 = DIRECTION('',(-0.212418161498,-0.97717886012,0.));
#6567 = DEFINITIONAL_REPRESENTATION('',(#6568),#6579);
#6568 = B_SPLINE_CURVE_WITH_KNOTS('',9,(#6569,#6570,#6571,#6572,#6573,
    #6574,#6575,#6576,#6577,#6578),.UNSPECIFIED.,.F.,.F.,(10,10),(0.,
    36.573934910562),.PIECEWISE_BEZIER_KNOTS.);
#6569 = CARTESIAN_POINT('',(1.110223024625E-16,-1.110223024625E-15));
#6570 = CARTESIAN_POINT('',(0.157134840264,-1.110223024625E-15));
#6571 = CARTESIAN_POINT('',(0.325774716821,-1.110223024625E-15));
#6572 = CARTESIAN_POINT('',(0.50456638687,-1.110223024625E-15));
#6573 = CARTESIAN_POINT('',(0.690744851612,-1.110223024625E-15));
#6574 = CARTESIAN_POINT('',(0.880051475183,-1.110223024625E-15));
#6575 = CARTESIAN_POINT('',(1.066229939925,-1.110223024625E-15));
#6576 = CARTESIAN_POINT('',(1.245021609974,-1.110223024625E-15));
#6577 = CARTESIAN_POINT('',(1.413661486531,-1.110223024625E-15));
#6578 = CARTESIAN_POINT('',(1.570796326795,-1.110223024625E-15));
#6579 = ( GEOMETRIC_REPRESENTATION_CONTEXT(2) 
PARAMETRIC_REPRESENTATION_CONTEXT() REPRESENTATION_CONTEXT('2D SPACE',''
  ) );
#6580 = ADVANCED_FACE('',(#6581),#6562,.T.);
#6581 = FACE_BOUND('',#6582,.T.);
#6582 = EDGE_LOOP('',(#6583,#6584,#6607,#6757));
#6583 = ORIENTED_EDGE('',*,*,#6549,.T.);
#6584 = ORIENTED_EDGE('',*,*,#6585,.T.);
#6585 = EDGE_CURVE('',#6481,#6586,#6588,.T.);
#6586 = VERTEX_POINT('',#6587);
#6587 = CARTESIAN_POINT('',(19.178438522993,-4.032014699998,
    -2.22044604925E-16));
#6588 = SURFACE_CURVE('',#6589,(#6593,#6600),.PCURVE_S1.);
#6589 = LINE('',#6590,#6591);
#6590 = CARTESIAN_POINT('',(16.87830831466,-3.532014699998,
    -2.22044604925E-16));
#6591 = VECTOR('',#6592,1.);
#6592 = DIRECTION('',(0.97717886012,-0.212418161498,0.));
#6593 = PCURVE('',#6562,#6594);
#6594 = DEFINITIONAL_REPRESENTATION('',(#6595),#6599);
#6595 = LINE('',#6596,#6597);
#6596 = CARTESIAN_POINT('',(1.570796326795,0.));
#6597 = VECTOR('',#6598,1.);
#6598 = DIRECTION('',(0.,1.));
#6599 = ( GEOMETRIC_REPRESENTATION_CONTEXT(2) 
PARAMETRIC_REPRESENTATION_CONTEXT() REPRESENTATION_CONTEXT('2D SPACE',''
  ) );
#6600 = PCURVE('',#4107,#6601);
#6601 = DEFINITIONAL_REPRESENTATION('',(#6602),#6606);
#6602 = LINE('',#6603,#6604);
#6603 = CARTESIAN_POINT('',(28.297385426097,31.467985300002));
#6604 = VECTOR('',#6605,1.);
#6605 = DIRECTION('',(0.97717886012,-0.212418161498));
#6606 = ( GEOMETRIC_REPRESENTATION_CONTEXT(2) 
PARAMETRIC_REPRESENTATION_CONTEXT() REPRESENTATION_CONTEXT('2D SPACE',''
  ) );
#6607 = ORIENTED_EDGE('',*,*,#6608,.F.);
#6608 = EDGE_CURVE('',#6609,#6586,#6611,.T.);
#6609 = VERTEX_POINT('',#6610);
#6610 = CARTESIAN_POINT('',(18.881053096896,-5.400065104167,1.4));
#6611 = SURFACE_CURVE('',#6612,(#6617,#6623),.PCURVE_S1.);
#6612 = CIRCLE('',#6613,1.4);
#6613 = AXIS2_PLACEMENT_3D('',#6614,#6615,#6616);
#6614 = CARTESIAN_POINT('',(19.178438522993,-4.032014699998,1.4));
#6615 = DIRECTION('',(0.97717886012,-0.212418161498,0.));
#6616 = DIRECTION('',(-0.212418161498,-0.97717886012,0.));
#6617 = PCURVE('',#6562,#6618);
#6618 = DEFINITIONAL_REPRESENTATION('',(#6619),#6622);
#6619 = B_SPLINE_CURVE_WITH_KNOTS('',1,(#6620,#6621),.UNSPECIFIED.,.F.,
  .F.,(2,2),(0.,1.570796326795),.PIECEWISE_BEZIER_KNOTS.);
#6620 = CARTESIAN_POINT('',(0.,2.353847695856));
#6621 = CARTESIAN_POINT('',(1.570796326795,2.353847695856));
#6622 = ( GEOMETRIC_REPRESENTATION_CONTEXT(2) 
PARAMETRIC_REPRESENTATION_CONTEXT() REPRESENTATION_CONTEXT('2D SPACE',''
  ) );
#6623 = PCURVE('',#6624,#6712);
#6624 = ( BOUNDED_SURFACE() B_SPLINE_SURFACE(2,10,(
    (#6625,#6626,#6627,#6628,#6629,#6630,#6631,#6632,#6633,#6634,#6635
      ,#6636,#6637,#6638,#6639,#6640,#6641,#6642,#6643,#6644,#6645,#6646
      ,#6647,#6648,#6649,#6650,#6651,#6652,#6653)
    ,(#6654,#6655,#6656,#6657,#6658,#6659,#6660,#6661,#6662,#6663,#6664
      ,#6665,#6666,#6667,#6668,#6669,#6670,#6671,#6672,#6673,#6674,#6675
      ,#6676,#6677,#6678,#6679,#6680,#6681,#6682)
    ,(#6683,#6684,#6685,#6686,#6687,#6688,#6689,#6690,#6691,#6692,#6693
      ,#6694,#6695,#6696,#6697,#6698,#6699,#6700,#6701,#6702,#6703,#6704
      ,#6705,#6706,#6707,#6708,#6709,#6710,#6711
)),.UNSPECIFIED.,.F.,.F.,.F.) B_SPLINE_SURFACE_WITH_KNOTS((3,3),(11,9,9,
    11),(0.,20.280524139245),(114.87433185636,124.97898252979,
    135.08363320322,135.15485599561),.UNSPECIFIED.) 
GEOMETRIC_REPRESENTATION_ITEM() RATIONAL_B_SPLINE_SURFACE((
    (1.,1.,1.,1.,0.999999999999,1.000000000001,0.999999999999,1.,1.,1.
      ,1.,1.,1.,1.,1.,1.,1.,1.,1.,1.,1.,1.,0.999999999999,1.000000000001
      ,1.,1.,1.,1.,1.)
    ,(0.707106781187,0.707106781187,0.707106781186,0.707106781187
      ,0.707106781186,0.707106781187,0.707106781186,0.707106781187
      ,0.707106781186,0.707106781187,0.707106781187,0.707106781187
      ,0.707106781187,0.707106781186,0.707106781187,0.707106781186
      ,0.707106781187,0.707106781187,0.707106781187,0.707106781187
      ,0.707106781186,0.707106781187,0.707106781186,0.707106781187
      ,0.707106781186,0.707106781187,0.707106781186,0.707106781187
      ,0.707106781187)
    ,(1.,1.,1.,1.,0.999999999999,1.000000000001,0.999999999999,1.,1.,1.
      ,1.,1.,1.,1.,1.,1.,1.,1.,1.,1.,1.,1.,0.999999999999,1.000000000001
,1.,1.,1.,1.,1.))) REPRESENTATION_ITEM('') SURFACE() );
#6625 = CARTESIAN_POINT('',(18.881053096896,-5.400065104167,1.4));
#6626 = CARTESIAN_POINT('',(20.231053096896,-5.700065104167,1.4));
#6627 = CARTESIAN_POINT('',(21.515933869993,-6.000054409797,1.4));
#6628 = CARTESIAN_POINT('',(22.734336352676,-6.303896582184,1.4));
#6629 = CARTESIAN_POINT('',(23.885123334755,-6.615650508415,1.4));
#6630 = CARTESIAN_POINT('',(24.967121435004,-6.93927269407,1.4));
#6631 = CARTESIAN_POINT('',(25.979295072317,-7.278673851952,1.4));
#6632 = CARTESIAN_POINT('',(26.921019052378,-7.637962806268,1.4));
#6633 = CARTESIAN_POINT('',(27.792116390078,-8.021710731575,1.4));
#6634 = CARTESIAN_POINT('',(28.592327987607,-8.43506874574,1.4));
#6635 = CARTESIAN_POINT('',(30.047433589341,-9.3320750067,1.4));
#6636 = CARTESIAN_POINT('',(30.702271885995,-9.815673223035,1.4));
#6637 = CARTESIAN_POINT('',(31.283109848764,-10.33987494896,1.4));
#6638 = CARTESIAN_POINT('',(31.784546679634,-10.90961601449,1.4));
#6639 = CARTESIAN_POINT('',(32.20714979921,-11.52902090784,1.4));
#6640 = CARTESIAN_POINT('',(32.529324113943,-12.20049790909,1.4));
#6641 = CARTESIAN_POINT('',(32.759420835288,-12.90107119644,1.4));
#6642 = CARTESIAN_POINT('',(32.905628818455,-13.62937318768,1.4));
#6643 = CARTESIAN_POINT('',(32.976617599592,-14.37845005406,1.4));
#6644 = CARTESIAN_POINT('',(32.980869138798,-15.15115486309,1.4));
#6645 = CARTESIAN_POINT('',(32.980895578046,-15.1565640683,1.4));
#6646 = CARTESIAN_POINT('',(32.980918702163,-15.1619741733,1.4));
#6647 = CARTESIAN_POINT('',(32.980938514074,-15.16738517438,1.4));
#6648 = CARTESIAN_POINT('',(32.980955016694,-15.17279706785,1.4));
#6649 = CARTESIAN_POINT('',(32.980968212951,-15.17820985001,1.4));
#6650 = CARTESIAN_POINT('',(32.98097810576,-15.18362351717,1.4));
#6651 = CARTESIAN_POINT('',(32.980984698047,-15.18903806562,1.4));
#6652 = CARTESIAN_POINT('',(32.980987992729,-15.19445349169,1.4));
#6653 = CARTESIAN_POINT('',(32.980987992729,-15.19986979166,1.4));
#6654 = CARTESIAN_POINT('',(18.881053096896,-5.400065104167,
    2.22044604925E-16));
#6655 = CARTESIAN_POINT('',(20.231053096896,-5.700065104167,
    -2.22044604925E-15));
#6656 = CARTESIAN_POINT('',(21.515933869993,-6.000054409797,
    1.121325254871E-14));
#6657 = CARTESIAN_POINT('',(22.734336352676,-6.303896582184,
    -2.520206265899E-14));
#6658 = CARTESIAN_POINT('',(23.885123334755,-6.615650508415,
    4.274358644807E-14));
#6659 = CARTESIAN_POINT('',(24.967121435004,-6.93927269407,
    -5.262457136723E-14));
#6660 = CARTESIAN_POINT('',(25.979295072317,-7.278673851953,
    4.951594689828E-14));
#6661 = CARTESIAN_POINT('',(26.921019052378,-7.637962806268,
    -3.397282455353E-14));
#6662 = CARTESIAN_POINT('',(27.792116390078,-8.021710731575,
    1.554312234475E-14));
#6663 = CARTESIAN_POINT('',(28.592327987607,-8.43506874574,
    -1.887379141863E-15));
#6664 = CARTESIAN_POINT('',(30.047433589341,-9.3320750067,
    -1.221245327088E-15));
#6665 = CARTESIAN_POINT('',(30.702271885995,-9.815673223035,
    1.276756478319E-14));
#6666 = CARTESIAN_POINT('',(31.283109848764,-10.33987494896,
    -3.175237850428E-14));
#6667 = CARTESIAN_POINT('',(31.784546679635,-10.90961601449,
    4.840572387366E-14));
#6668 = CARTESIAN_POINT('',(32.20714979921,-11.52902090784,
    -4.718447854657E-14));
#6669 = CARTESIAN_POINT('',(32.529324113944,-12.20049790909,
    3.086420008458E-14));
#6670 = CARTESIAN_POINT('',(32.759420835288,-12.90107119644,
    -1.032507412901E-14));
#6671 = CARTESIAN_POINT('',(32.905628818456,-13.62937318768,
    -3.330669073875E-16));
#6672 = CARTESIAN_POINT('',(32.976617599591,-14.37845005406,
    2.997602166488E-15));
#6673 = CARTESIAN_POINT('',(32.980869138798,-15.15115486309,
    -1.998401444325E-15));
#6674 = CARTESIAN_POINT('',(32.980895578045,-15.1565640683,
    2.053912595557E-14));
#6675 = CARTESIAN_POINT('',(32.980918702163,-15.1619741733,
    -5.739853037312E-14));
#6676 = CARTESIAN_POINT('',(32.980938514072,-15.16738517438,
    1.039168751049E-13));
#6677 = CARTESIAN_POINT('',(32.980955016695,-15.17279706785,
    -1.305622276959E-13));
#6678 = CARTESIAN_POINT('',(32.98096821295,-15.17820985001,
    1.189048859374E-13));
#6679 = CARTESIAN_POINT('',(32.980978105761,-15.18362351717,
    -7.727152251391E-14));
#6680 = CARTESIAN_POINT('',(32.980984698047,-15.18903806562,
    3.441691376338E-14));
#6681 = CARTESIAN_POINT('',(32.980987992729,-15.19445349169,
    -7.993605777301E-15));
#6682 = CARTESIAN_POINT('',(32.980987992729,-15.19986979166,
    2.22044604925E-16));
#6683 = CARTESIAN_POINT('',(19.178438522993,-4.032014699998,0.));
#6684 = CARTESIAN_POINT('',(20.541162860241,-4.33478070368,
    -1.187938636349E-14));
#6685 = CARTESIAN_POINT('',(21.84316059115,-4.638649941805,
    4.818367926873E-14));
#6686 = CARTESIAN_POINT('',(23.084169906907,-4.947791676654,
    -1.092459456231E-13));
#6687 = CARTESIAN_POINT('',(24.264181705246,-5.266947414235,
    1.681987882307E-13));
#6688 = CARTESIAN_POINT('',(25.383238739067,-5.600825571624,
    -1.85074178205E-13));
#6689 = CARTESIAN_POINT('',(26.441632735263,-5.954393692957,
    1.44995127016E-13));
#6690 = CARTESIAN_POINT('',(27.440042682003,-6.333547482016,
    -7.893685705085E-14));
#6691 = CARTESIAN_POINT('',(28.379157482797,-6.745635919596,
    2.84217094304E-14));
#6692 = CARTESIAN_POINT('',(29.258326175507,-7.199321733558,
    -5.218048215738E-15));
#6693 = CARTESIAN_POINT('',(30.887231653838,-8.207191245918,
    3.330669073875E-15));
#6694 = CARTESIAN_POINT('',(31.636920182235,-8.76128972964,
    -6.217248937901E-15));
#6695 = CARTESIAN_POINT('',(32.317797651647,-9.374178565815,
    5.107025913276E-15));
#6696 = CARTESIAN_POINT('',(32.918743889947,-10.05274939766,
    5.995204332976E-15));
#6697 = CARTESIAN_POINT('',(33.434274101362,-10.80221977389,
    -2.520206265899E-14));
#6698 = CARTESIAN_POINT('',(33.828876072423,-11.61944710553,
    3.941291737419E-14));
#6699 = CARTESIAN_POINT('',(34.110590188251,-12.46814295832,
    -3.741451592987E-14));
#6700 = CARTESIAN_POINT('',(34.289117576465,-13.34290463803,
    2.475797344914E-14));
#6701 = CARTESIAN_POINT('',(34.375699853554,-14.23333985933,
    -1.287858708565E-14));
#6702 = CARTESIAN_POINT('',(34.380845547811,-15.14297117646,
    5.107025913276E-15));
#6703 = CARTESIAN_POINT('',(34.380877514068,-15.14933838919,
    -4.274358644807E-14));
#6704 = CARTESIAN_POINT('',(34.38090543478,-15.15570613752,
    1.116884362773E-13));
#6705 = CARTESIAN_POINT('',(34.380929313805,-15.16207441964,
    -1.839639551804E-13));
#6706 = CARTESIAN_POINT('',(34.380949154983,-15.16844323373,
    2.147171329625E-13));
#6707 = CARTESIAN_POINT('',(34.380964962179,-15.17481257797,
    -1.818545314336E-13));
#6708 = CARTESIAN_POINT('',(34.380976739232,-15.18118245055,
    1.112443470674E-13));
#6709 = CARTESIAN_POINT('',(34.380984490003,-15.18755284966,
    -4.740652315149E-14));
#6710 = CARTESIAN_POINT('',(34.380988218338,-15.19392377348,
    1.15463194561E-14));
#6711 = CARTESIAN_POINT('',(34.38098792809,-15.19986979166,0.));
#6712 = DEFINITIONAL_REPRESENTATION('',(#6713),#6756);
#6713 = B_SPLINE_CURVE_WITH_KNOTS('',11,(#6714,#6715,#6716,#6717,#6718,
    #6719,#6720,#6721,#6722,#6723,#6724,#6725,#6726,#6727,#6728,#6729,
    #6730,#6731,#6732,#6733,#6734,#6735,#6736,#6737,#6738,#6739,#6740,
    #6741,#6742,#6743,#6744,#6745,#6746,#6747,#6748,#6749,#6750,#6751,
    #6752,#6753,#6754,#6755),.UNSPECIFIED.,.F.,.F.,(12,10,10,10,12),(0.,
    0.392699081699,0.785398163397,1.178097245096,1.570796326795),
  .UNSPECIFIED.);
#6714 = CARTESIAN_POINT('',(3.10862446895E-15,114.87433185636));
#6715 = CARTESIAN_POINT('',(0.5119545152,114.87433185636));
#6716 = CARTESIAN_POINT('',(1.015581389753,114.87433185638));
#6717 = CARTESIAN_POINT('',(1.511545678451,114.87433185631));
#6718 = CARTESIAN_POINT('',(2.000465611558,114.87433185644));
#6719 = CARTESIAN_POINT('',(2.482922457746,114.87433185627));
#6720 = CARTESIAN_POINT('',(2.959464217135,114.87433185644));
#6721 = CARTESIAN_POINT('',(3.430608315312,114.87433185631));
#6722 = CARTESIAN_POINT('',(3.896845813846,114.87433185639));
#6723 = CARTESIAN_POINT('',(4.358646996619,114.87433185635));
#6724 = CARTESIAN_POINT('',(4.816465535968,114.87433185636));
#6725 = CARTESIAN_POINT('',(5.72500603712,114.87433185636));
#6726 = CARTESIAN_POINT('',(6.175727234987,114.87433185636));
#6727 = CARTESIAN_POINT('',(6.623342236017,114.87433185636));
#6728 = CARTESIAN_POINT('',(7.068237037117,114.87433185637));
#6729 = CARTESIAN_POINT('',(7.510904198103,114.87433185635));
#6730 = CARTESIAN_POINT('',(7.9515997555,114.87433185638));
#6731 = CARTESIAN_POINT('',(8.390841306808,114.87433185635));
#6732 = CARTESIAN_POINT('',(8.828949557273,114.87433185637));
#6733 = CARTESIAN_POINT('',(9.266301767164,114.87433185636));
#6734 = CARTESIAN_POINT('',(9.703282162077,114.87433185636));
#6735 = CARTESIAN_POINT('',(10.577241977168,114.87433185636));
#6736 = CARTESIAN_POINT('',(11.014222372082,114.87433185636));
#6737 = CARTESIAN_POINT('',(11.45157458197,114.87433185636));
#6738 = CARTESIAN_POINT('',(11.889682832441,114.87433185637));
#6739 = CARTESIAN_POINT('',(12.328924383739,114.87433185635));
#6740 = CARTESIAN_POINT('',(12.769619941147,114.87433185637));
#6741 = CARTESIAN_POINT('',(13.212287102125,114.87433185636));
#6742 = CARTESIAN_POINT('',(13.65718190323,114.87433185636));
#6743 = CARTESIAN_POINT('',(14.104796904257,114.87433185636));
#6744 = CARTESIAN_POINT('',(14.555518102125,114.87433185636));
#6745 = CARTESIAN_POINT('',(15.464058603277,114.87433185636));
#6746 = CARTESIAN_POINT('',(15.921877142623,114.87433185635));
#6747 = CARTESIAN_POINT('',(16.383678325408,114.8743318564));
#6748 = CARTESIAN_POINT('',(16.849915823915,114.87433185628));
#6749 = CARTESIAN_POINT('',(17.321059922136,114.87433185647));
#6750 = CARTESIAN_POINT('',(17.797601681471,114.87433185624));
#6751 = CARTESIAN_POINT('',(18.28005852771,114.87433185646));
#6752 = CARTESIAN_POINT('',(18.768978460781,114.8743318563));
#6753 = CARTESIAN_POINT('',(19.264942749498,114.87433185638));
#6754 = CARTESIAN_POINT('',(19.768569624044,114.87433185636));
#6755 = CARTESIAN_POINT('',(20.280524139245,114.87433185636));
#6756 = ( GEOMETRIC_REPRESENTATION_CONTEXT(2) 
PARAMETRIC_REPRESENTATION_CONTEXT() REPRESENTATION_CONTEXT('2D SPACE',''
  ) );
#6757 = ORIENTED_EDGE('',*,*,#6758,.F.);
#6758 = EDGE_CURVE('',#6415,#6609,#6759,.T.);
#6759 = SURFACE_CURVE('',#6760,(#6764,#6771),.PCURVE_S1.);
#6760 = LINE('',#6761,#6762);
#6761 = CARTESIAN_POINT('',(16.580922888563,-4.900065104167,1.4));
#6762 = VECTOR('',#6763,1.);
#6763 = DIRECTION('',(0.97717886012,-0.212418161498,0.));
#6764 = PCURVE('',#6562,#6765);
#6765 = DEFINITIONAL_REPRESENTATION('',(#6766),#6770);
#6766 = LINE('',#6767,#6768);
#6767 = CARTESIAN_POINT('',(0.,0.));
#6768 = VECTOR('',#6769,1.);
#6769 = DIRECTION('',(0.,1.));
#6770 = ( GEOMETRIC_REPRESENTATION_CONTEXT(2) 
PARAMETRIC_REPRESENTATION_CONTEXT() REPRESENTATION_CONTEXT('2D SPACE',''
  ) );
#6771 = PCURVE('',#2944,#6772);
#6772 = DEFINITIONAL_REPRESENTATION('',(#6773),#6777);
#6773 = LINE('',#6774,#6775);
#6774 = CARTESIAN_POINT('',(1.110223024625E-15,-1.4));
#6775 = VECTOR('',#6776,1.);
#6776 = DIRECTION('',(1.,0.));
#6777 = ( GEOMETRIC_REPRESENTATION_CONTEXT(2) 
PARAMETRIC_REPRESENTATION_CONTEXT() REPRESENTATION_CONTEXT('2D SPACE',''
  ) );
#6778 = ADVANCED_FACE('',(#6779),#6624,.T.);
#6779 = FACE_BOUND('',#6780,.T.);
#6780 = EDGE_LOOP('',(#6781,#6782,#6857,#6921));
#6781 = ORIENTED_EDGE('',*,*,#6608,.T.);
#6782 = ORIENTED_EDGE('',*,*,#6783,.T.);
#6783 = EDGE_CURVE('',#6586,#6784,#6786,.T.);
#6784 = VERTEX_POINT('',#6785);
#6785 = CARTESIAN_POINT('',(34.38098792809,-15.19986979166,0.));
#6786 = SURFACE_CURVE('',#6787,(#6817,#6824),.PCURVE_S1.);
#6787 = ( BOUNDED_CURVE() B_SPLINE_CURVE(10,(#6788,#6789,#6790,#6791,
    #6792,#6793,#6794,#6795,#6796,#6797,#6798,#6799,#6800,#6801,#6802,
    #6803,#6804,#6805,#6806,#6807,#6808,#6809,#6810,#6811,#6812,#6813,
#6814,#6815,#6816),.UNSPECIFIED.,.F.,.F.) B_SPLINE_CURVE_WITH_KNOTS((11,
    9,9,11),(114.87433185636,124.97898252979,135.08363320322,
135.15485599561),.UNSPECIFIED.) CURVE() GEOMETRIC_REPRESENTATION_ITEM() 
RATIONAL_B_SPLINE_CURVE((1.,1.,1.,1.,0.999999999999,1.000000000001,
    0.999999999999,1.,1.,1.,1.,1.,1.,1.,1.,1.,1.,1.,1.,1.,1.,1.,
0.999999999999,1.000000000001,1.,1.,1.,1.,1.)) REPRESENTATION_ITEM('') 
  );
#6788 = CARTESIAN_POINT('',(19.178438522993,-4.032014699998,0.));
#6789 = CARTESIAN_POINT('',(20.541162860241,-4.33478070368,
    -1.187938636349E-14));
#6790 = CARTESIAN_POINT('',(21.84316059115,-4.638649941805,
    4.818367926873E-14));
#6791 = CARTESIAN_POINT('',(23.084169906907,-4.947791676654,
    -1.092459456231E-13));
#6792 = CARTESIAN_POINT('',(24.264181705246,-5.266947414235,
    1.681987882307E-13));
#6793 = CARTESIAN_POINT('',(25.383238739067,-5.600825571624,
    -1.85074178205E-13));
#6794 = CARTESIAN_POINT('',(26.441632735263,-5.954393692957,
    1.44995127016E-13));
#6795 = CARTESIAN_POINT('',(27.440042682003,-6.333547482016,
    -7.893685705085E-14));
#6796 = CARTESIAN_POINT('',(28.379157482797,-6.745635919596,
    2.84217094304E-14));
#6797 = CARTESIAN_POINT('',(29.258326175507,-7.199321733558,
    -5.218048215738E-15));
#6798 = CARTESIAN_POINT('',(30.887231653838,-8.207191245918,
    3.330669073875E-15));
#6799 = CARTESIAN_POINT('',(31.636920182235,-8.76128972964,
    -6.217248937901E-15));
#6800 = CARTESIAN_POINT('',(32.317797651647,-9.374178565815,
    5.107025913276E-15));
#6801 = CARTESIAN_POINT('',(32.918743889947,-10.05274939766,
    5.995204332976E-15));
#6802 = CARTESIAN_POINT('',(33.434274101362,-10.80221977389,
    -2.520206265899E-14));
#6803 = CARTESIAN_POINT('',(33.828876072423,-11.61944710553,
    3.941291737419E-14));
#6804 = CARTESIAN_POINT('',(34.110590188251,-12.46814295832,
    -3.741451592987E-14));
#6805 = CARTESIAN_POINT('',(34.289117576465,-13.34290463803,
    2.475797344914E-14));
#6806 = CARTESIAN_POINT('',(34.375699853554,-14.23333985933,
    -1.287858708565E-14));
#6807 = CARTESIAN_POINT('',(34.380845547811,-15.14297117646,
    5.107025913276E-15));
#6808 = CARTESIAN_POINT('',(34.380877514068,-15.14933838919,
    -4.274358644807E-14));
#6809 = CARTESIAN_POINT('',(34.38090543478,-15.15570613752,
    1.116884362773E-13));
#6810 = CARTESIAN_POINT('',(34.380929313805,-15.16207441964,
    -1.839639551804E-13));
#6811 = CARTESIAN_POINT('',(34.380949154983,-15.16844323373,
    2.147171329625E-13));
#6812 = CARTESIAN_POINT('',(34.380964962179,-15.17481257797,
    -1.818545314336E-13));
#6813 = CARTESIAN_POINT('',(34.380976739232,-15.18118245055,
    1.112443470674E-13));
#6814 = CARTESIAN_POINT('',(34.380984490003,-15.18755284966,
    -4.740652315149E-14));
#6815 = CARTESIAN_POINT('',(34.380988218338,-15.19392377348,
    1.15463194561E-14));
#6816 = CARTESIAN_POINT('',(34.38098792809,-15.19986979166,0.));
#6817 = PCURVE('',#6624,#6818);
#6818 = DEFINITIONAL_REPRESENTATION('',(#6819),#6823);
#6819 = LINE('',#6820,#6821);
#6820 = CARTESIAN_POINT('',(20.280524139245,0.));
#6821 = VECTOR('',#6822,1.);
#6822 = DIRECTION('',(0.,1.));
#6823 = ( GEOMETRIC_REPRESENTATION_CONTEXT(2) 
PARAMETRIC_REPRESENTATION_CONTEXT() REPRESENTATION_CONTEXT('2D SPACE',''
  ) );
#6824 = PCURVE('',#4107,#6825);
#6825 = DEFINITIONAL_REPRESENTATION('',(#6826),#6856);
#6826 = B_SPLINE_CURVE_WITH_KNOTS('',10,(#6827,#6828,#6829,#6830,#6831,
    #6832,#6833,#6834,#6835,#6836,#6837,#6838,#6839,#6840,#6841,#6842,
    #6843,#6844,#6845,#6846,#6847,#6848,#6849,#6850,#6851,#6852,#6853,
    #6854,#6855),.UNSPECIFIED.,.F.,.F.,(11,9,9,11),(114.87433185636,
    124.97898252979,135.08363320322,135.15485599561),.UNSPECIFIED.);
#6827 = CARTESIAN_POINT('',(30.59751563443,30.967985300002));
#6828 = CARTESIAN_POINT('',(31.96023997168,30.665219296322));
#6829 = CARTESIAN_POINT('',(33.262237702582,30.36135005819));
#6830 = CARTESIAN_POINT('',(34.503247018356,30.052208323358));
#6831 = CARTESIAN_POINT('',(35.683258816665,29.733052585748));
#6832 = CARTESIAN_POINT('',(36.802315850524,29.399174428395));
#6833 = CARTESIAN_POINT('',(37.860709846686,29.045606307028));
#6834 = CARTESIAN_POINT('',(38.859119793449,28.666452517993));
#6835 = CARTESIAN_POINT('',(39.798234594231,28.254364080401));
#6836 = CARTESIAN_POINT('',(40.677403286945,27.800678266442));
#6837 = CARTESIAN_POINT('',(42.306308765276,26.792808754082));
#6838 = CARTESIAN_POINT('',(43.055997293668,26.238710270357));
#6839 = CARTESIAN_POINT('',(43.736874763095,25.625821434193));
#6840 = CARTESIAN_POINT('',(44.337821001368,24.947250602319));
#6841 = CARTESIAN_POINT('',(44.853351212818,24.19778022612));
#6842 = CARTESIAN_POINT('',(45.247953183846,23.380552894453));
#6843 = CARTESIAN_POINT('',(45.529667299696,22.531857041683));
#6844 = CARTESIAN_POINT('',(45.708194687901,21.657095361963));
#6845 = CARTESIAN_POINT('',(45.794776964991,20.766660140664));
#6846 = CARTESIAN_POINT('',(45.799922659249,19.857028823536));
#6847 = CARTESIAN_POINT('',(45.7999546255,19.8506616108));
#6848 = CARTESIAN_POINT('',(45.799982546232,19.844293862475));
#6849 = CARTESIAN_POINT('',(45.800006425221,19.837925580346));
#6850 = CARTESIAN_POINT('',(45.800026266442,19.831556766275));
#6851 = CARTESIAN_POINT('',(45.800042073601,19.82518742202));
#6852 = CARTESIAN_POINT('',(45.800053850678,19.818817549448));
#6853 = CARTESIAN_POINT('',(45.800061601437,19.812447150336));
#6854 = CARTESIAN_POINT('',(45.800065329776,19.80607622652));
#6855 = CARTESIAN_POINT('',(45.800065039528,19.799704779807));
#6856 = ( GEOMETRIC_REPRESENTATION_CONTEXT(2) 
PARAMETRIC_REPRESENTATION_CONTEXT() REPRESENTATION_CONTEXT('2D SPACE',''
  ) );
#6857 = ORIENTED_EDGE('',*,*,#6858,.F.);
#6858 = EDGE_CURVE('',#6859,#6784,#6861,.T.);
#6859 = VERTEX_POINT('',#6860);
#6860 = CARTESIAN_POINT('',(32.980987992729,-15.19986979166,1.4));
#6861 = SURFACE_CURVE('',#6862,(#6866,#6872),.PCURVE_S1.);
#6862 = ( BOUNDED_CURVE() B_SPLINE_CURVE(2,(#6863,#6864,#6865),
.UNSPECIFIED.,.F.,.F.) B_SPLINE_CURVE_WITH_KNOTS((3,3),(0.,
20.280524139245),.PIECEWISE_BEZIER_KNOTS.) CURVE() 
GEOMETRIC_REPRESENTATION_ITEM() RATIONAL_B_SPLINE_CURVE((1.,
0.707106781187,1.)) REPRESENTATION_ITEM('') );
#6863 = CARTESIAN_POINT('',(32.980987992729,-15.19986979166,1.4));
#6864 = CARTESIAN_POINT('',(32.980987992729,-15.19986979166,
    2.22044604925E-16));
#6865 = CARTESIAN_POINT('',(34.38098792809,-15.19986979166,0.));
#6866 = PCURVE('',#6624,#6867);
#6867 = DEFINITIONAL_REPRESENTATION('',(#6868),#6871);
#6868 = B_SPLINE_CURVE_WITH_KNOTS('',1,(#6869,#6870),.UNSPECIFIED.,.F.,
  .F.,(2,2),(0.,20.280524139245),.PIECEWISE_BEZIER_KNOTS.);
#6869 = CARTESIAN_POINT('',(0.,135.15485599561));
#6870 = CARTESIAN_POINT('',(20.280524139245,135.15485599561));
#6871 = ( GEOMETRIC_REPRESENTATION_CONTEXT(2) 
PARAMETRIC_REPRESENTATION_CONTEXT() REPRESENTATION_CONTEXT('2D SPACE',''
  ) );
#6872 = PCURVE('',#6873,#6916);
#6873 = ( BOUNDED_SURFACE() B_SPLINE_SURFACE(2,13,(
    (#6874,#6875,#6876,#6877,#6878,#6879,#6880,#6881,#6882,#6883,#6884
      ,#6885,#6886,#6887)
    ,(#6888,#6889,#6890,#6891,#6892,#6893,#6894,#6895,#6896,#6897,#6898
      ,#6899,#6900,#6901)
    ,(#6902,#6903,#6904,#6905,#6906,#6907,#6908,#6909,#6910,#6911,#6912
      ,#6913,#6914,#6915
)),.UNSPECIFIED.,.F.,.F.,.F.) B_SPLINE_SURFACE_WITH_KNOTS((3,3),(14,14),
  (0.,19.447439595554),(135.15485599561,154.60229559116),
.PIECEWISE_BEZIER_KNOTS.) GEOMETRIC_REPRESENTATION_ITEM() 
RATIONAL_B_SPLINE_SURFACE((
    (1.,1.,1.,0.999999999999,1.000000000002,0.999999999997
      ,1.000000000003,0.999999999997,1.000000000003,0.999999999998
      ,1.000000000001,1.,1.,1.)
    ,(0.707106781187,0.707106781187,0.707106781187,0.707106781186
      ,0.707106781187,0.707106781186,0.707106781187,0.707106781186
      ,0.707106781187,0.707106781186,0.707106781187,0.707106781186
      ,0.707106781187,0.707106781187)
    ,(1.,1.,1.,0.999999999999,1.000000000002,0.999999999997
      ,1.000000000003,0.999999999997,1.000000000003,0.999999999998
,1.000000000001,1.,1.,1.))) REPRESENTATION_ITEM('') SURFACE() );
#6874 = CARTESIAN_POINT('',(32.980987992729,-15.19986979166,1.4));
#6875 = CARTESIAN_POINT('',(32.98098799273,-16.33750438916,1.4));
#6876 = CARTESIAN_POINT('',(32.846829326385,-17.51266508713,1.4));
#6877 = CARTESIAN_POINT('',(32.546146328397,-18.69878392415,1.4));
#6878 = CARTESIAN_POINT('',(32.045409027848,-19.84651493957,
    1.399999999999));
#6879 = CARTESIAN_POINT('',(31.344036514661,-20.92972367954,
    1.400000000001));
#6880 = CARTESIAN_POINT('',(30.403427598685,-21.892970003,1.399999999999
    ));
#6881 = CARTESIAN_POINT('',(29.314459441495,-22.72555169803,
    1.400000000001));
#6882 = CARTESIAN_POINT('',(28.002957012306,-23.44448899268,1.4));
#6883 = CARTESIAN_POINT('',(26.5304948485,-24.00322075012,1.4));
#6884 = CARTESIAN_POINT('',(24.897811024326,-24.41807299025,1.4));
#6885 = CARTESIAN_POINT('',(23.146775567991,-24.67896498186,1.4));
#6886 = CARTESIAN_POINT('',(21.323667626878,-24.80013020833,1.4));
#6887 = CARTESIAN_POINT('',(19.480987992729,-24.80013020833,1.4));
#6888 = CARTESIAN_POINT('',(32.980987992729,-15.19986979166,
    2.22044604925E-16));
#6889 = CARTESIAN_POINT('',(32.980987992729,-16.33750438916,
    -1.731947918415E-14));
#6890 = CARTESIAN_POINT('',(32.846829326388,-17.51266508713,
    7.838174553854E-14));
#6891 = CARTESIAN_POINT('',(32.546146328388,-18.69878392416,
    -2.147171329625E-13));
#6892 = CARTESIAN_POINT('',(32.045409027866,-19.84651493956,
    4.39759340054E-13));
#6893 = CARTESIAN_POINT('',(31.344036514635,-20.92972367954,
    -7.169820293029E-13));
#6894 = CARTESIAN_POINT('',(30.403427598716,-21.892970003,
    9.530154443382E-13));
#6895 = CARTESIAN_POINT('',(29.314459441468,-22.72555169803,
    -1.02928776613E-12));
#6896 = CARTESIAN_POINT('',(28.002957012324,-23.44448899268,
    8.928413564036E-13));
#6897 = CARTESIAN_POINT('',(26.530494848491,-24.00322075012,
    -6.068479052601E-13));
#6898 = CARTESIAN_POINT('',(24.897811024329,-24.41807299025,
    3.157474282034E-13));
#6899 = CARTESIAN_POINT('',(23.14677556799,-24.67896498187,
    -1.186828413324E-13));
#6900 = CARTESIAN_POINT('',(21.323667626878,-24.80013020833,
    2.6645352591E-14));
#6901 = CARTESIAN_POINT('',(19.480987992729,-24.80013020833,
    2.22044604925E-16));
#6902 = CARTESIAN_POINT('',(34.38098792809,-15.19986979166,0.));
#6903 = CARTESIAN_POINT('',(34.380926964748,-16.53854794844,
    2.620126338115E-14));
#6904 = CARTESIAN_POINT('',(34.215393086462,-17.89930337738,
    -1.129096816044E-13));
#6905 = CARTESIAN_POINT('',(33.861484060095,-19.27093213479,
    2.923217223838E-13));
#6906 = CARTESIAN_POINT('',(33.268885830919,-20.61491153983,
    -5.421219029245E-13));
#6907 = CARTESIAN_POINT('',(32.458839534672,-21.87426421469,
    7.736034035588E-13));
#6908 = CARTESIAN_POINT('',(31.330112165857,-23.04582674294,
    -8.816281038548E-13));
#6909 = CARTESIAN_POINT('',(30.054430832669,-23.93780027387,
    8.291145547901E-13));
#6910 = CARTESIAN_POINT('',(28.598794523934,-24.75245761569,
    -6.586953205101E-13));
#6911 = CARTESIAN_POINT('',(26.977035701915,-25.3451305489,
    4.386491170294E-13));
#6912 = CARTESIAN_POINT('',(25.223829237443,-25.79235015012,
    -2.35478303523E-13));
#6913 = CARTESIAN_POINT('',(23.36014971194,-26.06989708543,
    9.325873406851E-14));
#6914 = CARTESIAN_POINT('',(21.431241601692,-26.20031491865,
    -2.164934898019E-14));
#6915 = CARTESIAN_POINT('',(19.478610395391,-26.20012818941,0.));
#6916 = DEFINITIONAL_REPRESENTATION('',(#6917),#6920);
#6917 = B_SPLINE_CURVE_WITH_KNOTS('',1,(#6918,#6919),.UNSPECIFIED.,.F.,
  .F.,(2,2),(0.,20.280524139245),.PIECEWISE_BEZIER_KNOTS.);
#6918 = CARTESIAN_POINT('',(0.,135.15485599561));
#6919 = CARTESIAN_POINT('',(19.447439595554,135.15485599561));
#6920 = ( GEOMETRIC_REPRESENTATION_CONTEXT(2) 
PARAMETRIC_REPRESENTATION_CONTEXT() REPRESENTATION_CONTEXT('2D SPACE',''
  ) );
#6921 = ORIENTED_EDGE('',*,*,#6922,.F.);
#6922 = EDGE_CURVE('',#6609,#6859,#6923,.T.);
#6923 = SURFACE_CURVE('',#6924,(#6954,#6961),.PCURVE_S1.);
#6924 = ( BOUNDED_CURVE() B_SPLINE_CURVE(10,(#6925,#6926,#6927,#6928,
    #6929,#6930,#6931,#6932,#6933,#6934,#6935,#6936,#6937,#6938,#6939,
    #6940,#6941,#6942,#6943,#6944,#6945,#6946,#6947,#6948,#6949,#6950,
#6951,#6952,#6953),.UNSPECIFIED.,.F.,.F.) B_SPLINE_CURVE_WITH_KNOTS((11,
    9,9,11),(114.87433185636,124.97898252979,135.08363320322,
135.15485599561),.UNSPECIFIED.) CURVE() GEOMETRIC_REPRESENTATION_ITEM() 
RATIONAL_B_SPLINE_CURVE((1.,1.,1.,1.,0.999999999999,1.000000000001,
    0.999999999999,1.,1.,1.,1.,1.,1.,1.,1.,1.,1.,1.,1.,1.,1.,1.,
0.999999999999,1.000000000001,1.,1.,1.,1.,1.)) REPRESENTATION_ITEM('') 
  );
#6925 = CARTESIAN_POINT('',(18.881053096896,-5.400065104167,1.4));
#6926 = CARTESIAN_POINT('',(20.231053096896,-5.700065104167,1.4));
#6927 = CARTESIAN_POINT('',(21.515933869993,-6.000054409797,1.4));
#6928 = CARTESIAN_POINT('',(22.734336352676,-6.303896582184,1.4));
#6929 = CARTESIAN_POINT('',(23.885123334755,-6.615650508415,1.4));
#6930 = CARTESIAN_POINT('',(24.967121435004,-6.93927269407,1.4));
#6931 = CARTESIAN_POINT('',(25.979295072317,-7.278673851952,1.4));
#6932 = CARTESIAN_POINT('',(26.921019052378,-7.637962806268,1.4));
#6933 = CARTESIAN_POINT('',(27.792116390078,-8.021710731575,1.4));
#6934 = CARTESIAN_POINT('',(28.592327987607,-8.43506874574,1.4));
#6935 = CARTESIAN_POINT('',(30.047433589341,-9.3320750067,1.4));
#6936 = CARTESIAN_POINT('',(30.702271885995,-9.815673223035,1.4));
#6937 = CARTESIAN_POINT('',(31.283109848764,-10.33987494896,1.4));
#6938 = CARTESIAN_POINT('',(31.784546679634,-10.90961601449,1.4));
#6939 = CARTESIAN_POINT('',(32.20714979921,-11.52902090784,1.4));
#6940 = CARTESIAN_POINT('',(32.529324113943,-12.20049790909,1.4));
#6941 = CARTESIAN_POINT('',(32.759420835288,-12.90107119644,1.4));
#6942 = CARTESIAN_POINT('',(32.905628818455,-13.62937318768,1.4));
#6943 = CARTESIAN_POINT('',(32.976617599592,-14.37845005406,1.4));
#6944 = CARTESIAN_POINT('',(32.980869138798,-15.15115486309,1.4));
#6945 = CARTESIAN_POINT('',(32.980895578046,-15.1565640683,1.4));
#6946 = CARTESIAN_POINT('',(32.980918702163,-15.1619741733,1.4));
#6947 = CARTESIAN_POINT('',(32.980938514074,-15.16738517438,1.4));
#6948 = CARTESIAN_POINT('',(32.980955016694,-15.17279706785,1.4));
#6949 = CARTESIAN_POINT('',(32.980968212951,-15.17820985001,1.4));
#6950 = CARTESIAN_POINT('',(32.98097810576,-15.18362351717,1.4));
#6951 = CARTESIAN_POINT('',(32.980984698047,-15.18903806562,1.4));
#6952 = CARTESIAN_POINT('',(32.980987992729,-15.19445349169,1.4));
#6953 = CARTESIAN_POINT('',(32.980987992729,-15.19986979166,1.4));
#6954 = PCURVE('',#6624,#6955);
#6955 = DEFINITIONAL_REPRESENTATION('',(#6956),#6960);
#6956 = LINE('',#6957,#6958);
#6957 = CARTESIAN_POINT('',(0.,0.));
#6958 = VECTOR('',#6959,1.);
#6959 = DIRECTION('',(0.,1.));
#6960 = ( GEOMETRIC_REPRESENTATION_CONTEXT(2) 
PARAMETRIC_REPRESENTATION_CONTEXT() REPRESENTATION_CONTEXT('2D SPACE',''
  ) );
#6961 = PCURVE('',#3139,#6962);
#6962 = DEFINITIONAL_REPRESENTATION('',(#6963),#6993);
#6963 = B_SPLINE_CURVE_WITH_KNOTS('',10,(#6964,#6965,#6966,#6967,#6968,
    #6969,#6970,#6971,#6972,#6973,#6974,#6975,#6976,#6977,#6978,#6979,
    #6980,#6981,#6982,#6983,#6984,#6985,#6986,#6987,#6988,#6989,#6990,
    #6991,#6992),.UNSPECIFIED.,.F.,.F.,(11,9,9,11),(114.87433185636,
    125.01459392598,130.08472496079,135.15485599561),.UNSPECIFIED.);
#6964 = CARTESIAN_POINT('',(5.551115123126E-17,-1.4));
#6965 = CARTESIAN_POINT('',(5.01762129011E-02,-1.4));
#6966 = CARTESIAN_POINT('',(0.100347973438,-1.4));
#6967 = CARTESIAN_POINT('',(0.150510995054,-1.4));
#6968 = CARTESIAN_POINT('',(0.200665614467,-1.4));
#6969 = CARTESIAN_POINT('',(0.250817227093,-1.4));
#6970 = CARTESIAN_POINT('',(0.300972306383,-1.4));
#6971 = CARTESIAN_POINT('',(0.351155176701,-1.4));
#6972 = CARTESIAN_POINT('',(0.401437963299,-1.4));
#6973 = CARTESIAN_POINT('',(0.451943396968,-1.4));
#6974 = CARTESIAN_POINT('',(0.528149408811,-1.4));
#6975 = CARTESIAN_POINT('',(0.55362512,-1.4));
#6976 = CARTESIAN_POINT('',(0.579186486625,-1.4));
#6977 = CARTESIAN_POINT('',(0.604833837322,-1.399999999999));
#6978 = CARTESIAN_POINT('',(0.630566679745,-1.400000000001));
#6979 = CARTESIAN_POINT('',(0.656371812458,-1.399999999999));
#6980 = CARTESIAN_POINT('',(0.68221223512,-1.4));
#6981 = CARTESIAN_POINT('',(0.708027991731,-1.4));
#6982 = CARTESIAN_POINT('',(0.733747731725,-1.4));
#6983 = CARTESIAN_POINT('',(0.784847115346,-1.4));
#6984 = CARTESIAN_POINT('',(0.810226595235,-1.399999999999));
#6985 = CARTESIAN_POINT('',(0.835363926621,-1.400000000007));
#6986 = CARTESIAN_POINT('',(0.860175829791,-1.399999999983));
#6987 = CARTESIAN_POINT('',(0.884613897418,-1.400000000026));
#6988 = CARTESIAN_POINT('',(0.908599579481,-1.399999999972));
#6989 = CARTESIAN_POINT('',(0.932150110956,-1.400000000019));
#6990 = CARTESIAN_POINT('',(0.955224093256,-1.399999999991));
#6991 = CARTESIAN_POINT('',(0.977840075696,-1.400000000002));
#6992 = CARTESIAN_POINT('',(1.,-1.4));
#6993 = ( GEOMETRIC_REPRESENTATION_CONTEXT(2) 
PARAMETRIC_REPRESENTATION_CONTEXT() REPRESENTATION_CONTEXT('2D SPACE',''
  ) );
#6994 = ADVANCED_FACE('',(#6995),#6873,.T.);
#6995 = FACE_BOUND('',#6996,.T.);
#6996 = EDGE_LOOP('',(#6997,#6998,#7067,#7131));
#6997 = ORIENTED_EDGE('',*,*,#6858,.T.);
#6998 = ORIENTED_EDGE('',*,*,#6999,.T.);
#6999 = EDGE_CURVE('',#6784,#7000,#7002,.T.);
#7000 = VERTEX_POINT('',#7001);
#7001 = CARTESIAN_POINT('',(19.478610395391,-26.20012818941,0.));
#7002 = SURFACE_CURVE('',#7003,(#7018,#7025),.PCURVE_S1.);
#7003 = ( BOUNDED_CURVE() B_SPLINE_CURVE(13,(#7004,#7005,#7006,#7007,
    #7008,#7009,#7010,#7011,#7012,#7013,#7014,#7015,#7016,#7017),
.UNSPECIFIED.,.F.,.F.) B_SPLINE_CURVE_WITH_KNOTS((14,14),(
135.15485599561,154.60229559116),.PIECEWISE_BEZIER_KNOTS.) CURVE() 
GEOMETRIC_REPRESENTATION_ITEM() RATIONAL_B_SPLINE_CURVE((1.,1.,1.,
    0.999999999999,1.000000000002,0.999999999997,1.000000000003,
    0.999999999997,1.000000000003,0.999999999998,1.000000000001,1.,1.,1.
)) REPRESENTATION_ITEM('') );
#7004 = CARTESIAN_POINT('',(34.38098792809,-15.19986979166,0.));
#7005 = CARTESIAN_POINT('',(34.380926964748,-16.53854794844,
    2.620126338115E-14));
#7006 = CARTESIAN_POINT('',(34.215393086462,-17.89930337738,
    -1.129096816044E-13));
#7007 = CARTESIAN_POINT('',(33.861484060095,-19.27093213479,
    2.923217223838E-13));
#7008 = CARTESIAN_POINT('',(33.268885830919,-20.61491153983,
    -5.421219029245E-13));
#7009 = CARTESIAN_POINT('',(32.458839534672,-21.87426421469,
    7.736034035588E-13));
#7010 = CARTESIAN_POINT('',(31.330112165857,-23.04582674294,
    -8.816281038548E-13));
#7011 = CARTESIAN_POINT('',(30.054430832669,-23.93780027387,
    8.291145547901E-13));
#7012 = CARTESIAN_POINT('',(28.598794523934,-24.75245761569,
    -6.586953205101E-13));
#7013 = CARTESIAN_POINT('',(26.977035701915,-25.3451305489,
    4.386491170294E-13));
#7014 = CARTESIAN_POINT('',(25.223829237443,-25.79235015012,
    -2.35478303523E-13));
#7015 = CARTESIAN_POINT('',(23.36014971194,-26.06989708543,
    9.325873406851E-14));
#7016 = CARTESIAN_POINT('',(21.431241601692,-26.20031491865,
    -2.164934898019E-14));
#7017 = CARTESIAN_POINT('',(19.478610395391,-26.20012818941,0.));
#7018 = PCURVE('',#6873,#7019);
#7019 = DEFINITIONAL_REPRESENTATION('',(#7020),#7024);
#7020 = LINE('',#7021,#7022);
#7021 = CARTESIAN_POINT('',(19.447439595554,0.));
#7022 = VECTOR('',#7023,1.);
#7023 = DIRECTION('',(0.,1.));
#7024 = ( GEOMETRIC_REPRESENTATION_CONTEXT(2) 
PARAMETRIC_REPRESENTATION_CONTEXT() REPRESENTATION_CONTEXT('2D SPACE',''
  ) );
#7025 = PCURVE('',#4107,#7026);
#7026 = DEFINITIONAL_REPRESENTATION('',(#7027),#7066);
#7027 = B_SPLINE_CURVE_WITH_KNOTS('',10,(#7028,#7029,#7030,#7031,#7032,
    #7033,#7034,#7035,#7036,#7037,#7038,#7039,#7040,#7041,#7042,#7043,
    #7044,#7045,#7046,#7047,#7048,#7049,#7050,#7051,#7052,#7053,#7054,
    #7055,#7056,#7057,#7058,#7059,#7060,#7061,#7062,#7063,#7064,#7065),
  .UNSPECIFIED.,.F.,.F.,(11,9,9,9,11),(135.15485599561,137.58578594505,
    140.01671589449,144.87857579338,154.60229559116),.UNSPECIFIED.);
#7028 = CARTESIAN_POINT('',(45.800065039528,19.799704779807));
#7029 = CARTESIAN_POINT('',(45.800055129835,19.58216957933));
#7030 = CARTESIAN_POINT('',(45.79554169189,19.364435776405));
#7031 = CARTESIAN_POINT('',(45.786621425468,19.148072258054));
#7032 = CARTESIAN_POINT('',(45.772566339724,18.92267835425));
#7033 = CARTESIAN_POINT('',(45.754117365431,18.710511469363));
#7034 = CARTESIAN_POINT('',(45.730414284464,18.485571901213));
#7035 = CARTESIAN_POINT('',(45.701623695943,18.267946136074));
#7036 = CARTESIAN_POINT('',(45.66761022313,18.047413784981));
#7037 = CARTESIAN_POINT('',(45.628189533623,17.827759747289));
#7038 = CARTESIAN_POINT('',(45.538350256288,17.388936691167));
#7039 = CARTESIAN_POINT('',(45.487932184379,17.169849662337));
#7040 = CARTESIAN_POINT('',(45.431891498076,16.951257258629));
#7041 = CARTESIAN_POINT('',(45.370116599348,16.733334945433));
#7042 = CARTESIAN_POINT('',(45.302508473393,16.516263527741));
#7043 = CARTESIAN_POINT('',(45.228980688475,16.30022914999));
#7044 = CARTESIAN_POINT('',(45.149459396119,16.085423296252));
#7045 = CARTESIAN_POINT('',(45.06388333092,15.87204279005));
#7046 = CARTESIAN_POINT('',(44.972203810695,15.660289794498));
#7047 = CARTESIAN_POINT('',(44.678746587778,15.030535847661));
#7048 = CARTESIAN_POINT('',(44.458582600624,14.617995783678));
#7049 = CARTESIAN_POINT('',(44.213600065392,14.214409546217));
#7050 = CARTESIAN_POINT('',(43.943829858842,13.821370104105));
#7051 = CARTESIAN_POINT('',(43.649575421455,13.440370237191));
#7052 = CARTESIAN_POINT('',(43.331361734898,13.07276730461));
#7053 = CARTESIAN_POINT('',(42.989884299461,12.71974801289));
#7054 = CARTESIAN_POINT('',(42.625958111498,12.382293184226));
#7055 = CARTESIAN_POINT('',(42.240466640884,12.061142524609));
#7056 = CARTESIAN_POINT('',(41.021999143584,11.147993126948));
#7057 = CARTESIAN_POINT('',(40.126964692763,10.606391544457));
#7058 = CARTESIAN_POINT('',(39.15653701366,10.136358937898));
#7059 = CARTESIAN_POINT('',(38.117844723088,9.738853727277));
#7060 = CARTESIAN_POINT('',(37.017589107972,9.413499774512));
#7061 = CARTESIAN_POINT('',(35.862815696346,9.159303565486));
#7062 = CARTESIAN_POINT('',(34.662010019852,8.974512251172));
#7063 = CARTESIAN_POINT('',(33.425843800198,8.856147540415));
#7064 = CARTESIAN_POINT('',(32.166897790924,8.799750436577));
#7065 = CARTESIAN_POINT('',(30.897687506828,8.799871810586));
#7066 = ( GEOMETRIC_REPRESENTATION_CONTEXT(2) 
PARAMETRIC_REPRESENTATION_CONTEXT() REPRESENTATION_CONTEXT('2D SPACE',''
  ) );
#7067 = ORIENTED_EDGE('',*,*,#7068,.F.);
#7068 = EDGE_CURVE('',#7069,#7000,#7071,.T.);
#7069 = VERTEX_POINT('',#7070);
#7070 = CARTESIAN_POINT('',(19.480987992729,-24.80013020833,1.4));
#7071 = SURFACE_CURVE('',#7072,(#7076,#7082),.PCURVE_S1.);
#7072 = ( BOUNDED_CURVE() B_SPLINE_CURVE(2,(#7073,#7074,#7075),
.UNSPECIFIED.,.F.,.F.) B_SPLINE_CURVE_WITH_KNOTS((3,3),(0.,
19.447439595554),.PIECEWISE_BEZIER_KNOTS.) CURVE() 
GEOMETRIC_REPRESENTATION_ITEM() RATIONAL_B_SPLINE_CURVE((1.,
0.707106781187,1.)) REPRESENTATION_ITEM('') );
#7073 = CARTESIAN_POINT('',(19.480987992729,-24.80013020833,1.4));
#7074 = CARTESIAN_POINT('',(19.480987992729,-24.80013020833,
    2.22044604925E-16));
#7075 = CARTESIAN_POINT('',(19.478610395391,-26.20012818941,0.));
#7076 = PCURVE('',#6873,#7077);
#7077 = DEFINITIONAL_REPRESENTATION('',(#7078),#7081);
#7078 = B_SPLINE_CURVE_WITH_KNOTS('',1,(#7079,#7080),.UNSPECIFIED.,.F.,
  .F.,(2,2),(0.,19.447439595554),.PIECEWISE_BEZIER_KNOTS.);
#7079 = CARTESIAN_POINT('',(0.,154.60229559116));
#7080 = CARTESIAN_POINT('',(19.447439595554,154.60229559116));
#7081 = ( GEOMETRIC_REPRESENTATION_CONTEXT(2) 
PARAMETRIC_REPRESENTATION_CONTEXT() REPRESENTATION_CONTEXT('2D SPACE',''
  ) );
#7082 = PCURVE('',#7083,#7126);
#7083 = ( BOUNDED_SURFACE() B_SPLINE_SURFACE(2,13,(
    (#7084,#7085,#7086,#7087,#7088,#7089,#7090,#7091,#7092,#7093,#7094
      ,#7095,#7096,#7097)
    ,(#7098,#7099,#7100,#7101,#7102,#7103,#7104,#7105,#7106,#7107,#7108
      ,#7109,#7110,#7111)
    ,(#7112,#7113,#7114,#7115,#7116,#7117,#7118,#7119,#7120,#7121,#7122
      ,#7123,#7124,#7125
)),.UNSPECIFIED.,.F.,.F.,.F.) B_SPLINE_SURFACE_WITH_KNOTS((3,3),(14,14),
  (0.,19.509324407962),(154.60229559116,174.11161999912),
.PIECEWISE_BEZIER_KNOTS.) GEOMETRIC_REPRESENTATION_ITEM() 
RATIONAL_B_SPLINE_SURFACE((
    (1.,1.,1.000000000002,0.999999999996,1.000000000009,0.999999999987
      ,1.000000000016,0.999999999985,1.000000000012,0.999999999993
      ,1.000000000003,0.999999999999,1.,1.)
    ,(0.707106781187,0.707106781186,0.707106781188,0.707106781183
      ,0.707106781194,0.707106781176,0.7071067812,0.707106781174
      ,0.707106781196,0.707106781181,0.707106781189,0.707106781186
      ,0.707106781187,0.707106781187)
    ,(1.,1.,1.000000000002,0.999999999996,1.000000000009,0.999999999987
      ,1.000000000016,0.999999999985,1.000000000012,0.999999999993
,1.000000000003,0.999999999999,1.,1.
  ))) REPRESENTATION_ITEM('') SURFACE() );
#7084 = CARTESIAN_POINT('',(19.480987992729,-24.80013020833,1.4));
#7085 = CARTESIAN_POINT('',(17.632444662083,-24.80013020833,1.4));
#7086 = CARTESIAN_POINT('',(15.764206434544,-24.67233924362,1.4));
#7087 = CARTESIAN_POINT('',(13.938553605011,-24.38619583287,
    1.399999999999));
#7088 = CARTESIAN_POINT('',(12.207409034267,-23.93211471248,
    1.400000000002));
#7089 = CARTESIAN_POINT('',(10.623538934578,-23.26387206093,
    1.399999999997));
#7090 = CARTESIAN_POINT('',(9.210874914327,-22.47204448252,
    1.400000000003));
#7091 = CARTESIAN_POINT('',(7.986522520754,-21.39686760624,
    1.399999999997));
#7092 = CARTESIAN_POINT('',(7.039888848876,-20.28142079965,
    1.400000000003));
#7093 = CARTESIAN_POINT('',(6.214258877058,-18.97906142629,
    1.399999999998));
#7094 = CARTESIAN_POINT('',(5.609844768084,-17.52820341099,
    1.400000000001));
#7095 = CARTESIAN_POINT('',(5.192201409586,-15.91394017209,1.4));
#7096 = CARTESIAN_POINT('',(4.980987992731,-14.13788254712,1.4));
#7097 = CARTESIAN_POINT('',(4.980987992729,-12.19986979166,1.4));
#7098 = CARTESIAN_POINT('',(19.480987992729,-24.80013020833,
    2.22044604925E-16));
#7099 = CARTESIAN_POINT('',(17.632444662084,-24.80013020833,
    -5.839773109528E-14));
#7100 = CARTESIAN_POINT('',(15.764206434542,-24.67233924362,
    2.674527266322E-13));
#7101 = CARTESIAN_POINT('',(13.938553605016,-24.38619583288,
    -7.281952818516E-13));
#7102 = CARTESIAN_POINT('',(12.207409034259,-23.93211471247,
    1.444733221945E-12));
#7103 = CARTESIAN_POINT('',(10.623538934586,-23.26387206094,
    -2.223887740627E-12));
#7104 = CARTESIAN_POINT('',(9.21087491432,-22.4720444825,
    2.736477711096E-12));
#7105 = CARTESIAN_POINT('',(7.986522520758,-21.39686760625,
    -2.714162228301E-12));
#7106 = CARTESIAN_POINT('',(7.039888848874,-20.28142079964,
    2.165490009531E-12));
#7107 = CARTESIAN_POINT('',(6.214258877059,-18.97906142629,
    -1.371569524622E-12));
#7108 = CARTESIAN_POINT('',(5.609844768083,-17.52820341099,
    6.739053759475E-13));
#7109 = CARTESIAN_POINT('',(5.192201409586,-15.91394017209,
    -2.413624855535E-13));
#7110 = CARTESIAN_POINT('',(4.980987992731,-14.13788254712,
    5.240252676231E-14));
#7111 = CARTESIAN_POINT('',(4.980987992729,-12.19986979166,
    2.22044604925E-16));
#7112 = CARTESIAN_POINT('',(19.478610395391,-26.20012818941,0.));
#7113 = CARTESIAN_POINT('',(17.519765609393,-26.19994086596,
    6.383782391595E-14));
#7114 = CARTESIAN_POINT('',(15.542649908959,-26.06242150007,
    -2.889910533099E-13));
#7115 = CARTESIAN_POINT('',(13.597699501666,-25.75879971996,
    7.939204849094E-13));
#7116 = CARTESIAN_POINT('',(11.742514585158,-25.26713703301,
    -1.597166843226E-12));
#7117 = CARTESIAN_POINT('',(9.992877778354,-24.56767884955,
    2.503441898227E-12));
#7118 = CARTESIAN_POINT('',(8.438657387277,-23.65473498634,
    -3.14059889206E-12));
#7119 = CARTESIAN_POINT('',(7.008356543907,-22.53603575801,
    3.187672348304E-12));
#7120 = CARTESIAN_POINT('',(5.861513510101,-21.16022378727,
    -2.615352379109E-12));
#7121 = CARTESIAN_POINT('',(4.9443835511,-19.66996800666,
    1.712741060089E-12));
#7122 = CARTESIAN_POINT('',(4.260925163535,-18.01015044803,
    -8.719691635406E-13));
#7123 = CARTESIAN_POINT('',(3.807875989355,-16.21550590921,
    3.238520562832E-13));
#7124 = CARTESIAN_POINT('',(3.580987992731,-14.27894712936,
    -7.194245199571E-14));
#7125 = CARTESIAN_POINT('',(3.580987992729,-12.19986979166,0.));
#7126 = DEFINITIONAL_REPRESENTATION('',(#7127),#7130);
#7127 = B_SPLINE_CURVE_WITH_KNOTS('',1,(#7128,#7129),.UNSPECIFIED.,.F.,
  .F.,(2,2),(0.,19.447439595554),.PIECEWISE_BEZIER_KNOTS.);
#7128 = CARTESIAN_POINT('',(0.,154.60229559116));
#7129 = CARTESIAN_POINT('',(19.509324407962,154.60229559116));
#7130 = ( GEOMETRIC_REPRESENTATION_CONTEXT(2) 
PARAMETRIC_REPRESENTATION_CONTEXT() REPRESENTATION_CONTEXT('2D SPACE',''
  ) );
#7131 = ORIENTED_EDGE('',*,*,#7132,.F.);
#7132 = EDGE_CURVE('',#6859,#7069,#7133,.T.);
#7133 = SURFACE_CURVE('',#7134,(#7149,#7156),.PCURVE_S1.);
#7134 = ( BOUNDED_CURVE() B_SPLINE_CURVE(13,(#7135,#7136,#7137,#7138,
    #7139,#7140,#7141,#7142,#7143,#7144,#7145,#7146,#7147,#7148),
.UNSPECIFIED.,.F.,.F.) B_SPLINE_CURVE_WITH_KNOTS((14,14),(
135.15485599561,154.60229559116),.PIECEWISE_BEZIER_KNOTS.) CURVE() 
GEOMETRIC_REPRESENTATION_ITEM() RATIONAL_B_SPLINE_CURVE((1.,1.,1.,
    0.999999999999,1.000000000002,0.999999999997,1.000000000003,
    0.999999999997,1.000000000003,0.999999999998,1.000000000001,1.,1.,1.
)) REPRESENTATION_ITEM('') );
#7135 = CARTESIAN_POINT('',(32.980987992729,-15.19986979166,1.4));
#7136 = CARTESIAN_POINT('',(32.98098799273,-16.33750438916,1.4));
#7137 = CARTESIAN_POINT('',(32.846829326385,-17.51266508713,1.4));
#7138 = CARTESIAN_POINT('',(32.546146328397,-18.69878392415,1.4));
#7139 = CARTESIAN_POINT('',(32.045409027848,-19.84651493957,
    1.399999999999));
#7140 = CARTESIAN_POINT('',(31.344036514661,-20.92972367954,
    1.400000000001));
#7141 = CARTESIAN_POINT('',(30.403427598685,-21.892970003,1.399999999999
    ));
#7142 = CARTESIAN_POINT('',(29.314459441495,-22.72555169803,
    1.400000000001));
#7143 = CARTESIAN_POINT('',(28.002957012306,-23.44448899268,1.4));
#7144 = CARTESIAN_POINT('',(26.5304948485,-24.00322075012,1.4));
#7145 = CARTESIAN_POINT('',(24.897811024326,-24.41807299025,1.4));
#7146 = CARTESIAN_POINT('',(23.146775567991,-24.67896498186,1.4));
#7147 = CARTESIAN_POINT('',(21.323667626878,-24.80013020833,1.4));
#7148 = CARTESIAN_POINT('',(19.480987992729,-24.80013020833,1.4));
#7149 = PCURVE('',#6873,#7150);
#7150 = DEFINITIONAL_REPRESENTATION('',(#7151),#7155);
#7151 = LINE('',#7152,#7153);
#7152 = CARTESIAN_POINT('',(0.,0.));
#7153 = VECTOR('',#7154,1.);
#7154 = DIRECTION('',(0.,1.));
#7155 = ( GEOMETRIC_REPRESENTATION_CONTEXT(2) 
PARAMETRIC_REPRESENTATION_CONTEXT() REPRESENTATION_CONTEXT('2D SPACE',''
  ) );
#7156 = PCURVE('',#3342,#7157);
#7157 = DEFINITIONAL_REPRESENTATION('',(#7158),#7177);
#7158 = B_SPLINE_CURVE_WITH_KNOTS('',9,(#7159,#7160,#7161,#7162,#7163,
    #7164,#7165,#7166,#7167,#7168,#7169,#7170,#7171,#7172,#7173,#7174,
    #7175,#7176),.UNSPECIFIED.,.F.,.F.,(10,8,10),(135.15485599561,
    144.87857579338,154.60229559116),.UNSPECIFIED.);
#7159 = CARTESIAN_POINT('',(0.,-1.4));
#7160 = CARTESIAN_POINT('',(4.890397505062E-02,-1.4));
#7161 = CARTESIAN_POINT('',(0.10055634494,-1.4));
#7162 = CARTESIAN_POINT('',(0.154717449159,-1.4));
#7163 = CARTESIAN_POINT('',(0.210756544828,-1.4));
#7164 = CARTESIAN_POINT('',(0.268238049674,-1.4));
#7165 = CARTESIAN_POINT('',(0.326455838216,-1.4));
#7166 = CARTESIAN_POINT('',(0.385045635755,-1.4));
#7167 = CARTESIAN_POINT('',(0.443697208332,-1.4));
#7168 = CARTESIAN_POINT('',(0.5606357723,-1.4));
#7169 = CARTESIAN_POINT('',(0.618922462828,-1.4));
#7170 = CARTESIAN_POINT('',(0.676776154605,-1.4));
#7171 = CARTESIAN_POINT('',(0.734001194801,-1.4));
#7172 = CARTESIAN_POINT('',(0.790342364466,-1.4));
#7173 = CARTESIAN_POINT('',(0.845488502916,-1.4));
#7174 = CARTESIAN_POINT('',(0.899080417262,-1.4));
#7175 = CARTESIAN_POINT('',(0.950710215547,-1.4));
#7176 = CARTESIAN_POINT('',(1.,-1.4));
#7177 = ( GEOMETRIC_REPRESENTATION_CONTEXT(2) 
PARAMETRIC_REPRESENTATION_CONTEXT() REPRESENTATION_CONTEXT('2D SPACE',''
  ) );
#7178 = ADVANCED_FACE('',(#7179),#7083,.T.);
#7179 = FACE_BOUND('',#7180,.T.);
#7180 = EDGE_LOOP('',(#7181,#7182,#7227,#7261));
#7181 = ORIENTED_EDGE('',*,*,#7068,.T.);
#7182 = ORIENTED_EDGE('',*,*,#7183,.T.);
#7183 = EDGE_CURVE('',#7000,#7184,#7186,.T.);
#7184 = VERTEX_POINT('',#7185);
#7185 = CARTESIAN_POINT('',(3.580987992729,-12.19986979166,0.));
#7186 = SURFACE_CURVE('',#7187,(#7202,#7209),.PCURVE_S1.);
#7187 = ( BOUNDED_CURVE() B_SPLINE_CURVE(13,(#7188,#7189,#7190,#7191,
    #7192,#7193,#7194,#7195,#7196,#7197,#7198,#7199,#7200,#7201),
.UNSPECIFIED.,.F.,.F.) B_SPLINE_CURVE_WITH_KNOTS((14,14),(
154.60229559116,174.11161999912),.PIECEWISE_BEZIER_KNOTS.) CURVE() 
GEOMETRIC_REPRESENTATION_ITEM() RATIONAL_B_SPLINE_CURVE((1.,1.,
    1.000000000002,0.999999999996,1.000000000009,0.999999999987,
    1.000000000016,0.999999999985,1.000000000012,0.999999999993,
1.000000000003,0.999999999999,1.,1.)) REPRESENTATION_ITEM('') );
#7188 = CARTESIAN_POINT('',(19.478610395391,-26.20012818941,0.));
#7189 = CARTESIAN_POINT('',(17.519765609393,-26.19994086596,
    6.383782391595E-14));
#7190 = CARTESIAN_POINT('',(15.542649908959,-26.06242150007,
    -2.889910533099E-13));
#7191 = CARTESIAN_POINT('',(13.597699501666,-25.75879971996,
    7.939204849094E-13));
#7192 = CARTESIAN_POINT('',(11.742514585158,-25.26713703301,
    -1.597166843226E-12));
#7193 = CARTESIAN_POINT('',(9.992877778354,-24.56767884955,
    2.503441898227E-12));
#7194 = CARTESIAN_POINT('',(8.438657387277,-23.65473498634,
    -3.14059889206E-12));
#7195 = CARTESIAN_POINT('',(7.008356543907,-22.53603575801,
    3.187672348304E-12));
#7196 = CARTESIAN_POINT('',(5.861513510101,-21.16022378727,
    -2.615352379109E-12));
#7197 = CARTESIAN_POINT('',(4.9443835511,-19.66996800666,
    1.712741060089E-12));
#7198 = CARTESIAN_POINT('',(4.260925163535,-18.01015044803,
    -8.719691635406E-13));
#7199 = CARTESIAN_POINT('',(3.807875989355,-16.21550590921,
    3.238520562832E-13));
#7200 = CARTESIAN_POINT('',(3.580987992731,-14.27894712936,
    -7.194245199571E-14));
#7201 = CARTESIAN_POINT('',(3.580987992729,-12.19986979166,0.));
#7202 = PCURVE('',#7083,#7203);
#7203 = DEFINITIONAL_REPRESENTATION('',(#7204),#7208);
#7204 = LINE('',#7205,#7206);
#7205 = CARTESIAN_POINT('',(19.509324407962,0.));
#7206 = VECTOR('',#7207,1.);
#7207 = DIRECTION('',(0.,1.));
#7208 = ( GEOMETRIC_REPRESENTATION_CONTEXT(2) 
PARAMETRIC_REPRESENTATION_CONTEXT() REPRESENTATION_CONTEXT('2D SPACE',''
  ) );
#7209 = PCURVE('',#4107,#7210);
#7210 = DEFINITIONAL_REPRESENTATION('',(#7211),#7226);
#7211 = B_SPLINE_CURVE_WITH_KNOTS('',13,(#7212,#7213,#7214,#7215,#7216,
    #7217,#7218,#7219,#7220,#7221,#7222,#7223,#7224,#7225),
  .UNSPECIFIED.,.F.,.F.,(14,14),(154.60229559116,174.11161999912),
  .PIECEWISE_BEZIER_KNOTS.);
#7212 = CARTESIAN_POINT('',(30.897687506828,8.799871810586));
#7213 = CARTESIAN_POINT('',(28.938842720819,8.800059134027));
#7214 = CARTESIAN_POINT('',(26.961727020443,8.93757849994));
#7215 = CARTESIAN_POINT('',(25.016776612986,9.241200279982));
#7216 = CARTESIAN_POINT('',(23.161591696813,9.732862967095));
#7217 = CARTESIAN_POINT('',(21.411954889483,10.432321150274));
#7218 = CARTESIAN_POINT('',(19.857734499064,11.345265013868));
#7219 = CARTESIAN_POINT('',(18.427433655027,12.463964241761));
#7220 = CARTESIAN_POINT('',(17.280590621775,13.839776212924));
#7221 = CARTESIAN_POINT('',(16.363460662394,15.330031993204));
#7222 = CARTESIAN_POINT('',(15.680002275041,16.989849552034));
#7223 = CARTESIAN_POINT('',(15.226953100769,18.784494090754));
#7224 = CARTESIAN_POINT('',(15.000065104173,20.721052870646));
#7225 = CARTESIAN_POINT('',(15.000065104167,22.800130208333));
#7226 = ( GEOMETRIC_REPRESENTATION_CONTEXT(2) 
PARAMETRIC_REPRESENTATION_CONTEXT() REPRESENTATION_CONTEXT('2D SPACE',''
  ) );
#7227 = ORIENTED_EDGE('',*,*,#7228,.F.);
#7228 = EDGE_CURVE('',#7229,#7184,#7231,.T.);
#7229 = VERTEX_POINT('',#7230);
#7230 = CARTESIAN_POINT('',(4.980987992729,-12.19986979166,1.4));
#7231 = SURFACE_CURVE('',#7232,(#7236,#7242),.PCURVE_S1.);
#7232 = ( BOUNDED_CURVE() B_SPLINE_CURVE(2,(#7233,#7234,#7235),
.UNSPECIFIED.,.F.,.F.) B_SPLINE_CURVE_WITH_KNOTS((3,3),(0.,
19.509324407962),.PIECEWISE_BEZIER_KNOTS.) CURVE() 
GEOMETRIC_REPRESENTATION_ITEM() RATIONAL_B_SPLINE_CURVE((1.,
0.707106781187,1.)) REPRESENTATION_ITEM('') );
#7233 = CARTESIAN_POINT('',(4.980987992729,-12.19986979166,1.4));
#7234 = CARTESIAN_POINT('',(4.980987992729,-12.19986979166,
    2.22044604925E-16));
#7235 = CARTESIAN_POINT('',(3.580987992729,-12.19986979166,0.));
#7236 = PCURVE('',#7083,#7237);
#7237 = DEFINITIONAL_REPRESENTATION('',(#7238),#7241);
#7238 = B_SPLINE_CURVE_WITH_KNOTS('',1,(#7239,#7240),.UNSPECIFIED.,.F.,
  .F.,(2,2),(0.,19.509324407962),.PIECEWISE_BEZIER_KNOTS.);
#7239 = CARTESIAN_POINT('',(0.,174.11161999912));
#7240 = CARTESIAN_POINT('',(19.509324407962,174.11161999912));
#7241 = ( GEOMETRIC_REPRESENTATION_CONTEXT(2) 
PARAMETRIC_REPRESENTATION_CONTEXT() REPRESENTATION_CONTEXT('2D SPACE',''
  ) );
#7242 = PCURVE('',#7243,#7248);
#7243 = CYLINDRICAL_SURFACE('',#7244,1.4);
#7244 = AXIS2_PLACEMENT_3D('',#7245,#7246,#7247);
#7245 = CARTESIAN_POINT('',(3.580987992729,-12.19986979166,1.4));
#7246 = DIRECTION('',(0.,1.,0.));
#7247 = DIRECTION('',(1.,0.,-0.));
#7248 = DEFINITIONAL_REPRESENTATION('',(#7249),#7260);
#7249 = B_SPLINE_CURVE_WITH_KNOTS('',9,(#7250,#7251,#7252,#7253,#7254,
    #7255,#7256,#7257,#7258,#7259),.UNSPECIFIED.,.F.,.F.,(10,10),(0.,
    19.509324407962),.PIECEWISE_BEZIER_KNOTS.);
#7250 = CARTESIAN_POINT('',(-1.110223024625E-16,0.));
#7251 = CARTESIAN_POINT('',(0.157134840264,0.));
#7252 = CARTESIAN_POINT('',(0.325774716821,0.));
#7253 = CARTESIAN_POINT('',(0.50456638687,0.));
#7254 = CARTESIAN_POINT('',(0.690744851612,0.));
#7255 = CARTESIAN_POINT('',(0.880051475183,0.));
#7256 = CARTESIAN_POINT('',(1.066229939925,0.));
#7257 = CARTESIAN_POINT('',(1.245021609974,0.));
#7258 = CARTESIAN_POINT('',(1.413661486531,0.));
#7259 = CARTESIAN_POINT('',(1.570796326795,0.));
#7260 = ( GEOMETRIC_REPRESENTATION_CONTEXT(2) 
PARAMETRIC_REPRESENTATION_CONTEXT() REPRESENTATION_CONTEXT('2D SPACE',''
  ) );
#7261 = ORIENTED_EDGE('',*,*,#7262,.F.);
#7262 = EDGE_CURVE('',#7069,#7229,#7263,.T.);
#7263 = SURFACE_CURVE('',#7264,(#7279,#7286),.PCURVE_S1.);
#7264 = ( BOUNDED_CURVE() B_SPLINE_CURVE(13,(#7265,#7266,#7267,#7268,
    #7269,#7270,#7271,#7272,#7273,#7274,#7275,#7276,#7277,#7278),
.UNSPECIFIED.,.F.,.F.) B_SPLINE_CURVE_WITH_KNOTS((14,14),(
154.60229559116,174.11161999912),.PIECEWISE_BEZIER_KNOTS.) CURVE() 
GEOMETRIC_REPRESENTATION_ITEM() RATIONAL_B_SPLINE_CURVE((1.,1.,
    1.000000000002,0.999999999996,1.000000000009,0.999999999987,
    1.000000000016,0.999999999985,1.000000000012,0.999999999993,
1.000000000003,0.999999999999,1.,1.)) REPRESENTATION_ITEM('') );
#7265 = CARTESIAN_POINT('',(19.480987992729,-24.80013020833,1.4));
#7266 = CARTESIAN_POINT('',(17.632444662083,-24.80013020833,1.4));
#7267 = CARTESIAN_POINT('',(15.764206434544,-24.67233924362,1.4));
#7268 = CARTESIAN_POINT('',(13.938553605011,-24.38619583287,
    1.399999999999));
#7269 = CARTESIAN_POINT('',(12.207409034267,-23.93211471248,
    1.400000000002));
#7270 = CARTESIAN_POINT('',(10.623538934578,-23.26387206093,
    1.399999999997));
#7271 = CARTESIAN_POINT('',(9.210874914327,-22.47204448252,
    1.400000000003));
#7272 = CARTESIAN_POINT('',(7.986522520754,-21.39686760624,
    1.399999999997));
#7273 = CARTESIAN_POINT('',(7.039888848876,-20.28142079965,
    1.400000000003));
#7274 = CARTESIAN_POINT('',(6.214258877058,-18.97906142629,
    1.399999999998));
#7275 = CARTESIAN_POINT('',(5.609844768084,-17.52820341099,
    1.400000000001));
#7276 = CARTESIAN_POINT('',(5.192201409586,-15.91394017209,1.4));
#7277 = CARTESIAN_POINT('',(4.980987992731,-14.13788254712,1.4));
#7278 = CARTESIAN_POINT('',(4.980987992729,-12.19986979166,1.4));
#7279 = PCURVE('',#7083,#7280);
#7280 = DEFINITIONAL_REPRESENTATION('',(#7281),#7285);
#7281 = LINE('',#7282,#7283);
#7282 = CARTESIAN_POINT('',(0.,0.));
#7283 = VECTOR('',#7284,1.);
#7284 = DIRECTION('',(0.,1.));
#7285 = ( GEOMETRIC_REPRESENTATION_CONTEXT(2) 
PARAMETRIC_REPRESENTATION_CONTEXT() REPRESENTATION_CONTEXT('2D SPACE',''
  ) );
#7286 = PCURVE('',#3480,#7287);
#7287 = DEFINITIONAL_REPRESENTATION('',(#7288),#7305);
#7288 = B_SPLINE_CURVE_WITH_KNOTS('',8,(#7289,#7290,#7291,#7292,#7293,
    #7294,#7295,#7296,#7297,#7298,#7299,#7300,#7301,#7302,#7303,#7304),
  .UNSPECIFIED.,.F.,.F.,(9,7,9),(154.60229559116,164.35695779514,
    174.11161999912),.UNSPECIFIED.);
#7289 = CARTESIAN_POINT('',(6.383782391595E-16,-1.4));
#7290 = CARTESIAN_POINT('',(5.562746133885E-02,-1.4));
#7291 = CARTESIAN_POINT('',(0.114510796739,-1.400000000001));
#7292 = CARTESIAN_POINT('',(0.175880477263,-1.399999999999));
#7293 = CARTESIAN_POINT('',(0.238981533672,-1.400000000001));
#7294 = CARTESIAN_POINT('',(0.303217093443,-1.399999999999));
#7295 = CARTESIAN_POINT('',(0.367933554192,-1.4));
#7296 = CARTESIAN_POINT('',(0.432501469858,-1.4));
#7297 = CARTESIAN_POINT('',(0.560834435866,-1.4));
#7298 = CARTESIAN_POINT('',(0.624596141218,-1.4));
#7299 = CARTESIAN_POINT('',(0.687701817838,-1.4));
#7300 = CARTESIAN_POINT('',(0.750124067416,-1.399999999999));
#7301 = CARTESIAN_POINT('',(0.812597245713,-1.400000000001));
#7302 = CARTESIAN_POINT('',(0.875042311888,-1.399999999999));
#7303 = CARTESIAN_POINT('',(0.93751495398,-1.4));
#7304 = CARTESIAN_POINT('',(1.,-1.4));
#7305 = ( GEOMETRIC_REPRESENTATION_CONTEXT(2) 
PARAMETRIC_REPRESENTATION_CONTEXT() REPRESENTATION_CONTEXT('2D SPACE',''
  ) );
#7306 = ADVANCED_FACE('',(#7307),#7243,.T.);
#7307 = FACE_BOUND('',#7308,.T.);
#7308 = EDGE_LOOP('',(#7309,#7310,#7333,#7367));
#7309 = ORIENTED_EDGE('',*,*,#7228,.T.);
#7310 = ORIENTED_EDGE('',*,*,#7311,.T.);
#7311 = EDGE_CURVE('',#7184,#7312,#7314,.T.);
#7312 = VERTEX_POINT('',#7313);
#7313 = CARTESIAN_POINT('',(3.580987992729,-10.80006510416,
    -2.22044604925E-16));
#7314 = SURFACE_CURVE('',#7315,(#7319,#7326),.PCURVE_S1.);
#7315 = LINE('',#7316,#7317);
#7316 = CARTESIAN_POINT('',(3.580987992729,-12.19986979166,
    -2.22044604925E-16));
#7317 = VECTOR('',#7318,1.);
#7318 = DIRECTION('',(0.,1.,0.));
#7319 = PCURVE('',#7243,#7320);
#7320 = DEFINITIONAL_REPRESENTATION('',(#7321),#7325);
#7321 = LINE('',#7322,#7323);
#7322 = CARTESIAN_POINT('',(1.570796326795,0.));
#7323 = VECTOR('',#7324,1.);
#7324 = DIRECTION('',(0.,1.));
#7325 = ( GEOMETRIC_REPRESENTATION_CONTEXT(2) 
PARAMETRIC_REPRESENTATION_CONTEXT() REPRESENTATION_CONTEXT('2D SPACE',''
  ) );
#7326 = PCURVE('',#4107,#7327);
#7327 = DEFINITIONAL_REPRESENTATION('',(#7328),#7332);
#7328 = LINE('',#7329,#7330);
#7329 = CARTESIAN_POINT('',(15.000065104167,22.800130208333));
#7330 = VECTOR('',#7331,1.);
#7331 = DIRECTION('',(0.,1.));
#7332 = ( GEOMETRIC_REPRESENTATION_CONTEXT(2) 
PARAMETRIC_REPRESENTATION_CONTEXT() REPRESENTATION_CONTEXT('2D SPACE',''
  ) );
#7333 = ORIENTED_EDGE('',*,*,#7334,.F.);
#7334 = EDGE_CURVE('',#7335,#7312,#7337,.T.);
#7335 = VERTEX_POINT('',#7336);
#7336 = CARTESIAN_POINT('',(4.980987992729,-9.400065104167,1.4));
#7337 = SURFACE_CURVE('',#7338,(#7343,#7355),.PCURVE_S1.);
#7338 = ELLIPSE('',#7339,1.979898987322,1.4);
#7339 = AXIS2_PLACEMENT_3D('',#7340,#7341,#7342);
#7340 = CARTESIAN_POINT('',(3.580987992729,-10.80006510416,1.4));
#7341 = DIRECTION('',(-0.707106781187,0.707106781187,0.));
#7342 = DIRECTION('',(0.707106781187,0.707106781187,0.));
#7343 = PCURVE('',#7243,#7344);
#7344 = DEFINITIONAL_REPRESENTATION('',(#7345),#7354);
#7345 = B_SPLINE_CURVE_WITH_KNOTS('',7,(#7346,#7347,#7348,#7349,#7350,
    #7351,#7352,#7353),.UNSPECIFIED.,.F.,.F.,(8,8),(0.,1.570796326795),
  .PIECEWISE_BEZIER_KNOTS.);
#7346 = CARTESIAN_POINT('',(0.,2.7998046875));
#7347 = CARTESIAN_POINT('',(0.224399475256,2.7998046875));
#7348 = CARTESIAN_POINT('',(0.448798950513,2.717556545846));
#7349 = CARTESIAN_POINT('',(0.673198425769,2.553072193975));
#7350 = CARTESIAN_POINT('',(0.897597901026,2.316450243583));
#7351 = CARTESIAN_POINT('',(1.121997376282,2.028121942546));
#7352 = CARTESIAN_POINT('',(1.346396851538,1.713963952859));
#7353 = CARTESIAN_POINT('',(1.570796326795,1.3998046875));
#7354 = ( GEOMETRIC_REPRESENTATION_CONTEXT(2) 
PARAMETRIC_REPRESENTATION_CONTEXT() REPRESENTATION_CONTEXT('2D SPACE',''
  ) );
#7355 = PCURVE('',#4074,#7356);
#7356 = DEFINITIONAL_REPRESENTATION('',(#7357),#7366);
#7357 = B_SPLINE_CURVE_WITH_KNOTS('',7,(#7358,#7359,#7360,#7361,#7362,
    #7363,#7364,#7365),.UNSPECIFIED.,.F.,.F.,(8,8),(0.,1.570796326795),
  .PIECEWISE_BEZIER_KNOTS.);
#7358 = CARTESIAN_POINT('',(0.,0.));
#7359 = CARTESIAN_POINT('',(0.224399475256,0.));
#7360 = CARTESIAN_POINT('',(0.448798950513,8.224814165392E-02));
#7361 = CARTESIAN_POINT('',(0.673198425769,0.246732493525));
#7362 = CARTESIAN_POINT('',(0.897597901026,0.483354443917));
#7363 = CARTESIAN_POINT('',(1.121997376282,0.771682744953));
#7364 = CARTESIAN_POINT('',(1.346396851538,1.085840734641));
#7365 = CARTESIAN_POINT('',(1.570796326795,1.4));
#7366 = ( GEOMETRIC_REPRESENTATION_CONTEXT(2) 
PARAMETRIC_REPRESENTATION_CONTEXT() REPRESENTATION_CONTEXT('2D SPACE',''
  ) );
#7367 = ORIENTED_EDGE('',*,*,#7368,.F.);
#7368 = EDGE_CURVE('',#7229,#7335,#7369,.T.);
#7369 = SURFACE_CURVE('',#7370,(#7374,#7381),.PCURVE_S1.);
#7370 = LINE('',#7371,#7372);
#7371 = CARTESIAN_POINT('',(4.980987992729,-12.19986979166,1.4));
#7372 = VECTOR('',#7373,1.);
#7373 = DIRECTION('',(0.,1.,0.));
#7374 = PCURVE('',#7243,#7375);
#7375 = DEFINITIONAL_REPRESENTATION('',(#7376),#7380);
#7376 = LINE('',#7377,#7378);
#7377 = CARTESIAN_POINT('',(0.,0.));
#7378 = VECTOR('',#7379,1.);
#7379 = DIRECTION('',(0.,1.));
#7380 = ( GEOMETRIC_REPRESENTATION_CONTEXT(2) 
PARAMETRIC_REPRESENTATION_CONTEXT() REPRESENTATION_CONTEXT('2D SPACE',''
  ) );
#7381 = PCURVE('',#3588,#7382);
#7382 = DEFINITIONAL_REPRESENTATION('',(#7383),#7387);
#7383 = LINE('',#7384,#7385);
#7384 = CARTESIAN_POINT('',(0.,-1.4));
#7385 = VECTOR('',#7386,1.);
#7386 = DIRECTION('',(1.,0.));
#7387 = ( GEOMETRIC_REPRESENTATION_CONTEXT(2) 
PARAMETRIC_REPRESENTATION_CONTEXT() REPRESENTATION_CONTEXT('2D SPACE',''
  ) );
#7388 = ADVANCED_FACE('',(#7389),#5590,.T.);
#7389 = FACE_BOUND('',#7390,.T.);
#7390 = EDGE_LOOP('',(#7391,#7423,#7424,#7425));
#7391 = ORIENTED_EDGE('',*,*,#7392,.T.);
#7392 = EDGE_CURVE('',#5912,#5547,#7393,.T.);
#7393 = SURFACE_CURVE('',#7394,(#7399,#7411),.PCURVE_S1.);
#7394 = ELLIPSE('',#7395,1.494663076234,1.4);
#7395 = AXIS2_PLACEMENT_3D('',#7396,#7397,#7398);
#7396 = CARTESIAN_POINT('',(-30.88082523231,-28.3564809258,-4.6));
#7397 = DIRECTION('',(0.350224086741,0.936665943155,0.));
#7398 = DIRECTION('',(-0.936665943155,0.350224086741,0.));
#7399 = PCURVE('',#5590,#7400);
#7400 = DEFINITIONAL_REPRESENTATION('',(#7401),#7410);
#7401 = B_SPLINE_CURVE_WITH_KNOTS('',7,(#7402,#7403,#7404,#7405,#7406,
    #7407,#7408,#7409),.UNSPECIFIED.,.F.,.F.,(8,8),(3.14159265359,
    4.712388980385),.PIECEWISE_BEZIER_KNOTS.);
#7402 = CARTESIAN_POINT('',(0.,3.552713678801E-15));
#7403 = CARTESIAN_POINT('',(0.224399475256,3.567099080914E-15));
#7404 = CARTESIAN_POINT('',(0.448798950513,-3.075299204308E-02));
#7405 = CARTESIAN_POINT('',(0.673198425769,-9.225451490515E-02));
#7406 = CARTESIAN_POINT('',(0.897597901026,-0.180728647102));
#7407 = CARTESIAN_POINT('',(1.121997376282,-0.288536042737));
#7408 = CARTESIAN_POINT('',(1.346396851538,-0.406001288308));
#7409 = CARTESIAN_POINT('',(1.570796326795,-0.523467010859));
#7410 = ( GEOMETRIC_REPRESENTATION_CONTEXT(2) 
PARAMETRIC_REPRESENTATION_CONTEXT() REPRESENTATION_CONTEXT('2D SPACE',''
  ) );
#7411 = PCURVE('',#5562,#7412);
#7412 = DEFINITIONAL_REPRESENTATION('',(#7413),#7422);
#7413 = B_SPLINE_CURVE_WITH_KNOTS('',7,(#7414,#7415,#7416,#7417,#7418,
    #7419,#7420,#7421),.UNSPECIFIED.,.F.,.F.,(8,8),(3.14159265359,
    4.712388980385),.PIECEWISE_BEZIER_KNOTS.);
#7414 = CARTESIAN_POINT('',(0.,1.599934895833));
#7415 = CARTESIAN_POINT('',(0.224399475256,1.599934895833));
#7416 = CARTESIAN_POINT('',(0.448798950513,1.630687887876));
#7417 = CARTESIAN_POINT('',(0.673198425769,1.692189410739));
#7418 = CARTESIAN_POINT('',(0.897597901025,1.780663542935));
#7419 = CARTESIAN_POINT('',(1.121997376282,1.888470938571));
#7420 = CARTESIAN_POINT('',(1.346396851538,2.005936184141));
#7421 = CARTESIAN_POINT('',(1.570796326795,2.123401906692));
#7422 = ( GEOMETRIC_REPRESENTATION_CONTEXT(2) 
PARAMETRIC_REPRESENTATION_CONTEXT() REPRESENTATION_CONTEXT('2D SPACE',''
  ) );
#7423 = ORIENTED_EDGE('',*,*,#5574,.T.);
#7424 = ORIENTED_EDGE('',*,*,#5739,.F.);
#7425 = ORIENTED_EDGE('',*,*,#5911,.F.);
#7426 = ADVANCED_FACE('',(#7427),#5646,.T.);
#7427 = FACE_BOUND('',#7428,.T.);
#7428 = EDGE_LOOP('',(#7429,#7430,#7431,#7465));
#7429 = ORIENTED_EDGE('',*,*,#5774,.T.);
#7430 = ORIENTED_EDGE('',*,*,#5630,.T.);
#7431 = ORIENTED_EDGE('',*,*,#7432,.F.);
#7432 = EDGE_CURVE('',#7433,#5631,#7435,.T.);
#7433 = VERTEX_POINT('',#7434);
#7434 = CARTESIAN_POINT('',(-42.28095544064,27.719986959167,-4.6));
#7435 = SURFACE_CURVE('',#7436,(#7441,#7453),.PCURVE_S1.);
#7436 = ELLIPSE('',#7437,1.979898987322,1.4);
#7437 = AXIS2_PLACEMENT_3D('',#7438,#7439,#7440);
#7438 = CARTESIAN_POINT('',(-40.88095544064,26.319986959167,-4.6));
#7439 = DIRECTION('',(-0.707106781187,-0.707106781187,0.));
#7440 = DIRECTION('',(-0.707106781187,0.707106781187,0.));
#7441 = PCURVE('',#5646,#7442);
#7442 = DEFINITIONAL_REPRESENTATION('',(#7443),#7452);
#7443 = B_SPLINE_CURVE_WITH_KNOTS('',7,(#7444,#7445,#7446,#7447,#7448,
    #7449,#7450,#7451),.UNSPECIFIED.,.F.,.F.,(8,8),(0.,1.570796326795),
  .PIECEWISE_BEZIER_KNOTS.);
#7444 = CARTESIAN_POINT('',(0.,47.400065104167));
#7445 = CARTESIAN_POINT('',(0.224399475256,47.400065104167));
#7446 = CARTESIAN_POINT('',(0.448798950513,47.317816962504));
#7447 = CARTESIAN_POINT('',(0.673198425769,47.153332610647));
#7448 = CARTESIAN_POINT('',(0.897597901026,46.916710660225));
#7449 = CARTESIAN_POINT('',(1.121997376282,46.628382359224));
#7450 = CARTESIAN_POINT('',(1.346396851538,46.314224369526));
#7451 = CARTESIAN_POINT('',(1.570796326795,46.000065104167));
#7452 = ( GEOMETRIC_REPRESENTATION_CONTEXT(2) 
PARAMETRIC_REPRESENTATION_CONTEXT() REPRESENTATION_CONTEXT('2D SPACE',''
  ) );
#7453 = PCURVE('',#5674,#7454);
#7454 = DEFINITIONAL_REPRESENTATION('',(#7455),#7464);
#7455 = B_SPLINE_CURVE_WITH_KNOTS('',7,(#7456,#7457,#7458,#7459,#7460,
    #7461,#7462,#7463),.UNSPECIFIED.,.F.,.F.,(8,8),(0.,1.570796326795),
  .PIECEWISE_BEZIER_KNOTS.);
#7456 = CARTESIAN_POINT('',(0.,0.));
#7457 = CARTESIAN_POINT('',(0.224399475256,0.));
#7458 = CARTESIAN_POINT('',(0.448798950513,8.224814165399E-02));
#7459 = CARTESIAN_POINT('',(0.67319842577,0.246732493525));
#7460 = CARTESIAN_POINT('',(0.897597901026,0.483354443917));
#7461 = CARTESIAN_POINT('',(1.121997376282,0.771682744953));
#7462 = CARTESIAN_POINT('',(1.346396851538,1.085840734641));
#7463 = CARTESIAN_POINT('',(1.570796326795,1.4));
#7464 = ( GEOMETRIC_REPRESENTATION_CONTEXT(2) 
PARAMETRIC_REPRESENTATION_CONTEXT() REPRESENTATION_CONTEXT('2D SPACE',''
  ) );
#7465 = ORIENTED_EDGE('',*,*,#7466,.F.);
#7466 = EDGE_CURVE('',#5775,#7433,#7467,.T.);
#7467 = SURFACE_CURVE('',#7468,(#7472,#7479),.PCURVE_S1.);
#7468 = LINE('',#7469,#7470);
#7469 = CARTESIAN_POINT('',(5.119109663521,27.719986959167,-4.6));
#7470 = VECTOR('',#7471,1.);
#7471 = DIRECTION('',(-1.,0.,0.));
#7472 = PCURVE('',#5646,#7473);
#7473 = DEFINITIONAL_REPRESENTATION('',(#7474),#7478);
#7474 = LINE('',#7475,#7476);
#7475 = CARTESIAN_POINT('',(0.,0.));
#7476 = VECTOR('',#7477,1.);
#7477 = DIRECTION('',(0.,1.));
#7478 = ( GEOMETRIC_REPRESENTATION_CONTEXT(2) 
PARAMETRIC_REPRESENTATION_CONTEXT() REPRESENTATION_CONTEXT('2D SPACE',''
  ) );
#7479 = PCURVE('',#2372,#7480);
#7480 = DEFINITIONAL_REPRESENTATION('',(#7481),#7485);
#7481 = LINE('',#7482,#7483);
#7482 = CARTESIAN_POINT('',(0.,-1.4));
#7483 = VECTOR('',#7484,1.);
#7484 = DIRECTION('',(1.,0.));
#7485 = ( GEOMETRIC_REPRESENTATION_CONTEXT(2) 
PARAMETRIC_REPRESENTATION_CONTEXT() REPRESENTATION_CONTEXT('2D SPACE',''
  ) );
#7486 = ADVANCED_FACE('',(#7487),#5562,.T.);
#7487 = FACE_BOUND('',#7488,.T.);
#7488 = EDGE_LOOP('',(#7489,#7521,#7522,#7523));
#7489 = ORIENTED_EDGE('',*,*,#7490,.T.);
#7490 = EDGE_CURVE('',#4430,#5524,#7491,.T.);
#7491 = SURFACE_CURVE('',#7492,(#7497,#7509),.PCURVE_S1.);
#7492 = ELLIPSE('',#7493,1.979898987322,1.4);
#7493 = AXIS2_PLACEMENT_3D('',#7494,#7495,#7496);
#7494 = CARTESIAN_POINT('',(-30.88082523231,-31.8798828325,-4.6));
#7495 = DIRECTION('',(-0.707106781187,0.707106781187,0.));
#7496 = DIRECTION('',(-0.707106781187,-0.707106781187,0.));
#7497 = PCURVE('',#5562,#7498);
#7498 = DEFINITIONAL_REPRESENTATION('',(#7499),#7508);
#7499 = B_SPLINE_CURVE_WITH_KNOTS('',7,(#7500,#7501,#7502,#7503,#7504,
    #7505,#7506,#7507),.UNSPECIFIED.,.F.,.F.,(8,8),(3.14159265359,
    4.712388980385),.PIECEWISE_BEZIER_KNOTS.);
#7500 = CARTESIAN_POINT('',(0.,0.));
#7501 = CARTESIAN_POINT('',(0.224399475256,3.847341387444E-17));
#7502 = CARTESIAN_POINT('',(0.448798950513,-8.224814165399E-02));
#7503 = CARTESIAN_POINT('',(0.67319842577,-0.246732493525));
#7504 = CARTESIAN_POINT('',(0.897597901026,-0.483354443917));
#7505 = CARTESIAN_POINT('',(1.121997376282,-0.771682744953));
#7506 = CARTESIAN_POINT('',(1.346396851538,-1.085840734641));
#7507 = CARTESIAN_POINT('',(1.570796326795,-1.4));
#7508 = ( GEOMETRIC_REPRESENTATION_CONTEXT(2) 
PARAMETRIC_REPRESENTATION_CONTEXT() REPRESENTATION_CONTEXT('2D SPACE',''
  ) );
#7509 = PCURVE('',#4445,#7510);
#7510 = DEFINITIONAL_REPRESENTATION('',(#7511),#7520);
#7511 = B_SPLINE_CURVE_WITH_KNOTS('',7,(#7512,#7513,#7514,#7515,#7516,
    #7517,#7518,#7519),.UNSPECIFIED.,.F.,.F.,(8,8),(3.14159265359,
    4.712388980385),.PIECEWISE_BEZIER_KNOTS.);
#7512 = CARTESIAN_POINT('',(0.,34.7998046875));
#7513 = CARTESIAN_POINT('',(0.224399475256,34.7998046875));
#7514 = CARTESIAN_POINT('',(0.448798950513,34.882052829142));
#7515 = CARTESIAN_POINT('',(0.67319842577,35.04653718105));
#7516 = CARTESIAN_POINT('',(0.897597901025,35.283159131384));
#7517 = CARTESIAN_POINT('',(1.121997376282,35.571487432462));
#7518 = CARTESIAN_POINT('',(1.346396851538,35.885645422141));
#7519 = CARTESIAN_POINT('',(1.570796326795,36.1998046875));
#7520 = ( GEOMETRIC_REPRESENTATION_CONTEXT(2) 
PARAMETRIC_REPRESENTATION_CONTEXT() REPRESENTATION_CONTEXT('2D SPACE',''
  ) );
#7521 = ORIENTED_EDGE('',*,*,#5546,.T.);
#7522 = ORIENTED_EDGE('',*,*,#7392,.F.);
#7523 = ORIENTED_EDGE('',*,*,#7524,.F.);
#7524 = EDGE_CURVE('',#4430,#5912,#7525,.T.);
#7525 = SURFACE_CURVE('',#7526,(#7530,#7537),.PCURVE_S1.);
#7526 = LINE('',#7527,#7528);
#7527 = CARTESIAN_POINT('',(-29.48082523231,-30.4798828325,-4.6));
#7528 = VECTOR('',#7529,1.);
#7529 = DIRECTION('',(0.,1.,0.));
#7530 = PCURVE('',#5562,#7531);
#7531 = DEFINITIONAL_REPRESENTATION('',(#7532),#7536);
#7532 = LINE('',#7533,#7534);
#7533 = CARTESIAN_POINT('',(0.,0.));
#7534 = VECTOR('',#7535,1.);
#7535 = DIRECTION('',(0.,1.));
#7536 = ( GEOMETRIC_REPRESENTATION_CONTEXT(2) 
PARAMETRIC_REPRESENTATION_CONTEXT() REPRESENTATION_CONTEXT('2D SPACE',''
  ) );
#7537 = PCURVE('',#4576,#7538);
#7538 = DEFINITIONAL_REPRESENTATION('',(#7539),#7543);
#7539 = LINE('',#7540,#7541);
#7540 = CARTESIAN_POINT('',(0.,-1.4));
#7541 = VECTOR('',#7542,1.);
#7542 = DIRECTION('',(1.,0.));
#7543 = ( GEOMETRIC_REPRESENTATION_CONTEXT(2) 
PARAMETRIC_REPRESENTATION_CONTEXT() REPRESENTATION_CONTEXT('2D SPACE',''
  ) );
#7544 = ADVANCED_FACE('',(#7545),#5674,.T.);
#7545 = FACE_BOUND('',#7546,.T.);
#7546 = EDGE_LOOP('',(#7547,#7548,#7549,#7583));
#7547 = ORIENTED_EDGE('',*,*,#7432,.T.);
#7548 = ORIENTED_EDGE('',*,*,#5658,.T.);
#7549 = ORIENTED_EDGE('',*,*,#7550,.F.);
#7550 = EDGE_CURVE('',#7551,#5659,#7553,.T.);
#7551 = VERTEX_POINT('',#7552);
#7552 = CARTESIAN_POINT('',(-42.28095544064,15.919856750833,-4.6));
#7553 = SURFACE_CURVE('',#7554,(#7559,#7571),.PCURVE_S1.);
#7554 = ELLIPSE('',#7555,1.979898987322,1.4);
#7555 = AXIS2_PLACEMENT_3D('',#7556,#7557,#7558);
#7556 = CARTESIAN_POINT('',(-40.88095544064,17.319856750833,-4.6));
#7557 = DIRECTION('',(0.707106781187,-0.707106781187,0.));
#7558 = DIRECTION('',(-0.707106781187,-0.707106781187,0.));
#7559 = PCURVE('',#5674,#7560);
#7560 = DEFINITIONAL_REPRESENTATION('',(#7561),#7570);
#7561 = B_SPLINE_CURVE_WITH_KNOTS('',7,(#7562,#7563,#7564,#7565,#7566,
    #7567,#7568,#7569),.UNSPECIFIED.,.F.,.F.,(8,8),(0.,1.570796326795),
  .PIECEWISE_BEZIER_KNOTS.);
#7562 = CARTESIAN_POINT('',(0.,11.800130208333));
#7563 = CARTESIAN_POINT('',(0.224399475256,11.800130208333));
#7564 = CARTESIAN_POINT('',(0.448798950513,11.717882066677));
#7565 = CARTESIAN_POINT('',(0.67319842577,11.553397714813));
#7566 = CARTESIAN_POINT('',(0.897597901025,11.316775764411));
#7567 = CARTESIAN_POINT('',(1.121997376282,11.028447463382));
#7568 = CARTESIAN_POINT('',(1.346396851538,10.714289473692));
#7569 = CARTESIAN_POINT('',(1.570796326795,10.400130208333));
#7570 = ( GEOMETRIC_REPRESENTATION_CONTEXT(2) 
PARAMETRIC_REPRESENTATION_CONTEXT() REPRESENTATION_CONTEXT('2D SPACE',''
  ) );
#7571 = PCURVE('',#5702,#7572);
#7572 = DEFINITIONAL_REPRESENTATION('',(#7573),#7582);
#7573 = B_SPLINE_CURVE_WITH_KNOTS('',7,(#7574,#7575,#7576,#7577,#7578,
    #7579,#7580,#7581),.UNSPECIFIED.,.F.,.F.,(8,8),(0.,1.570796326795),
  .PIECEWISE_BEZIER_KNOTS.);
#7574 = CARTESIAN_POINT('',(0.,0.));
#7575 = CARTESIAN_POINT('',(0.224399475256,0.));
#7576 = CARTESIAN_POINT('',(0.448798950513,8.224814165399E-02));
#7577 = CARTESIAN_POINT('',(0.67319842577,0.246732493525));
#7578 = CARTESIAN_POINT('',(0.897597901025,0.483354443917));
#7579 = CARTESIAN_POINT('',(1.121997376282,0.771682744953));
#7580 = CARTESIAN_POINT('',(1.346396851538,1.085840734641));
#7581 = CARTESIAN_POINT('',(1.570796326795,1.4));
#7582 = ( GEOMETRIC_REPRESENTATION_CONTEXT(2) 
PARAMETRIC_REPRESENTATION_CONTEXT() REPRESENTATION_CONTEXT('2D SPACE',''
  ) );
#7583 = ORIENTED_EDGE('',*,*,#7584,.F.);
#7584 = EDGE_CURVE('',#7433,#7551,#7585,.T.);
#7585 = SURFACE_CURVE('',#7586,(#7590,#7597),.PCURVE_S1.);
#7586 = LINE('',#7587,#7588);
#7587 = CARTESIAN_POINT('',(-42.28095544064,27.719986959167,-4.6));
#7588 = VECTOR('',#7589,1.);
#7589 = DIRECTION('',(0.,-1.,0.));
#7590 = PCURVE('',#5674,#7591);
#7591 = DEFINITIONAL_REPRESENTATION('',(#7592),#7596);
#7592 = LINE('',#7593,#7594);
#7593 = CARTESIAN_POINT('',(0.,0.));
#7594 = VECTOR('',#7595,1.);
#7595 = DIRECTION('',(0.,1.));
#7596 = ( GEOMETRIC_REPRESENTATION_CONTEXT(2) 
PARAMETRIC_REPRESENTATION_CONTEXT() REPRESENTATION_CONTEXT('2D SPACE',''
  ) );
#7597 = PCURVE('',#7598,#7603);
#7598 = PLANE('',#7599);
#7599 = AXIS2_PLACEMENT_3D('',#7600,#7601,#7602);
#7600 = CARTESIAN_POINT('',(-42.28095544064,27.719986959167,-6.));
#7601 = DIRECTION('',(1.,0.,-0.));
#7602 = DIRECTION('',(0.,-1.,0.));
#7603 = DEFINITIONAL_REPRESENTATION('',(#7604),#7608);
#7604 = LINE('',#7605,#7606);
#7605 = CARTESIAN_POINT('',(0.,-1.4));
#7606 = VECTOR('',#7607,1.);
#7607 = DIRECTION('',(1.,0.));
#7608 = ( GEOMETRIC_REPRESENTATION_CONTEXT(2) 
PARAMETRIC_REPRESENTATION_CONTEXT() REPRESENTATION_CONTEXT('2D SPACE',''
  ) );
#7609 = ADVANCED_FACE('',(#7610),#7598,.F.);
#7610 = FACE_BOUND('',#7611,.F.);
#7611 = EDGE_LOOP('',(#7612,#7635,#7663,#7689));
#7612 = ORIENTED_EDGE('',*,*,#7613,.T.);
#7613 = EDGE_CURVE('',#7433,#7614,#7616,.T.);
#7614 = VERTEX_POINT('',#7615);
#7615 = CARTESIAN_POINT('',(-42.28095544064,27.719986959167,14.6));
#7616 = SURFACE_CURVE('',#7617,(#7621,#7628),.PCURVE_S1.);
#7617 = LINE('',#7618,#7619);
#7618 = CARTESIAN_POINT('',(-42.28095544064,27.719986959167,-6.));
#7619 = VECTOR('',#7620,1.);
#7620 = DIRECTION('',(0.,0.,1.));
#7621 = PCURVE('',#7598,#7622);
#7622 = DEFINITIONAL_REPRESENTATION('',(#7623),#7627);
#7623 = LINE('',#7624,#7625);
#7624 = CARTESIAN_POINT('',(0.,0.));
#7625 = VECTOR('',#7626,1.);
#7626 = DIRECTION('',(0.,-1.));
#7627 = ( GEOMETRIC_REPRESENTATION_CONTEXT(2) 
PARAMETRIC_REPRESENTATION_CONTEXT() REPRESENTATION_CONTEXT('2D SPACE',''
  ) );
#7628 = PCURVE('',#2372,#7629);
#7629 = DEFINITIONAL_REPRESENTATION('',(#7630),#7634);
#7630 = LINE('',#7631,#7632);
#7631 = CARTESIAN_POINT('',(47.400065104167,0.));
#7632 = VECTOR('',#7633,1.);
#7633 = DIRECTION('',(0.,-1.));
#7634 = ( GEOMETRIC_REPRESENTATION_CONTEXT(2) 
PARAMETRIC_REPRESENTATION_CONTEXT() REPRESENTATION_CONTEXT('2D SPACE',''
  ) );
#7635 = ORIENTED_EDGE('',*,*,#7636,.T.);
#7636 = EDGE_CURVE('',#7614,#7637,#7639,.T.);
#7637 = VERTEX_POINT('',#7638);
#7638 = CARTESIAN_POINT('',(-42.28095544064,15.919856750833,14.6));
#7639 = SURFACE_CURVE('',#7640,(#7644,#7651),.PCURVE_S1.);
#7640 = LINE('',#7641,#7642);
#7641 = CARTESIAN_POINT('',(-42.28095544064,27.719986959167,14.6));
#7642 = VECTOR('',#7643,1.);
#7643 = DIRECTION('',(0.,-1.,0.));
#7644 = PCURVE('',#7598,#7645);
#7645 = DEFINITIONAL_REPRESENTATION('',(#7646),#7650);
#7646 = LINE('',#7647,#7648);
#7647 = CARTESIAN_POINT('',(0.,-20.6));
#7648 = VECTOR('',#7649,1.);
#7649 = DIRECTION('',(1.,0.));
#7650 = ( GEOMETRIC_REPRESENTATION_CONTEXT(2) 
PARAMETRIC_REPRESENTATION_CONTEXT() REPRESENTATION_CONTEXT('2D SPACE',''
  ) );
#7651 = PCURVE('',#7652,#7657);
#7652 = CYLINDRICAL_SURFACE('',#7653,1.4);
#7653 = AXIS2_PLACEMENT_3D('',#7654,#7655,#7656);
#7654 = CARTESIAN_POINT('',(-40.88095544064,27.719986959167,14.6));
#7655 = DIRECTION('',(0.,-1.,0.));
#7656 = DIRECTION('',(-1.,-0.,0.));
#7657 = DEFINITIONAL_REPRESENTATION('',(#7658),#7662);
#7658 = LINE('',#7659,#7660);
#7659 = CARTESIAN_POINT('',(-0.,0.));
#7660 = VECTOR('',#7661,1.);
#7661 = DIRECTION('',(-0.,1.));
#7662 = ( GEOMETRIC_REPRESENTATION_CONTEXT(2) 
PARAMETRIC_REPRESENTATION_CONTEXT() REPRESENTATION_CONTEXT('2D SPACE',''
  ) );
#7663 = ORIENTED_EDGE('',*,*,#7664,.F.);
#7664 = EDGE_CURVE('',#7551,#7637,#7665,.T.);
#7665 = SURFACE_CURVE('',#7666,(#7670,#7677),.PCURVE_S1.);
#7666 = LINE('',#7667,#7668);
#7667 = CARTESIAN_POINT('',(-42.28095544064,15.919856750833,-6.));
#7668 = VECTOR('',#7669,1.);
#7669 = DIRECTION('',(0.,0.,1.));
#7670 = PCURVE('',#7598,#7671);
#7671 = DEFINITIONAL_REPRESENTATION('',(#7672),#7676);
#7672 = LINE('',#7673,#7674);
#7673 = CARTESIAN_POINT('',(11.800130208333,0.));
#7674 = VECTOR('',#7675,1.);
#7675 = DIRECTION('',(0.,-1.));
#7676 = ( GEOMETRIC_REPRESENTATION_CONTEXT(2) 
PARAMETRIC_REPRESENTATION_CONTEXT() REPRESENTATION_CONTEXT('2D SPACE',''
  ) );
#7677 = PCURVE('',#7678,#7683);
#7678 = PLANE('',#7679);
#7679 = AXIS2_PLACEMENT_3D('',#7680,#7681,#7682);
#7680 = CARTESIAN_POINT('',(-42.28095544064,15.919856750833,-6.));
#7681 = DIRECTION('',(0.,1.,0.));
#7682 = DIRECTION('',(1.,0.,0.));
#7683 = DEFINITIONAL_REPRESENTATION('',(#7684),#7688);
#7684 = LINE('',#7685,#7686);
#7685 = CARTESIAN_POINT('',(0.,0.));
#7686 = VECTOR('',#7687,1.);
#7687 = DIRECTION('',(0.,-1.));
#7688 = ( GEOMETRIC_REPRESENTATION_CONTEXT(2) 
PARAMETRIC_REPRESENTATION_CONTEXT() REPRESENTATION_CONTEXT('2D SPACE',''
  ) );
#7689 = ORIENTED_EDGE('',*,*,#7584,.F.);
#7690 = ADVANCED_FACE('',(#7691),#7678,.F.);
#7691 = FACE_BOUND('',#7692,.F.);
#7692 = EDGE_LOOP('',(#7693,#7694,#7722,#7745));
#7693 = ORIENTED_EDGE('',*,*,#7664,.T.);
#7694 = ORIENTED_EDGE('',*,*,#7695,.T.);
#7695 = EDGE_CURVE('',#7637,#7696,#7698,.T.);
#7696 = VERTEX_POINT('',#7697);
#7697 = CARTESIAN_POINT('',(-8.681020544813,15.919856750833,14.6));
#7698 = SURFACE_CURVE('',#7699,(#7703,#7710),.PCURVE_S1.);
#7699 = LINE('',#7700,#7701);
#7700 = CARTESIAN_POINT('',(-42.28095544064,15.919856750833,14.6));
#7701 = VECTOR('',#7702,1.);
#7702 = DIRECTION('',(1.,0.,0.));
#7703 = PCURVE('',#7678,#7704);
#7704 = DEFINITIONAL_REPRESENTATION('',(#7705),#7709);
#7705 = LINE('',#7706,#7707);
#7706 = CARTESIAN_POINT('',(0.,-20.6));
#7707 = VECTOR('',#7708,1.);
#7708 = DIRECTION('',(1.,0.));
#7709 = ( GEOMETRIC_REPRESENTATION_CONTEXT(2) 
PARAMETRIC_REPRESENTATION_CONTEXT() REPRESENTATION_CONTEXT('2D SPACE',''
  ) );
#7710 = PCURVE('',#7711,#7716);
#7711 = CYLINDRICAL_SURFACE('',#7712,1.4);
#7712 = AXIS2_PLACEMENT_3D('',#7713,#7714,#7715);
#7713 = CARTESIAN_POINT('',(-42.28095544064,17.319856750833,14.6));
#7714 = DIRECTION('',(1.,0.,0.));
#7715 = DIRECTION('',(0.,-1.,-0.));
#7716 = DEFINITIONAL_REPRESENTATION('',(#7717),#7721);
#7717 = LINE('',#7718,#7719);
#7718 = CARTESIAN_POINT('',(-0.,0.));
#7719 = VECTOR('',#7720,1.);
#7720 = DIRECTION('',(-0.,1.));
#7721 = ( GEOMETRIC_REPRESENTATION_CONTEXT(2) 
PARAMETRIC_REPRESENTATION_CONTEXT() REPRESENTATION_CONTEXT('2D SPACE',''
  ) );
#7722 = ORIENTED_EDGE('',*,*,#7723,.F.);
#7723 = EDGE_CURVE('',#7724,#7696,#7726,.T.);
#7724 = VERTEX_POINT('',#7725);
#7725 = CARTESIAN_POINT('',(-8.681020544813,15.919856750833,-4.6));
#7726 = SURFACE_CURVE('',#7727,(#7731,#7738),.PCURVE_S1.);
#7727 = LINE('',#7728,#7729);
#7728 = CARTESIAN_POINT('',(-8.681020544813,15.919856750833,-6.));
#7729 = VECTOR('',#7730,1.);
#7730 = DIRECTION('',(0.,0.,1.));
#7731 = PCURVE('',#7678,#7732);
#7732 = DEFINITIONAL_REPRESENTATION('',(#7733),#7737);
#7733 = LINE('',#7734,#7735);
#7734 = CARTESIAN_POINT('',(33.599934895833,0.));
#7735 = VECTOR('',#7736,1.);
#7736 = DIRECTION('',(0.,-1.));
#7737 = ( GEOMETRIC_REPRESENTATION_CONTEXT(2) 
PARAMETRIC_REPRESENTATION_CONTEXT() REPRESENTATION_CONTEXT('2D SPACE',''
  ) );
#7738 = PCURVE('',#5223,#7739);
#7739 = DEFINITIONAL_REPRESENTATION('',(#7740),#7744);
#7740 = LINE('',#7741,#7742);
#7741 = CARTESIAN_POINT('',(0.,0.));
#7742 = VECTOR('',#7743,1.);
#7743 = DIRECTION('',(0.,-1.));
#7744 = ( GEOMETRIC_REPRESENTATION_CONTEXT(2) 
PARAMETRIC_REPRESENTATION_CONTEXT() REPRESENTATION_CONTEXT('2D SPACE',''
  ) );
#7745 = ORIENTED_EDGE('',*,*,#7746,.F.);
#7746 = EDGE_CURVE('',#7551,#7724,#7747,.T.);
#7747 = SURFACE_CURVE('',#7748,(#7752,#7759),.PCURVE_S1.);
#7748 = LINE('',#7749,#7750);
#7749 = CARTESIAN_POINT('',(-42.28095544064,15.919856750833,-4.6));
#7750 = VECTOR('',#7751,1.);
#7751 = DIRECTION('',(1.,0.,0.));
#7752 = PCURVE('',#7678,#7753);
#7753 = DEFINITIONAL_REPRESENTATION('',(#7754),#7758);
#7754 = LINE('',#7755,#7756);
#7755 = CARTESIAN_POINT('',(0.,-1.4));
#7756 = VECTOR('',#7757,1.);
#7757 = DIRECTION('',(1.,0.));
#7758 = ( GEOMETRIC_REPRESENTATION_CONTEXT(2) 
PARAMETRIC_REPRESENTATION_CONTEXT() REPRESENTATION_CONTEXT('2D SPACE',''
  ) );
#7759 = PCURVE('',#5702,#7760);
#7760 = DEFINITIONAL_REPRESENTATION('',(#7761),#7765);
#7761 = LINE('',#7762,#7763);
#7762 = CARTESIAN_POINT('',(0.,0.));
#7763 = VECTOR('',#7764,1.);
#7764 = DIRECTION('',(0.,1.));
#7765 = ( GEOMETRIC_REPRESENTATION_CONTEXT(2) 
PARAMETRIC_REPRESENTATION_CONTEXT() REPRESENTATION_CONTEXT('2D SPACE',''
  ) );
#7766 = ADVANCED_FACE('',(#7767),#7711,.T.);
#7767 = FACE_BOUND('',#7768,.F.);
#7768 = EDGE_LOOP('',(#7769,#7803,#7826,#7858));
#7769 = ORIENTED_EDGE('',*,*,#7770,.T.);
#7770 = EDGE_CURVE('',#7637,#7771,#7773,.T.);
#7771 = VERTEX_POINT('',#7772);
#7772 = CARTESIAN_POINT('',(-40.88095544064,17.319856750833,16.));
#7773 = SURFACE_CURVE('',#7774,(#7779,#7791),.PCURVE_S1.);
#7774 = ELLIPSE('',#7775,1.979898987322,1.4);
#7775 = AXIS2_PLACEMENT_3D('',#7776,#7777,#7778);
#7776 = CARTESIAN_POINT('',(-40.88095544064,17.319856750833,14.6));
#7777 = DIRECTION('',(-0.707106781187,0.707106781187,0.));
#7778 = DIRECTION('',(-0.707106781187,-0.707106781187,0.));
#7779 = PCURVE('',#7711,#7780);
#7780 = DEFINITIONAL_REPRESENTATION('',(#7781),#7790);
#7781 = B_SPLINE_CURVE_WITH_KNOTS('',7,(#7782,#7783,#7784,#7785,#7786,
    #7787,#7788,#7789),.UNSPECIFIED.,.F.,.F.,(8,8),(0.,1.570796563841),
  .PIECEWISE_BEZIER_KNOTS.);
#7782 = CARTESIAN_POINT('',(0.,0.));
#7783 = CARTESIAN_POINT('',(-0.22439950912,7.694683936078E-17));
#7784 = CARTESIAN_POINT('',(-0.44879901824,8.224816647896E-02));
#7785 = CARTESIAN_POINT('',(-0.67319852736,0.246732567987));
#7786 = CARTESIAN_POINT('',(-0.897598036481,0.483354586756));
#7787 = CARTESIAN_POINT('',(-1.121997545601,0.771682962505));
#7788 = CARTESIAN_POINT('',(-1.346397054721,1.085841019096));
#7789 = CARTESIAN_POINT('',(-1.570796563841,1.400000331865));
#7790 = ( GEOMETRIC_REPRESENTATION_CONTEXT(2) 
PARAMETRIC_REPRESENTATION_CONTEXT() REPRESENTATION_CONTEXT('2D SPACE',''
  ) );
#7791 = PCURVE('',#7652,#7792);
#7792 = DEFINITIONAL_REPRESENTATION('',(#7793),#7802);
#7793 = B_SPLINE_CURVE_WITH_KNOTS('',7,(#7794,#7795,#7796,#7797,#7798,
    #7799,#7800,#7801),.UNSPECIFIED.,.F.,.F.,(8,8),(0.,1.570796563841),
  .PIECEWISE_BEZIER_KNOTS.);
#7794 = CARTESIAN_POINT('',(0.,11.800130208333));
#7795 = CARTESIAN_POINT('',(-0.22439950912,11.800130208333));
#7796 = CARTESIAN_POINT('',(-0.44879901824,11.717882041856));
#7797 = CARTESIAN_POINT('',(-0.67319852736,11.553397640342));
#7798 = CARTESIAN_POINT('',(-0.897598036481,11.316775621584));
#7799 = CARTESIAN_POINT('',(-1.121997545601,11.028447245826));
#7800 = CARTESIAN_POINT('',(-1.346397054721,10.714289189237));
#7801 = CARTESIAN_POINT('',(-1.570796563841,10.400129876469));
#7802 = ( GEOMETRIC_REPRESENTATION_CONTEXT(2) 
PARAMETRIC_REPRESENTATION_CONTEXT() REPRESENTATION_CONTEXT('2D SPACE',''
  ) );
#7803 = ORIENTED_EDGE('',*,*,#7804,.T.);
#7804 = EDGE_CURVE('',#7771,#7805,#7807,.T.);
#7805 = VERTEX_POINT('',#7806);
#7806 = CARTESIAN_POINT('',(-7.281020544813,17.319856750833,16.));
#7807 = SURFACE_CURVE('',#7808,(#7812,#7819),.PCURVE_S1.);
#7808 = LINE('',#7809,#7810);
#7809 = CARTESIAN_POINT('',(-42.28095544064,17.319856750833,16.));
#7810 = VECTOR('',#7811,1.);
#7811 = DIRECTION('',(1.,0.,0.));
#7812 = PCURVE('',#7711,#7813);
#7813 = DEFINITIONAL_REPRESENTATION('',(#7814),#7818);
#7814 = LINE('',#7815,#7816);
#7815 = CARTESIAN_POINT('',(-1.570796326795,0.));
#7816 = VECTOR('',#7817,1.);
#7817 = DIRECTION('',(-0.,1.));
#7818 = ( GEOMETRIC_REPRESENTATION_CONTEXT(2) 
PARAMETRIC_REPRESENTATION_CONTEXT() REPRESENTATION_CONTEXT('2D SPACE',''
  ) );
#7819 = PCURVE('',#2251,#7820);
#7820 = DEFINITIONAL_REPRESENTATION('',(#7821),#7825);
#7821 = LINE('',#7822,#7823);
#7822 = CARTESIAN_POINT('',(5.599934895833,59.599869791667));
#7823 = VECTOR('',#7824,1.);
#7824 = DIRECTION('',(1.,0.));
#7825 = ( GEOMETRIC_REPRESENTATION_CONTEXT(2) 
PARAMETRIC_REPRESENTATION_CONTEXT() REPRESENTATION_CONTEXT('2D SPACE',''
  ) );
#7826 = ORIENTED_EDGE('',*,*,#7827,.F.);
#7827 = EDGE_CURVE('',#7696,#7805,#7828,.T.);
#7828 = SURFACE_CURVE('',#7829,(#7834,#7846),.PCURVE_S1.);
#7829 = ELLIPSE('',#7830,1.979898987322,1.4);
#7830 = AXIS2_PLACEMENT_3D('',#7831,#7832,#7833);
#7831 = CARTESIAN_POINT('',(-7.281020544813,17.319856750833,14.6));
#7832 = DIRECTION('',(-0.707106781187,0.707106781187,0.));
#7833 = DIRECTION('',(0.707106781187,0.707106781187,0.));
#7834 = PCURVE('',#7711,#7835);
#7835 = DEFINITIONAL_REPRESENTATION('',(#7836),#7845);
#7836 = B_SPLINE_CURVE_WITH_KNOTS('',7,(#7837,#7838,#7839,#7840,#7841,
    #7842,#7843,#7844),.UNSPECIFIED.,.F.,.F.,(8,8),(3.14159265359,
    4.712388980385),.PIECEWISE_BEZIER_KNOTS.);
#7837 = CARTESIAN_POINT('',(0.,33.599934895833));
#7838 = CARTESIAN_POINT('',(-0.224399475256,33.599934895833));
#7839 = CARTESIAN_POINT('',(-0.448798950513,33.682183037485));
#7840 = CARTESIAN_POINT('',(-0.67319842577,33.846667389353));
#7841 = CARTESIAN_POINT('',(-0.897597901025,34.083289339753));
#7842 = CARTESIAN_POINT('',(-1.121997376282,34.37161764079));
#7843 = CARTESIAN_POINT('',(-1.346396851538,34.685775630474));
#7844 = CARTESIAN_POINT('',(-1.570796326795,34.999934895833));
#7845 = ( GEOMETRIC_REPRESENTATION_CONTEXT(2) 
PARAMETRIC_REPRESENTATION_CONTEXT() REPRESENTATION_CONTEXT('2D SPACE',''
  ) );
#7846 = PCURVE('',#5139,#7847);
#7847 = DEFINITIONAL_REPRESENTATION('',(#7848),#7857);
#7848 = B_SPLINE_CURVE_WITH_KNOTS('',7,(#7849,#7850,#7851,#7852,#7853,
    #7854,#7855,#7856),.UNSPECIFIED.,.F.,.F.,(8,8),(3.14159265359,
    4.712388980385),.PIECEWISE_BEZIER_KNOTS.);
#7849 = CARTESIAN_POINT('',(0.,0.));
#7850 = CARTESIAN_POINT('',(-0.224399475256,-3.847341387444E-17));
#7851 = CARTESIAN_POINT('',(-0.448798950513,-8.224814165388E-02));
#7852 = CARTESIAN_POINT('',(-0.673198425769,-0.246732493525));
#7853 = CARTESIAN_POINT('',(-0.897597901026,-0.483354443917));
#7854 = CARTESIAN_POINT('',(-1.121997376282,-0.771682744953));
#7855 = CARTESIAN_POINT('',(-1.346396851538,-1.085840734641));
#7856 = CARTESIAN_POINT('',(-1.570796326795,-1.4));
#7857 = ( GEOMETRIC_REPRESENTATION_CONTEXT(2) 
PARAMETRIC_REPRESENTATION_CONTEXT() REPRESENTATION_CONTEXT('2D SPACE',''
  ) );
#7858 = ORIENTED_EDGE('',*,*,#7695,.F.);
#7859 = ADVANCED_FACE('',(#7860),#7652,.T.);
#7860 = FACE_BOUND('',#7861,.F.);
#7861 = EDGE_LOOP('',(#7862,#7896,#7917,#7918));
#7862 = ORIENTED_EDGE('',*,*,#7863,.T.);
#7863 = EDGE_CURVE('',#7614,#7864,#7866,.T.);
#7864 = VERTEX_POINT('',#7865);
#7865 = CARTESIAN_POINT('',(-40.88095544064,26.319986959167,16.));
#7866 = SURFACE_CURVE('',#7867,(#7872,#7884),.PCURVE_S1.);
#7867 = ELLIPSE('',#7868,1.979898987322,1.4);
#7868 = AXIS2_PLACEMENT_3D('',#7869,#7870,#7871);
#7869 = CARTESIAN_POINT('',(-40.88095544064,26.319986959167,14.6));
#7870 = DIRECTION('',(0.707106781187,0.707106781187,-0.));
#7871 = DIRECTION('',(-0.707106781187,0.707106781187,0.));
#7872 = PCURVE('',#7652,#7873);
#7873 = DEFINITIONAL_REPRESENTATION('',(#7874),#7883);
#7874 = B_SPLINE_CURVE_WITH_KNOTS('',7,(#7875,#7876,#7877,#7878,#7879,
    #7880,#7881,#7882),.UNSPECIFIED.,.F.,.F.,(8,8),(0.,1.570796326795),
  .PIECEWISE_BEZIER_KNOTS.);
#7875 = CARTESIAN_POINT('',(0.,0.));
#7876 = CARTESIAN_POINT('',(-0.224399475256,7.694682774887E-17));
#7877 = CARTESIAN_POINT('',(-0.448798950513,8.224814165398E-02));
#7878 = CARTESIAN_POINT('',(-0.673198425769,0.246732493525));
#7879 = CARTESIAN_POINT('',(-0.897597901026,0.483354443917));
#7880 = CARTESIAN_POINT('',(-1.121997376282,0.771682744953));
#7881 = CARTESIAN_POINT('',(-1.346396851538,1.085840734641));
#7882 = CARTESIAN_POINT('',(-1.570796326795,1.4));
#7883 = ( GEOMETRIC_REPRESENTATION_CONTEXT(2) 
PARAMETRIC_REPRESENTATION_CONTEXT() REPRESENTATION_CONTEXT('2D SPACE',''
  ) );
#7884 = PCURVE('',#2323,#7885);
#7885 = DEFINITIONAL_REPRESENTATION('',(#7886),#7895);
#7886 = B_SPLINE_CURVE_WITH_KNOTS('',7,(#7887,#7888,#7889,#7890,#7891,
    #7892,#7893,#7894),.UNSPECIFIED.,.F.,.F.,(8,8),(0.,1.570796326795),
  .PIECEWISE_BEZIER_KNOTS.);
#7887 = CARTESIAN_POINT('',(0.,47.400065104167));
#7888 = CARTESIAN_POINT('',(-0.224399475256,47.400065104167));
#7889 = CARTESIAN_POINT('',(-0.448798950513,47.317816962512));
#7890 = CARTESIAN_POINT('',(-0.67319842577,47.153332610666));
#7891 = CARTESIAN_POINT('',(-0.897597901026,46.916710660251));
#7892 = CARTESIAN_POINT('',(-1.121997376282,46.628382359215));
#7893 = CARTESIAN_POINT('',(-1.346396851538,46.314224369526));
#7894 = CARTESIAN_POINT('',(-1.570796326795,46.000065104167));
#7895 = ( GEOMETRIC_REPRESENTATION_CONTEXT(2) 
PARAMETRIC_REPRESENTATION_CONTEXT() REPRESENTATION_CONTEXT('2D SPACE',''
  ) );
#7896 = ORIENTED_EDGE('',*,*,#7897,.T.);
#7897 = EDGE_CURVE('',#7864,#7771,#7898,.T.);
#7898 = SURFACE_CURVE('',#7899,(#7903,#7910),.PCURVE_S1.);
#7899 = LINE('',#7900,#7901);
#7900 = CARTESIAN_POINT('',(-40.88095544064,27.719986959167,16.));
#7901 = VECTOR('',#7902,1.);
#7902 = DIRECTION('',(0.,-1.,0.));
#7903 = PCURVE('',#7652,#7904);
#7904 = DEFINITIONAL_REPRESENTATION('',(#7905),#7909);
#7905 = LINE('',#7906,#7907);
#7906 = CARTESIAN_POINT('',(-1.570796326795,0.));
#7907 = VECTOR('',#7908,1.);
#7908 = DIRECTION('',(-0.,1.));
#7909 = ( GEOMETRIC_REPRESENTATION_CONTEXT(2) 
PARAMETRIC_REPRESENTATION_CONTEXT() REPRESENTATION_CONTEXT('2D SPACE',''
  ) );
#7910 = PCURVE('',#2251,#7911);
#7911 = DEFINITIONAL_REPRESENTATION('',(#7912),#7916);
#7912 = LINE('',#7913,#7914);
#7913 = CARTESIAN_POINT('',(6.999934895833,70.));
#7914 = VECTOR('',#7915,1.);
#7915 = DIRECTION('',(0.,-1.));
#7916 = ( GEOMETRIC_REPRESENTATION_CONTEXT(2) 
PARAMETRIC_REPRESENTATION_CONTEXT() REPRESENTATION_CONTEXT('2D SPACE',''
  ) );
#7917 = ORIENTED_EDGE('',*,*,#7770,.F.);
#7918 = ORIENTED_EDGE('',*,*,#7636,.F.);
#7919 = ADVANCED_FACE('',(#7920),#5702,.T.);
#7920 = FACE_BOUND('',#7921,.T.);
#7921 = EDGE_LOOP('',(#7922,#7923,#7924,#7956));
#7922 = ORIENTED_EDGE('',*,*,#7550,.T.);
#7923 = ORIENTED_EDGE('',*,*,#5686,.T.);
#7924 = ORIENTED_EDGE('',*,*,#7925,.F.);
#7925 = EDGE_CURVE('',#7724,#5687,#7926,.T.);
#7926 = SURFACE_CURVE('',#7927,(#7932,#7944),.PCURVE_S1.);
#7927 = ELLIPSE('',#7928,1.979898987322,1.4);
#7928 = AXIS2_PLACEMENT_3D('',#7929,#7930,#7931);
#7929 = CARTESIAN_POINT('',(-7.281020544813,17.319856750833,-4.6));
#7930 = DIRECTION('',(0.707106781187,-0.707106781187,0.));
#7931 = DIRECTION('',(0.707106781187,0.707106781187,0.));
#7932 = PCURVE('',#5702,#7933);
#7933 = DEFINITIONAL_REPRESENTATION('',(#7934),#7943);
#7934 = B_SPLINE_CURVE_WITH_KNOTS('',7,(#7935,#7936,#7937,#7938,#7939,
    #7940,#7941,#7942),.UNSPECIFIED.,.F.,.F.,(8,8),(3.14159265359,
    4.712388980385),.PIECEWISE_BEZIER_KNOTS.);
#7935 = CARTESIAN_POINT('',(0.,33.599934895833));
#7936 = CARTESIAN_POINT('',(0.224399475256,33.599934895833));
#7937 = CARTESIAN_POINT('',(0.448798950513,33.682183037485));
#7938 = CARTESIAN_POINT('',(0.67319842577,33.846667389364));
#7939 = CARTESIAN_POINT('',(0.897597901025,34.083289339753));
#7940 = CARTESIAN_POINT('',(1.121997376282,34.371617640794));
#7941 = CARTESIAN_POINT('',(1.346396851538,34.685775630474));
#7942 = CARTESIAN_POINT('',(1.570796326795,34.999934895833));
#7943 = ( GEOMETRIC_REPRESENTATION_CONTEXT(2) 
PARAMETRIC_REPRESENTATION_CONTEXT() REPRESENTATION_CONTEXT('2D SPACE',''
  ) );
#7944 = PCURVE('',#5310,#7945);
#7945 = DEFINITIONAL_REPRESENTATION('',(#7946),#7955);
#7946 = B_SPLINE_CURVE_WITH_KNOTS('',7,(#7947,#7948,#7949,#7950,#7951,
    #7952,#7953,#7954),.UNSPECIFIED.,.F.,.F.,(8,8),(3.14159265359,
    4.712388980385),.PIECEWISE_BEZIER_KNOTS.);
#7947 = CARTESIAN_POINT('',(0.,0.));
#7948 = CARTESIAN_POINT('',(0.224399475256,3.847341387444E-17));
#7949 = CARTESIAN_POINT('',(0.448798950513,-8.224814165399E-02));
#7950 = CARTESIAN_POINT('',(0.673198425769,-0.246732493525));
#7951 = CARTESIAN_POINT('',(0.897597901026,-0.483354443917));
#7952 = CARTESIAN_POINT('',(1.121997376282,-0.771682744953));
#7953 = CARTESIAN_POINT('',(1.346396851538,-1.085840734641));
#7954 = CARTESIAN_POINT('',(1.570796326795,-1.4));
#7955 = ( GEOMETRIC_REPRESENTATION_CONTEXT(2) 
PARAMETRIC_REPRESENTATION_CONTEXT() REPRESENTATION_CONTEXT('2D SPACE',''
  ) );
#7956 = ORIENTED_EDGE('',*,*,#7746,.F.);
#7957 = ADVANCED_FACE('',(#7958),#5310,.T.);
#7958 = FACE_BOUND('',#7959,.T.);
#7959 = EDGE_LOOP('',(#7960,#7961,#7962,#7963));
#7960 = ORIENTED_EDGE('',*,*,#7925,.T.);
#7961 = ORIENTED_EDGE('',*,*,#5714,.T.);
#7962 = ORIENTED_EDGE('',*,*,#5288,.F.);
#7963 = ORIENTED_EDGE('',*,*,#7964,.F.);
#7964 = EDGE_CURVE('',#7724,#5208,#7965,.T.);
#7965 = SURFACE_CURVE('',#7966,(#7970,#7977),.PCURVE_S1.);
#7966 = LINE('',#7967,#7968);
#7967 = CARTESIAN_POINT('',(-8.681020544813,15.919856750833,-4.6));
#7968 = VECTOR('',#7969,1.);
#7969 = DIRECTION('',(0.,-1.,0.));
#7970 = PCURVE('',#5310,#7971);
#7971 = DEFINITIONAL_REPRESENTATION('',(#7972),#7976);
#7972 = LINE('',#7973,#7974);
#7973 = CARTESIAN_POINT('',(0.,0.));
#7974 = VECTOR('',#7975,1.);
#7975 = DIRECTION('',(0.,1.));
#7976 = ( GEOMETRIC_REPRESENTATION_CONTEXT(2) 
PARAMETRIC_REPRESENTATION_CONTEXT() REPRESENTATION_CONTEXT('2D SPACE',''
  ) );
#7977 = PCURVE('',#5223,#7978);
#7978 = DEFINITIONAL_REPRESENTATION('',(#7979),#7983);
#7979 = LINE('',#7980,#7981);
#7980 = CARTESIAN_POINT('',(0.,-1.4));
#7981 = VECTOR('',#7982,1.);
#7982 = DIRECTION('',(1.,0.));
#7983 = ( GEOMETRIC_REPRESENTATION_CONTEXT(2) 
PARAMETRIC_REPRESENTATION_CONTEXT() REPRESENTATION_CONTEXT('2D SPACE',''
  ) );
#7984 = ADVANCED_FACE('',(#7985),#5223,.F.);
#7985 = FACE_BOUND('',#7986,.F.);
#7986 = EDGE_LOOP('',(#7987,#7988,#8009,#8010));
#7987 = ORIENTED_EDGE('',*,*,#7723,.T.);
#7988 = ORIENTED_EDGE('',*,*,#7989,.T.);
#7989 = EDGE_CURVE('',#7696,#5116,#7990,.T.);
#7990 = SURFACE_CURVE('',#7991,(#7995,#8002),.PCURVE_S1.);
#7991 = LINE('',#7992,#7993);
#7992 = CARTESIAN_POINT('',(-8.681020544813,15.919856750833,14.6));
#7993 = VECTOR('',#7994,1.);
#7994 = DIRECTION('',(0.,-1.,0.));
#7995 = PCURVE('',#5223,#7996);
#7996 = DEFINITIONAL_REPRESENTATION('',(#7997),#8001);
#7997 = LINE('',#7998,#7999);
#7998 = CARTESIAN_POINT('',(0.,-20.6));
#7999 = VECTOR('',#8000,1.);
#8000 = DIRECTION('',(1.,0.));
#8001 = ( GEOMETRIC_REPRESENTATION_CONTEXT(2) 
PARAMETRIC_REPRESENTATION_CONTEXT() REPRESENTATION_CONTEXT('2D SPACE',''
  ) );
#8002 = PCURVE('',#5139,#8003);
#8003 = DEFINITIONAL_REPRESENTATION('',(#8004),#8008);
#8004 = LINE('',#8005,#8006);
#8005 = CARTESIAN_POINT('',(-0.,0.));
#8006 = VECTOR('',#8007,1.);
#8007 = DIRECTION('',(-0.,1.));
#8008 = ( GEOMETRIC_REPRESENTATION_CONTEXT(2) 
PARAMETRIC_REPRESENTATION_CONTEXT() REPRESENTATION_CONTEXT('2D SPACE',''
  ) );
#8009 = ORIENTED_EDGE('',*,*,#5207,.F.);
#8010 = ORIENTED_EDGE('',*,*,#7964,.F.);
#8011 = ADVANCED_FACE('',(#8012),#5139,.T.);
#8012 = FACE_BOUND('',#8013,.F.);
#8013 = EDGE_LOOP('',(#8014,#8015,#8036,#8037));
#8014 = ORIENTED_EDGE('',*,*,#7827,.T.);
#8015 = ORIENTED_EDGE('',*,*,#8016,.T.);
#8016 = EDGE_CURVE('',#7805,#5118,#8017,.T.);
#8017 = SURFACE_CURVE('',#8018,(#8022,#8029),.PCURVE_S1.);
#8018 = LINE('',#8019,#8020);
#8019 = CARTESIAN_POINT('',(-7.281020544813,15.919856750833,16.));
#8020 = VECTOR('',#8021,1.);
#8021 = DIRECTION('',(0.,-1.,0.));
#8022 = PCURVE('',#5139,#8023);
#8023 = DEFINITIONAL_REPRESENTATION('',(#8024),#8028);
#8024 = LINE('',#8025,#8026);
#8025 = CARTESIAN_POINT('',(-1.570796326795,0.));
#8026 = VECTOR('',#8027,1.);
#8027 = DIRECTION('',(-0.,1.));
#8028 = ( GEOMETRIC_REPRESENTATION_CONTEXT(2) 
PARAMETRIC_REPRESENTATION_CONTEXT() REPRESENTATION_CONTEXT('2D SPACE',''
  ) );
#8029 = PCURVE('',#2251,#8030);
#8030 = DEFINITIONAL_REPRESENTATION('',(#8031),#8035);
#8031 = LINE('',#8032,#8033);
#8032 = CARTESIAN_POINT('',(40.599869791667,58.199869791667));
#8033 = VECTOR('',#8034,1.);
#8034 = DIRECTION('',(0.,-1.));
#8035 = ( GEOMETRIC_REPRESENTATION_CONTEXT(2) 
PARAMETRIC_REPRESENTATION_CONTEXT() REPRESENTATION_CONTEXT('2D SPACE',''
  ) );
#8036 = ORIENTED_EDGE('',*,*,#5115,.F.);
#8037 = ORIENTED_EDGE('',*,*,#7989,.F.);
#8038 = ADVANCED_FACE('',(#8039),#4915,.T.);
#8039 = FACE_BOUND('',#8040,.T.);
#8040 = EDGE_LOOP('',(#8041,#8042,#8043,#8075));
#8041 = ORIENTED_EDGE('',*,*,#5420,.T.);
#8042 = ORIENTED_EDGE('',*,*,#5477,.T.);
#8043 = ORIENTED_EDGE('',*,*,#8044,.F.);
#8044 = EDGE_CURVE('',#4592,#5478,#8045,.T.);
#8045 = SURFACE_CURVE('',#8046,(#8051,#8063),.PCURVE_S1.);
#8046 = ELLIPSE('',#8047,1.979898987322,1.4);
#8047 = AXIS2_PLACEMENT_3D('',#8048,#8049,#8050);
#8048 = CARTESIAN_POINT('',(3.918979455188,-40.88001304083,-4.6));
#8049 = DIRECTION('',(0.707106781187,0.707106781187,0.));
#8050 = DIRECTION('',(0.707106781187,-0.707106781187,0.));
#8051 = PCURVE('',#4915,#8052);
#8052 = DEFINITIONAL_REPRESENTATION('',(#8053),#8062);
#8053 = B_SPLINE_CURVE_WITH_KNOTS('',7,(#8054,#8055,#8056,#8057,#8058,
    #8059,#8060,#8061),.UNSPECIFIED.,.F.,.F.,(8,8),(0.,1.570796326795),
  .PIECEWISE_BEZIER_KNOTS.);
#8054 = CARTESIAN_POINT('',(0.,48.599934895833));
#8055 = CARTESIAN_POINT('',(0.224399475256,48.599934895833));
#8056 = CARTESIAN_POINT('',(0.448798950513,48.517686754183));
#8057 = CARTESIAN_POINT('',(0.673198425769,48.353202402293));
#8058 = CARTESIAN_POINT('',(0.897597901026,48.116580451926));
#8059 = CARTESIAN_POINT('',(1.121997376282,47.828252150879));
#8060 = CARTESIAN_POINT('',(1.346396851538,47.514094161192));
#8061 = CARTESIAN_POINT('',(1.570796326795,47.199934895833));
#8062 = ( GEOMETRIC_REPRESENTATION_CONTEXT(2) 
PARAMETRIC_REPRESENTATION_CONTEXT() REPRESENTATION_CONTEXT('2D SPACE',''
  ) );
#8063 = PCURVE('',#4607,#8064);
#8064 = DEFINITIONAL_REPRESENTATION('',(#8065),#8074);
#8065 = B_SPLINE_CURVE_WITH_KNOTS('',7,(#8066,#8067,#8068,#8069,#8070,
    #8071,#8072,#8073),.UNSPECIFIED.,.F.,.F.,(8,8),(0.,1.570796326795),
  .PIECEWISE_BEZIER_KNOTS.);
#8066 = CARTESIAN_POINT('',(0.,0.));
#8067 = CARTESIAN_POINT('',(0.224399475256,0.));
#8068 = CARTESIAN_POINT('',(0.448798950513,8.224814165399E-02));
#8069 = CARTESIAN_POINT('',(0.673198425769,0.246732493525));
#8070 = CARTESIAN_POINT('',(0.897597901026,0.483354443917));
#8071 = CARTESIAN_POINT('',(1.121997376282,0.771682744953));
#8072 = CARTESIAN_POINT('',(1.346396851538,1.085840734641));
#8073 = CARTESIAN_POINT('',(1.570796326795,1.4));
#8074 = ( GEOMETRIC_REPRESENTATION_CONTEXT(2) 
PARAMETRIC_REPRESENTATION_CONTEXT() REPRESENTATION_CONTEXT('2D SPACE',''
  ) );
#8075 = ORIENTED_EDGE('',*,*,#4901,.F.);
#8076 = ADVANCED_FACE('',(#8077),#4862,.F.);
#8077 = FACE_BOUND('',#8078,.F.);
#8078 = EDGE_LOOP('',(#8079,#8080,#8081,#8082));
#8079 = ORIENTED_EDGE('',*,*,#5236,.T.);
#8080 = ORIENTED_EDGE('',*,*,#5091,.T.);
#8081 = ORIENTED_EDGE('',*,*,#4844,.F.);
#8082 = ORIENTED_EDGE('',*,*,#5452,.F.);
#8083 = ADVANCED_FACE('',(#8084),#4663,.T.);
#8084 = FACE_BOUND('',#8085,.F.);
#8085 = EDGE_LOOP('',(#8086,#8087,#8088,#8111));
#8086 = ORIENTED_EDGE('',*,*,#4647,.F.);
#8087 = ORIENTED_EDGE('',*,*,#4992,.T.);
#8088 = ORIENTED_EDGE('',*,*,#8089,.T.);
#8089 = EDGE_CURVE('',#4970,#8090,#8092,.T.);
#8090 = VERTEX_POINT('',#8091);
#8091 = CARTESIAN_POINT('',(3.918979455187,-32.89016948591,16.));
#8092 = SURFACE_CURVE('',#8093,(#8097,#8104),.PCURVE_S1.);
#8093 = LINE('',#8094,#8095);
#8094 = CARTESIAN_POINT('',(3.918979455187,-42.28001304083,16.));
#8095 = VECTOR('',#8096,1.);
#8096 = DIRECTION('',(0.,1.,0.));
#8097 = PCURVE('',#4663,#8098);
#8098 = DEFINITIONAL_REPRESENTATION('',(#8099),#8103);
#8099 = LINE('',#8100,#8101);
#8100 = CARTESIAN_POINT('',(-1.570796326795,0.));
#8101 = VECTOR('',#8102,1.);
#8102 = DIRECTION('',(-0.,1.));
#8103 = ( GEOMETRIC_REPRESENTATION_CONTEXT(2) 
PARAMETRIC_REPRESENTATION_CONTEXT() REPRESENTATION_CONTEXT('2D SPACE',''
  ) );
#8104 = PCURVE('',#2251,#8105);
#8105 = DEFINITIONAL_REPRESENTATION('',(#8106),#8110);
#8106 = LINE('',#8107,#8108);
#8107 = CARTESIAN_POINT('',(51.799869791667,0.));
#8108 = VECTOR('',#8109,1.);
#8109 = DIRECTION('',(0.,1.));
#8110 = ( GEOMETRIC_REPRESENTATION_CONTEXT(2) 
PARAMETRIC_REPRESENTATION_CONTEXT() REPRESENTATION_CONTEXT('2D SPACE',''
  ) );
#8111 = ORIENTED_EDGE('',*,*,#8112,.T.);
#8112 = EDGE_CURVE('',#8090,#4648,#8113,.T.);
#8113 = SURFACE_CURVE('',#8114,(#8140,#8191),.PCURVE_S1.);
#8114 = B_SPLINE_CURVE_WITH_KNOTS('',7,(#8115,#8116,#8117,#8118,#8119,
    #8120,#8121,#8122,#8123,#8124,#8125,#8126,#8127,#8128,#8129,#8130,
    #8131,#8132,#8133,#8134,#8135,#8136,#8137,#8138,#8139),
  .UNSPECIFIED.,.F.,.F.,(8,5,6,6,8),(0.,0.327605247411,1.,
    41.882756128603,83.27308655961),.UNSPECIFIED.);
#8115 = CARTESIAN_POINT('',(3.918979238992,-32.89016937095,16.));
#8116 = CARTESIAN_POINT('',(3.920268572153,-32.89085499636,
    16.000000000199));
#8117 = CARTESIAN_POINT('',(3.921557945503,-32.89154053205,
    15.99999861517));
#8118 = CARTESIAN_POINT('',(3.922847361509,-32.89222597933,
    15.999995844679));
#8119 = CARTESIAN_POINT('',(3.924136822639,-32.89291133952,
    15.999991688494));
#8120 = CARTESIAN_POINT('',(3.925426331359,-32.89359661393,
    15.999986146382));
#8121 = CARTESIAN_POINT('',(3.929362650411,-32.89568812485,
    15.999964998148));
#8122 = CARTESIAN_POINT('',(3.933299458855,-32.89777886107,
    15.999930932226));
#8123 = CARTESIAN_POINT('',(3.935946738708,-32.89918429464,
    15.999902184792));
#8124 = CARTESIAN_POINT('',(3.938594178328,-32.90058934548,
    15.999867594262));
#8125 = CARTESIAN_POINT('',(3.941241746966,-32.90199399738,
    15.999827159225));
#8126 = CARTESIAN_POINT('',(3.943889413875,-32.90339823409,
    15.999780878271));
#8127 = CARTESIAN_POINT('',(4.107523950618,-32.99015581321,
    15.996559260977));
#8128 = CARTESIAN_POINT('',(4.269236196428,-33.07416729114,
    15.971764619051));
#8129 = CARTESIAN_POINT('',(4.426557929316,-33.15413697014,
    15.924897237833));
#8130 = CARTESIAN_POINT('',(4.57525124014,-33.22816175479,
    15.857459053113));
#8131 = CARTESIAN_POINT('',(4.711876630003,-33.2949626676,
    15.771778653896));
#8132 = CARTESIAN_POINT('',(4.833819199206,-33.3537142864,
    15.670917781534));
#8133 = CARTESIAN_POINT('',(5.046353684384,-33.45494161457,
    15.444641080952));
#8134 = CARTESIAN_POINT('',(5.136770026862,-33.49731685033,
    15.318689327527));
#8135 = CARTESIAN_POINT('',(5.209586637662,-33.5310135963,
    15.183476787358));
#8136 = CARTESIAN_POINT('',(5.264300821008,-33.55612420916,
    15.041697393806));
#8137 = CARTESIAN_POINT('',(5.300742559017,-33.57277937017,
    14.895792839814));
#8138 = CARTESIAN_POINT('',(5.318979455187,-33.58111427337,
    14.747933949251));
#8139 = CARTESIAN_POINT('',(5.318979455187,-33.58111427337,14.6));
#8140 = PCURVE('',#4663,#8141);
#8141 = DEFINITIONAL_REPRESENTATION('',(#8142),#8190);
#8142 = B_SPLINE_CURVE_WITH_KNOTS('',3,(#8143,#8144,#8145,#8146,#8147,
    #8148,#8149,#8150,#8151,#8152,#8153,#8154,#8155,#8156,#8157,#8158,
    #8159,#8160,#8161,#8162,#8163,#8164,#8165,#8166,#8167,#8168,#8169,
    #8170,#8171,#8172,#8173,#8174,#8175,#8176,#8177,#8178,#8179,#8180,
    #8181,#8182,#8183,#8184,#8185,#8186,#8187,#8188,#8189),
  .UNSPECIFIED.,.F.,.F.,(4,1,1,1,1,1,1,1,1,1,1,1,1,1,1,1,1,1,1,1,1,1,1,1
    ,1,1,1,1,1,1,1,1,1,1,1,1,1,1,1,1,1,1,1,1,4),(0.,1.892570149082,
    3.785140298164,5.677710447246,7.570280596328,9.46285074541,
    11.355420894492,13.247991043574,15.140561192656,17.033131341738,
    18.92570149082,20.818271639902,22.710841788984,24.603411938066,
    26.495982087149,28.388552236231,30.281122385313,32.173692534395,
    34.066262683477,35.958832832559,37.851402981641,39.743973130723,
    41.636543279805,43.529113428887,45.421683577969,47.314253727051,
    49.206823876133,51.099394025215,52.991964174297,54.884534323379,
    56.777104472461,58.669674621543,60.562244770625,62.454814919707,
    64.347385068789,66.239955217871,68.132525366953,70.025095516035,
    71.917665665117,73.810235814199,75.702805963282,77.595376112364,
    79.487946261446,81.380516410528,83.27308655961),
  .QUASI_UNIFORM_KNOTS.);
#8143 = CARTESIAN_POINT('',(-1.57079648122,9.389843669881));
#8144 = CARTESIAN_POINT('',(-1.558384895121,9.380603481449));
#8145 = CARTESIAN_POINT('',(-1.533535967675,9.362156116429));
#8146 = CARTESIAN_POINT('',(-1.496203377962,9.334634663727));
#8147 = CARTESIAN_POINT('',(-1.458828736675,9.307313127506));
#8148 = CARTESIAN_POINT('',(-1.421432411589,9.280242661165));
#8149 = CARTESIAN_POINT('',(-1.384031241129,9.253470563128));
#8150 = CARTESIAN_POINT('',(-1.346640718668,9.227041647783));
#8151 = CARTESIAN_POINT('',(-1.309274739516,9.200997991838));
#8152 = CARTESIAN_POINT('',(-1.271945962245,9.175379114144));
#8153 = CARTESIAN_POINT('',(-1.234665971313,9.15022203712));
#8154 = CARTESIAN_POINT('',(-1.197445463428,9.125561377241));
#8155 = CARTESIAN_POINT('',(-1.160294402478,9.101429424684));
#8156 = CARTESIAN_POINT('',(-1.123222161972,9.077856222404));
#8157 = CARTESIAN_POINT('',(-1.086237653757,9.054869641477));
#8158 = CARTESIAN_POINT('',(-1.049349446873,9.032495453203));
#8159 = CARTESIAN_POINT('',(-1.012565878084,9.010757397216));
#8160 = CARTESIAN_POINT('',(-0.975895157811,8.989677246189));
#8161 = CARTESIAN_POINT('',(-0.93934546633,8.969274863647));
#8162 = CARTESIAN_POINT('',(-0.902925065883,8.949568266275));
#8163 = CARTESIAN_POINT('',(-0.866642337717,8.930573646741));
#8164 = CARTESIAN_POINT('',(-0.83050608617,8.912305519682));
#8165 = CARTESIAN_POINT('',(-0.794524833947,8.89477638227));
#8166 = CARTESIAN_POINT('',(-0.758709869175,8.877998159127));
#8167 = CARTESIAN_POINT('',(-0.723064275099,8.861976959196));
#8168 = CARTESIAN_POINT('',(-0.687565828666,8.846707014766));
#8169 = CARTESIAN_POINT('',(-0.652213675066,8.832191888631));
#8170 = CARTESIAN_POINT('',(-0.61700131533,8.818431927849));
#8171 = CARTESIAN_POINT('',(-0.581923574343,8.805427595968));
#8172 = CARTESIAN_POINT('',(-0.546974737741,8.793178672647));
#8173 = CARTESIAN_POINT('',(-0.512149049467,8.781684554593));
#8174 = CARTESIAN_POINT('',(-0.477440571726,8.770944256084));
#8175 = CARTESIAN_POINT('',(-0.442843211232,8.760956485417));
#8176 = CARTESIAN_POINT('',(-0.408350696727,8.751719697128));
#8177 = CARTESIAN_POINT('',(-0.373956565656,8.743232147557));
#8178 = CARTESIAN_POINT('',(-0.339654144629,8.735491947085));
#8179 = CARTESIAN_POINT('',(-0.305436527775,8.728497111535));
#8180 = CARTESIAN_POINT('',(-0.27129655171,8.722245612811));
#8181 = CARTESIAN_POINT('',(-0.237226767197,8.716735429426));
#8182 = CARTESIAN_POINT('',(-0.203219406828,8.711964597592));
#8183 = CARTESIAN_POINT('',(-0.169266348953,8.707931262955));
#8184 = CARTESIAN_POINT('',(-0.135359074546,8.704633735343));
#8185 = CARTESIAN_POINT('',(-0.101488626337,8.702070540374));
#8186 = CARTESIAN_POINT('',(-6.764553183173E-02,8.70024049357));
#8187 = CARTESIAN_POINT('',(-3.381982956781E-02,8.699142703914));
#8188 = CARTESIAN_POINT('',(-1.127372605074E-02,8.698898805899));
#8189 = CARTESIAN_POINT('',(0.,8.698898767459));
#8190 = ( GEOMETRIC_REPRESENTATION_CONTEXT(2) 
PARAMETRIC_REPRESENTATION_CONTEXT() REPRESENTATION_CONTEXT('2D SPACE',''
  ) );
#8191 = PCURVE('',#65,#8192);
#8192 = DEFINITIONAL_REPRESENTATION('',(#8193),#8241);
#8193 = B_SPLINE_CURVE_WITH_KNOTS('',3,(#8194,#8195,#8196,#8197,#8198,
    #8199,#8200,#8201,#8202,#8203,#8204,#8205,#8206,#8207,#8208,#8209,
    #8210,#8211,#8212,#8213,#8214,#8215,#8216,#8217,#8218,#8219,#8220,
    #8221,#8222,#8223,#8224,#8225,#8226,#8227,#8228,#8229,#8230,#8231,
    #8232,#8233,#8234,#8235,#8236,#8237,#8238,#8239,#8240),
  .UNSPECIFIED.,.F.,.F.,(4,1,1,1,1,1,1,1,1,1,1,1,1,1,1,1,1,1,1,1,1,1,1,1
    ,1,1,1,1,1,1,1,1,1,1,1,1,1,1,1,1,1,1,1,1,4),(0.,1.892570149082,
    3.785140298164,5.677710447246,7.570280596328,9.46285074541,
    11.355420894492,13.247991043574,15.140561192656,17.033131341738,
    18.92570149082,20.818271639902,22.710841788984,24.603411938066,
    26.495982087149,28.388552236231,30.281122385313,32.173692534395,
    34.066262683477,35.958832832559,37.851402981641,39.743973130723,
    41.636543279805,43.529113428887,45.421683577969,47.314253727051,
    49.206823876133,51.099394025215,52.991964174297,54.884534323379,
    56.777104472461,58.669674621543,60.562244770625,62.454814919707,
    64.347385068789,66.239955217871,68.132525366953,70.025095516035,
    71.917665665117,73.810235814199,75.702805963282,77.595376112364,
    79.487946261446,81.380516410528,83.27308655961),
  .QUASI_UNIFORM_KNOTS.);
#8194 = CARTESIAN_POINT('',(0.63237494812,-16.));
#8195 = CARTESIAN_POINT('',(0.63286863448,-16.00000054603));
#8196 = CARTESIAN_POINT('',(0.633856124842,-15.99935257348));
#8197 = CARTESIAN_POINT('',(0.635334952372,-15.99643171032));
#8198 = CARTESIAN_POINT('',(0.63680864036,-15.99155755363));
#8199 = CARTESIAN_POINT('',(0.63827435435,-15.98473508969));
#8200 = CARTESIAN_POINT('',(0.639729430751,-15.97597476823));
#8201 = CARTESIAN_POINT('',(0.641171300734,-15.96529295364));
#8202 = CARTESIAN_POINT('',(0.642597508034,-15.95271126109));
#8203 = CARTESIAN_POINT('',(0.644005701762,-15.93825624211));
#8204 = CARTESIAN_POINT('',(0.645393636082,-15.92195902407));
#8205 = CARTESIAN_POINT('',(0.646759168241,-15.90385500609));
#8206 = CARTESIAN_POINT('',(0.648100257232,-15.88398358066));
#8207 = CARTESIAN_POINT('',(0.649414962481,-15.86238788605));
#8208 = CARTESIAN_POINT('',(0.650701442749,-15.83911458461));
#8209 = CARTESIAN_POINT('',(0.651957955186,-15.81421366532));
#8210 = CARTESIAN_POINT('',(0.653182854572,-15.78773826711));
#8211 = CARTESIAN_POINT('',(0.654374592715,-15.75974452235));
#8212 = CARTESIAN_POINT('',(0.655531718172,-15.73029141133));
#8213 = CARTESIAN_POINT('',(0.656652875628,-15.69944064927));
#8214 = CARTESIAN_POINT('',(0.657736807469,-15.66725651316));
#8215 = CARTESIAN_POINT('',(0.658782348151,-15.63380594248));
#8216 = CARTESIAN_POINT('',(0.659788446384,-15.59915765433));
#8217 = CARTESIAN_POINT('',(0.660754084519,-15.56338496168));
#8218 = CARTESIAN_POINT('',(0.661678582572,-15.5265547834));
#8219 = CARTESIAN_POINT('',(0.662561956195,-15.48870698521));
#8220 = CARTESIAN_POINT('',(0.663403693622,-15.44990235932));
#8221 = CARTESIAN_POINT('',(0.664203479296,-15.41019553584));
#8222 = CARTESIAN_POINT('',(0.664961002888,-15.36964190715));
#8223 = CARTESIAN_POINT('',(0.665676006208,-15.32829572653));
#8224 = CARTESIAN_POINT('',(0.666348266587,-15.28621057507));
#8225 = CARTESIAN_POINT('',(0.666977597454,-15.24343919736));
#8226 = CARTESIAN_POINT('',(0.667563844448,-15.20003350951));
#8227 = CARTESIAN_POINT('',(0.668106882844,-15.15604456383));
#8228 = CARTESIAN_POINT('',(0.66860661469,-15.11152252788));
#8229 = CARTESIAN_POINT('',(0.669062966075,-15.06651666221));
#8230 = CARTESIAN_POINT('',(0.669475884365,-15.02107530076));
#8231 = CARTESIAN_POINT('',(0.669845335427,-14.97524583268));
#8232 = CARTESIAN_POINT('',(0.670171300799,-14.92907468572));
#8233 = CARTESIAN_POINT('',(0.670453774779,-14.88260731073));
#8234 = CARTESIAN_POINT('',(0.670692761426,-14.83588816818));
#8235 = CARTESIAN_POINT('',(0.670888271395,-14.78896071249));
#8236 = CARTESIAN_POINT('',(0.671040318742,-14.74186738929));
#8237 = CARTESIAN_POINT('',(0.671148917079,-14.69464958794));
#8238 = CARTESIAN_POINT('',(0.671214077287,-14.64734776457));
#8239 = CARTESIAN_POINT('',(0.671228558028,-14.61578320883));
#8240 = CARTESIAN_POINT('',(0.671228558953,-14.6));
#8241 = ( GEOMETRIC_REPRESENTATION_CONTEXT(2) 
PARAMETRIC_REPRESENTATION_CONTEXT() REPRESENTATION_CONTEXT('2D SPACE',''
  ) );
#8242 = ADVANCED_FACE('',(#8243),#4754,.T.);
#8243 = FACE_BOUND('',#8244,.T.);
#8244 = EDGE_LOOP('',(#8245,#8292,#8293,#8338));
#8245 = ORIENTED_EDGE('',*,*,#8246,.F.);
#8246 = EDGE_CURVE('',#4676,#40,#8247,.T.);
#8247 = SURFACE_CURVE('',#8248,(#8263,#8270),.PCURVE_S1.);
#8248 = ( BOUNDED_CURVE() B_SPLINE_CURVE(13,(#8249,#8250,#8251,#8252,
    #8253,#8254,#8255,#8256,#8257,#8258,#8259,#8260,#8261,#8262),
.UNSPECIFIED.,.F.,.F.) B_SPLINE_CURVE_WITH_KNOTS((14,14),(2.7998046875,
41.316197240884),.PIECEWISE_BEZIER_KNOTS.) CURVE() 
GEOMETRIC_REPRESENTATION_ITEM() RATIONAL_B_SPLINE_CURVE((1.,1.,
    1.000000000001,0.999999999998,1.000000000005,0.999999999993,
    1.000000000009,0.999999999992,1.000000000006,0.999999999996,
1.000000000002,0.999999999999,1.,1.)) REPRESENTATION_ITEM('') );
#8249 = CARTESIAN_POINT('',(-8.019012007271,-12.19986979166,1.4));
#8250 = CARTESIAN_POINT('',(-8.019012007272,-15.70803000138,1.4));
#8251 = CARTESIAN_POINT('',(-7.584387741117,-18.97814867424,1.4));
#8252 = CARTESIAN_POINT('',(-6.736375405756,-22.0003615756,1.4));
#8253 = CARTESIAN_POINT('',(-5.502239147079,-24.7640112486,
    1.399999999999));
#8254 = CARTESIAN_POINT('',(-3.886992620525,-27.26766979852,
    1.400000000001));
#8255 = CARTESIAN_POINT('',(-1.949927743397,-29.49498352562,
    1.399999999999));
#8256 = CARTESIAN_POINT('',(0.376265438857,-31.50663111896,
    1.400000000001));
#8257 = CARTESIAN_POINT('',(3.049865854719,-33.16561513412,
    1.399999999999));
#8258 = CARTESIAN_POINT('',(6.020822355921,-34.50915335771,
    1.400000000001));
#8259 = CARTESIAN_POINT('',(9.235224731733,-35.48600252584,1.4));
#8260 = CARTESIAN_POINT('',(12.61088234385,-36.10969185796,1.4));
#8261 = CARTESIAN_POINT('',(16.056552982967,-36.40006510416,1.4));
#8262 = CARTESIAN_POINT('',(19.480987992729,-36.40006510416,1.4));
#8263 = PCURVE('',#4754,#8264);
#8264 = DEFINITIONAL_REPRESENTATION('',(#8265),#8269);
#8265 = LINE('',#8266,#8267);
#8266 = CARTESIAN_POINT('',(0.,0.));
#8267 = VECTOR('',#8268,1.);
#8268 = DIRECTION('',(0.,1.));
#8269 = ( GEOMETRIC_REPRESENTATION_CONTEXT(2) 
PARAMETRIC_REPRESENTATION_CONTEXT() REPRESENTATION_CONTEXT('2D SPACE',''
  ) );
#8270 = PCURVE('',#65,#8271);
#8271 = DEFINITIONAL_REPRESENTATION('',(#8272),#8291);
#8272 = B_SPLINE_CURVE_WITH_KNOTS('',9,(#8273,#8274,#8275,#8276,#8277,
    #8278,#8279,#8280,#8281,#8282,#8283,#8284,#8285,#8286,#8287,#8288,
    #8289,#8290),.UNSPECIFIED.,.F.,.F.,(10,8,10),(2.7998046875,
    22.058000964192,41.316197240884),.UNSPECIFIED.);
#8273 = CARTESIAN_POINT('',(-2.775557561563E-16,-1.4));
#8274 = CARTESIAN_POINT('',(5.556225233703E-02,-1.4));
#8275 = CARTESIAN_POINT('',(0.111130570793,-1.4));
#8276 = CARTESIAN_POINT('',(0.166702396456,-1.399999999999));
#8277 = CARTESIAN_POINT('',(0.222286435998,-1.400000000001));
#8278 = CARTESIAN_POINT('',(0.277887868706,-1.4));
#8279 = CARTESIAN_POINT('',(0.333649113646,-1.4));
#8280 = CARTESIAN_POINT('',(0.389711240321,-1.4));
#8281 = CARTESIAN_POINT('',(0.446078385801,-1.4));
#8282 = CARTESIAN_POINT('',(0.559232552075,-1.4));
#8283 = CARTESIAN_POINT('',(0.616019420765,-1.4));
#8284 = CARTESIAN_POINT('',(0.672917950149,-1.4));
#8285 = CARTESIAN_POINT('',(0.729725091055,-1.4));
#8286 = CARTESIAN_POINT('',(0.7861146922,-1.4));
#8287 = CARTESIAN_POINT('',(0.841747530946,-1.4));
#8288 = CARTESIAN_POINT('',(0.896224330495,-1.4));
#8289 = CARTESIAN_POINT('',(0.949111661621,-1.4));
#8290 = CARTESIAN_POINT('',(1.,-1.4));
#8291 = ( GEOMETRIC_REPRESENTATION_CONTEXT(2) 
PARAMETRIC_REPRESENTATION_CONTEXT() REPRESENTATION_CONTEXT('2D SPACE',''
  ) );
#8292 = ORIENTED_EDGE('',*,*,#4704,.F.);
#8293 = ORIENTED_EDGE('',*,*,#8294,.T.);
#8294 = EDGE_CURVE('',#4705,#8295,#8297,.T.);
#8295 = VERTEX_POINT('',#8296);
#8296 = CARTESIAN_POINT('',(19.484314476763,-35.00006905613,0.));
#8297 = SURFACE_CURVE('',#8298,(#8313,#8320),.PCURVE_S1.);
#8298 = ( BOUNDED_CURVE() B_SPLINE_CURVE(13,(#8299,#8300,#8301,#8302,
    #8303,#8304,#8305,#8306,#8307,#8308,#8309,#8310,#8311,#8312),
.UNSPECIFIED.,.F.,.F.) B_SPLINE_CURVE_WITH_KNOTS((14,14),(2.7998046875,
41.316197240884),.PIECEWISE_BEZIER_KNOTS.) CURVE() 
GEOMETRIC_REPRESENTATION_ITEM() RATIONAL_B_SPLINE_CURVE((1.,1.,
    1.000000000001,0.999999999998,1.000000000005,0.999999999993,
    1.000000000009,0.999999999992,1.000000000006,0.999999999996,
1.000000000002,0.999999999999,1.,1.)) REPRESENTATION_ITEM('') );
#8299 = CARTESIAN_POINT('',(-6.619012007271,-12.19986979166,0.));
#8300 = CARTESIAN_POINT('',(-6.619012007271,-15.54793253384,
    6.550315845288E-15));
#8301 = CARTESIAN_POINT('',(-6.204287593649,-18.64377875349,
    -2.342570581959E-14));
#8302 = CARTESIAN_POINT('',(-5.401117913392,-21.47943095136,
    4.207745263329E-14));
#8303 = CARTESIAN_POINT('',(-4.24691032785,-24.04896896763,
    -3.141931159689E-14));
#8304 = CARTESIAN_POINT('',(-2.739692469228,-26.36631826659,
    -3.008704396734E-14));
#8305 = CARTESIAN_POINT('',(-0.966655267288,-28.41891250022,
    1.190159082398E-13));
#8306 = CARTESIAN_POINT('',(1.199174292202,-30.33140337067,
    -1.763034163105E-13));
#8307 = CARTESIAN_POINT('',(3.718159645597,-31.89735906215,
    1.609823385706E-13));
#8308 = CARTESIAN_POINT('',(6.542182941599,-33.18772138905,
    -9.636735853746E-14));
#8309 = CARTESIAN_POINT('',(9.620769502135,-34.12391937736,
    3.541611448554E-14));
#8310 = CARTESIAN_POINT('',(12.868160436595,-34.72323540826,
    -7.216449660064E-15));
#8311 = CARTESIAN_POINT('',(16.18897992026,-35.00037580742,
    8.881784197001E-16));
#8312 = CARTESIAN_POINT('',(19.484314476763,-35.00006905613,0.));
#8313 = PCURVE('',#4754,#8314);
#8314 = DEFINITIONAL_REPRESENTATION('',(#8315),#8319);
#8315 = LINE('',#8316,#8317);
#8316 = CARTESIAN_POINT('',(38.516392553384,0.));
#8317 = VECTOR('',#8318,1.);
#8318 = DIRECTION('',(0.,1.));
#8319 = ( GEOMETRIC_REPRESENTATION_CONTEXT(2) 
PARAMETRIC_REPRESENTATION_CONTEXT() REPRESENTATION_CONTEXT('2D SPACE',''
  ) );
#8320 = PCURVE('',#4107,#8321);
#8321 = DEFINITIONAL_REPRESENTATION('',(#8322),#8337);
#8322 = B_SPLINE_CURVE_WITH_KNOTS('',13,(#8323,#8324,#8325,#8326,#8327,
    #8328,#8329,#8330,#8331,#8332,#8333,#8334,#8335,#8336),
  .UNSPECIFIED.,.F.,.F.,(14,14),(2.7998046875,41.316197240884),
  .PIECEWISE_BEZIER_KNOTS.);
#8323 = CARTESIAN_POINT('',(4.800065104167,22.800130208333));
#8324 = CARTESIAN_POINT('',(4.800065104165,19.452067466156));
#8325 = CARTESIAN_POINT('',(5.214789517794,16.356221246522));
#8326 = CARTESIAN_POINT('',(6.017959198027,13.520569048605));
#8327 = CARTESIAN_POINT('',(7.172166783629,10.951031032407));
#8328 = CARTESIAN_POINT('',(8.679384642137,8.633681733355));
#8329 = CARTESIAN_POINT('',(10.452421844251,6.58108749981));
#8330 = CARTESIAN_POINT('',(12.618251403526,4.66859662931));
#8331 = CARTESIAN_POINT('',(15.137236757138,3.102640937842));
#8332 = CARTESIAN_POINT('',(17.961260052961,1.81227861095));
#8333 = CARTESIAN_POINT('',(21.039846613615,0.876080622634));
#8334 = CARTESIAN_POINT('',(24.287237548015,0.276764591741));
#8335 = CARTESIAN_POINT('',(27.608057031702,-3.758074262977E-04));
#8336 = CARTESIAN_POINT('',(30.9033915882,-6.905613511243E-05));
#8337 = ( GEOMETRIC_REPRESENTATION_CONTEXT(2) 
PARAMETRIC_REPRESENTATION_CONTEXT() REPRESENTATION_CONTEXT('2D SPACE',''
  ) );
#8338 = ORIENTED_EDGE('',*,*,#8339,.F.);
#8339 = EDGE_CURVE('',#40,#8295,#8340,.T.);
#8340 = SURFACE_CURVE('',#8341,(#8345,#8351),.PCURVE_S1.);
#8341 = ( BOUNDED_CURVE() B_SPLINE_CURVE(2,(#8342,#8343,#8344),
.UNSPECIFIED.,.F.,.F.) B_SPLINE_CURVE_WITH_KNOTS((3,3),(0.,
38.516392553384),.PIECEWISE_BEZIER_KNOTS.) CURVE() 
GEOMETRIC_REPRESENTATION_ITEM() RATIONAL_B_SPLINE_CURVE((1.,
0.707106781187,1.)) REPRESENTATION_ITEM('') );
#8342 = CARTESIAN_POINT('',(19.480987992729,-36.40006510416,1.4));
#8343 = CARTESIAN_POINT('',(19.480987992729,-36.40006510416,
    2.22044604925E-16));
#8344 = CARTESIAN_POINT('',(19.484314476763,-35.00006905613,0.));
#8345 = PCURVE('',#4754,#8346);
#8346 = DEFINITIONAL_REPRESENTATION('',(#8347),#8350);
#8347 = B_SPLINE_CURVE_WITH_KNOTS('',1,(#8348,#8349),.UNSPECIFIED.,.F.,
  .F.,(2,2),(0.,38.516392553384),.PIECEWISE_BEZIER_KNOTS.);
#8348 = CARTESIAN_POINT('',(0.,41.316197240884));
#8349 = CARTESIAN_POINT('',(38.516392553384,41.316197240884));
#8350 = ( GEOMETRIC_REPRESENTATION_CONTEXT(2) 
PARAMETRIC_REPRESENTATION_CONTEXT() REPRESENTATION_CONTEXT('2D SPACE',''
  ) );
#8351 = PCURVE('',#303,#8352);
#8352 = DEFINITIONAL_REPRESENTATION('',(#8353),#8356);
#8353 = B_SPLINE_CURVE_WITH_KNOTS('',1,(#8354,#8355),.UNSPECIFIED.,.F.,
  .F.,(2,2),(0.,38.516392553384),.PIECEWISE_BEZIER_KNOTS.);
#8354 = CARTESIAN_POINT('',(0.,41.316197240884));
#8355 = CARTESIAN_POINT('',(38.562850590351,41.316197240884));
#8356 = ( GEOMETRIC_REPRESENTATION_CONTEXT(2) 
PARAMETRIC_REPRESENTATION_CONTEXT() REPRESENTATION_CONTEXT('2D SPACE',''
  ) );
#8357 = ADVANCED_FACE('',(#8358),#4607,.T.);
#8358 = FACE_BOUND('',#8359,.T.);
#8359 = EDGE_LOOP('',(#8360,#8361,#8362,#8394));
#8360 = ORIENTED_EDGE('',*,*,#8044,.T.);
#8361 = ORIENTED_EDGE('',*,*,#5500,.T.);
#8362 = ORIENTED_EDGE('',*,*,#8363,.F.);
#8363 = EDGE_CURVE('',#4428,#5501,#8364,.T.);
#8364 = SURFACE_CURVE('',#8365,(#8370,#8382),.PCURVE_S1.);
#8365 = ELLIPSE('',#8366,1.979898987322,1.4);
#8366 = AXIS2_PLACEMENT_3D('',#8367,#8368,#8369);
#8367 = CARTESIAN_POINT('',(3.918979455187,-31.8798828325,-4.6));
#8368 = DIRECTION('',(-0.707106781187,0.707106781187,0.));
#8369 = DIRECTION('',(0.707106781187,0.707106781187,0.));
#8370 = PCURVE('',#4607,#8371);
#8371 = DEFINITIONAL_REPRESENTATION('',(#8372),#8381);
#8372 = B_SPLINE_CURVE_WITH_KNOTS('',7,(#8373,#8374,#8375,#8376,#8377,
    #8378,#8379,#8380),.UNSPECIFIED.,.F.,.F.,(8,8),(0.,1.570796326795),
  .PIECEWISE_BEZIER_KNOTS.);
#8373 = CARTESIAN_POINT('',(0.,11.800130208333));
#8374 = CARTESIAN_POINT('',(0.224399475256,11.800130208333));
#8375 = CARTESIAN_POINT('',(0.448798950513,11.717882066678));
#8376 = CARTESIAN_POINT('',(0.67319842577,11.553397714807));
#8377 = CARTESIAN_POINT('',(0.897597901025,11.316775764413));
#8378 = CARTESIAN_POINT('',(1.121997376282,11.028447463381));
#8379 = CARTESIAN_POINT('',(1.346396851538,10.714289473692));
#8380 = CARTESIAN_POINT('',(1.570796326795,10.400130208333));
#8381 = ( GEOMETRIC_REPRESENTATION_CONTEXT(2) 
PARAMETRIC_REPRESENTATION_CONTEXT() REPRESENTATION_CONTEXT('2D SPACE',''
  ) );
#8382 = PCURVE('',#4445,#8383);
#8383 = DEFINITIONAL_REPRESENTATION('',(#8384),#8393);
#8384 = B_SPLINE_CURVE_WITH_KNOTS('',7,(#8385,#8386,#8387,#8388,#8389,
    #8390,#8391,#8392),.UNSPECIFIED.,.F.,.F.,(8,8),(0.,1.570796326795),
  .PIECEWISE_BEZIER_KNOTS.);
#8385 = CARTESIAN_POINT('',(0.,0.));
#8386 = CARTESIAN_POINT('',(0.224399475256,0.));
#8387 = CARTESIAN_POINT('',(0.448798950513,8.224814165399E-02));
#8388 = CARTESIAN_POINT('',(0.67319842577,0.246732493525));
#8389 = CARTESIAN_POINT('',(0.897597901025,0.483354443917));
#8390 = CARTESIAN_POINT('',(1.121997376282,0.771682744953));
#8391 = CARTESIAN_POINT('',(1.346396851538,1.085840734641));
#8392 = CARTESIAN_POINT('',(1.570796326795,1.4));
#8393 = ( GEOMETRIC_REPRESENTATION_CONTEXT(2) 
PARAMETRIC_REPRESENTATION_CONTEXT() REPRESENTATION_CONTEXT('2D SPACE',''
  ) );
#8394 = ORIENTED_EDGE('',*,*,#4591,.F.);
#8395 = ADVANCED_FACE('',(#8396),#4550,.T.);
#8396 = FACE_BOUND('',#8397,.F.);
#8397 = EDGE_LOOP('',(#8398,#8399,#8527,#8548));
#8398 = ORIENTED_EDGE('',*,*,#4534,.F.);
#8399 = ORIENTED_EDGE('',*,*,#8400,.T.);
#8400 = EDGE_CURVE('',#4506,#8401,#8403,.T.);
#8401 = VERTEX_POINT('',#8402);
#8402 = CARTESIAN_POINT('',(2.190862576069,-31.8798828325,16.));
#8403 = SURFACE_CURVE('',#8404,(#8425,#8476),.PCURVE_S1.);
#8404 = B_SPLINE_CURVE_WITH_KNOTS('',7,(#8405,#8406,#8407,#8408,#8409,
    #8410,#8411,#8412,#8413,#8414,#8415,#8416,#8417,#8418,#8419,#8420,
    #8421,#8422,#8423,#8424),.UNSPECIFIED.,.F.,.F.,(8,6,6,8),(0.,
    0.532550805914,1.,1.875214843985),.UNSPECIFIED.);
#8405 = CARTESIAN_POINT('',(0.236284059698,-30.4798828325,14.6));
#8406 = CARTESIAN_POINT('',(0.236284059698,-30.4798828325,14.71184836014
    ));
#8407 = CARTESIAN_POINT('',(0.249334711432,-30.49030811189,
    14.82379011862));
#8408 = CARTESIAN_POINT('',(0.275472339134,-30.51118824773,
    14.933337748856));
#8409 = CARTESIAN_POINT('',(0.313743239309,-30.54165918243,
    15.038624722705));
#8410 = CARTESIAN_POINT('',(0.362878181397,-30.58051168155,
    15.138278217533));
#8411 = CARTESIAN_POINT('',(0.42134214836,-30.62633074392,
    15.231386145714));
#8412 = CARTESIAN_POINT('',(0.54561840746,-30.72275546986,
    15.392964456785));
#8413 = CARTESIAN_POINT('',(0.609750275553,-30.77216239884,
    15.463174481088));
#8414 = CARTESIAN_POINT('',(0.679031667973,-30.8250848833,
    15.527904905468));
#8415 = CARTESIAN_POINT('',(0.752640882214,-30.88077451938,
    15.587170502389));
#8416 = CARTESIAN_POINT('',(0.829858911844,-30.93859030085,
    15.641106513283));
#8417 = CARTESIAN_POINT('',(0.910099504274,-30.99802038655,
    15.689921869864));
#8418 = CARTESIAN_POINT('',(1.148027852265,-31.17227593212,
    15.816126025132));
#8419 = CARTESIAN_POINT('',(1.311890762814,-31.28996308533,
    15.881123033115));
#8420 = CARTESIAN_POINT('',(1.481885189751,-31.40941919587,15.9306894282
    ));
#8421 = CARTESIAN_POINT('',(1.656035272107,-31.52902867683,
    15.966190593603));
#8422 = CARTESIAN_POINT('',(1.832813990293,-31.6476757005,
    15.988948293248));
#8423 = CARTESIAN_POINT('',(2.011242307088,-31.76471748152,
    16.000000017784));
#8424 = CARTESIAN_POINT('',(2.190862913263,-31.87988304869,16.));
#8425 = PCURVE('',#4550,#8426);
#8426 = DEFINITIONAL_REPRESENTATION('',(#8427),#8475);
#8427 = B_SPLINE_CURVE_WITH_KNOTS('',3,(#8428,#8429,#8430,#8431,#8432,
    #8433,#8434,#8435,#8436,#8437,#8438,#8439,#8440,#8441,#8442,#8443,
    #8444,#8445,#8446,#8447,#8448,#8449,#8450,#8451,#8452,#8453,#8454,
    #8455,#8456,#8457,#8458,#8459,#8460,#8461,#8462,#8463,#8464,#8465,
    #8466,#8467,#8468,#8469,#8470,#8471,#8472,#8473,#8474),
  .UNSPECIFIED.,.F.,.F.,(4,1,1,1,1,1,1,1,1,1,1,1,1,1,1,1,1,1,1,1,1,1,1,1
    ,1,1,1,1,1,1,1,1,1,1,1,1,1,1,1,1,1,1,1,1,4),(0.,4.261851918148E-02,
    8.523703836297E-02,0.127855557544,0.170474076726,0.213092595907,
    0.255711115089,0.29832963427,0.340948153452,0.383566672633,
    0.426185191815,0.468803710996,0.511422230178,0.554040749359,
    0.596659268541,0.639277787722,0.681896306904,0.724514826085,
    0.767133345267,0.809751864448,0.85237038363,0.894988902811,
    0.937607421993,0.980225941174,1.022844460356,1.065462979537,
    1.108081498719,1.1507000179,1.193318537082,1.235937056263,
    1.278555575445,1.321174094626,1.363792613807,1.406411132989,
    1.44902965217,1.491648171352,1.534266690533,1.576885209715,
    1.619503728896,1.662122248078,1.704740767259,1.747359286441,
    1.789977805622,1.832596324804,1.875214843985),
  .QUASI_UNIFORM_KNOTS.);
#8428 = CARTESIAN_POINT('',(0.,5.082695395489));
#8429 = CARTESIAN_POINT('',(-1.491920451022E-02,5.082697734573));
#8430 = CARTESIAN_POINT('',(-4.475961602623E-02,5.081523266927));
#8431 = CARTESIAN_POINT('',(-8.944564825022E-02,5.076267494526));
#8432 = CARTESIAN_POINT('',(-0.133972175908,5.067551039824));
#8433 = CARTESIAN_POINT('',(-0.178269423912,5.055442214036));
#8434 = CARTESIAN_POINT('',(-0.222275096927,5.040027263864));
#8435 = CARTESIAN_POINT('',(-0.265934425353,5.021410727523));
#8436 = CARTESIAN_POINT('',(-0.309198512312,4.999711807267));
#8437 = CARTESIAN_POINT('',(-0.352023463763,4.975062347116));
#8438 = CARTESIAN_POINT('',(-0.394369501126,4.947604900497));
#8439 = CARTESIAN_POINT('',(-0.436200533622,4.917490873159));
#8440 = CARTESIAN_POINT('',(-0.477482885832,4.884879828123));
#8441 = CARTESIAN_POINT('',(-0.518187777563,4.849935133133));
#8442 = CARTESIAN_POINT('',(-0.558280384089,4.812833654934));
#8443 = CARTESIAN_POINT('',(-0.597789420688,4.773694472991));
#8444 = CARTESIAN_POINT('',(-0.636716658993,4.732655667159));
#8445 = CARTESIAN_POINT('',(-0.675067498032,4.689849651521));
#8446 = CARTESIAN_POINT('',(-0.71284860897,4.645403806387));
#8447 = CARTESIAN_POINT('',(-0.750068499291,4.599439654826));
#8448 = CARTESIAN_POINT('',(-0.786737334308,4.552072453258));
#8449 = CARTESIAN_POINT('',(-0.822867009346,4.503410665275));
#8450 = CARTESIAN_POINT('',(-0.858471136867,4.45355557242));
#8451 = CARTESIAN_POINT('',(-0.893565270199,4.402600537869));
#8452 = CARTESIAN_POINT('',(-0.928166382945,4.350631605521));
#8453 = CARTESIAN_POINT('',(-0.962295175028,4.297723188517));
#8454 = CARTESIAN_POINT('',(-0.995950498319,4.24397953154));
#8455 = CARTESIAN_POINT('',(-1.029159357955,4.189456336353));
#8456 = CARTESIAN_POINT('',(-1.061942566733,4.134212836515));
#8457 = CARTESIAN_POINT('',(-1.094320589417,4.078303718115));
#8458 = CARTESIAN_POINT('',(-1.126312311113,4.021781403436));
#8459 = CARTESIAN_POINT('',(-1.157935657299,3.964695537309));
#8460 = CARTESIAN_POINT('',(-1.189207678995,3.907093204238));
#8461 = CARTESIAN_POINT('',(-1.220144748061,3.849018932776));
#8462 = CARTESIAN_POINT('',(-1.250762695091,3.790514741789));
#8463 = CARTESIAN_POINT('',(-1.281076939746,3.731620162166));
#8464 = CARTESIAN_POINT('',(-1.311102604695,3.672372253643));
#8465 = CARTESIAN_POINT('',(-1.340854619546,3.612805613207));
#8466 = CARTESIAN_POINT('',(-1.370347816528,3.552952378036));
#8467 = CARTESIAN_POINT('',(-1.399597020481,3.492842223351));
#8468 = CARTESIAN_POINT('',(-1.428617134292,3.432502359301));
#8469 = CARTESIAN_POINT('',(-1.457423223129,3.371957518584));
#8470 = CARTESIAN_POINT('',(-1.486030590536,3.311229972506));
#8471 = CARTESIAN_POINT('',(-1.514454875639,3.250339441523));
#8472 = CARTESIAN_POINT('',(-1.542712063433,3.189303407012));
#8473 = CARTESIAN_POINT('',(-1.561449894841,3.148525095553));
#8474 = CARTESIAN_POINT('',(-1.57079648122,3.128116541925));
#8475 = ( GEOMETRIC_REPRESENTATION_CONTEXT(2) 
PARAMETRIC_REPRESENTATION_CONTEXT() REPRESENTATION_CONTEXT('2D SPACE',''
  ) );
#8476 = PCURVE('',#65,#8477);
#8477 = DEFINITIONAL_REPRESENTATION('',(#8478),#8526);
#8478 = B_SPLINE_CURVE_WITH_KNOTS('',3,(#8479,#8480,#8481,#8482,#8483,
    #8484,#8485,#8486,#8487,#8488,#8489,#8490,#8491,#8492,#8493,#8494,
    #8495,#8496,#8497,#8498,#8499,#8500,#8501,#8502,#8503,#8504,#8505,
    #8506,#8507,#8508,#8509,#8510,#8511,#8512,#8513,#8514,#8515,#8516,
    #8517,#8518,#8519,#8520,#8521,#8522,#8523,#8524,#8525),
  .UNSPECIFIED.,.F.,.F.,(4,1,1,1,1,1,1,1,1,1,1,1,1,1,1,1,1,1,1,1,1,1,1,1
    ,1,1,1,1,1,1,1,1,1,1,1,1,1,1,1,1,1,1,1,1,4),(0.,4.261851918148E-02,
    8.523703836297E-02,0.127855557544,0.170474076726,0.213092595907,
    0.255711115089,0.29832963427,0.340948153452,0.383566672633,
    0.426185191815,0.468803710996,0.511422230178,0.554040749359,
    0.596659268541,0.639277787722,0.681896306904,0.724514826085,
    0.767133345267,0.809751864448,0.85237038363,0.894988902811,
    0.937607421993,0.980225941174,1.022844460356,1.065462979537,
    1.108081498719,1.1507000179,1.193318537082,1.235937056263,
    1.278555575445,1.321174094626,1.363792613807,1.406411132989,
    1.44902965217,1.491648171352,1.534266690533,1.576885209715,
    1.619503728896,1.662122248078,1.704740767259,1.747359286441,
    1.789977805622,1.832596324804,1.875214843985),
  .QUASI_UNIFORM_KNOTS.);
#8479 = CARTESIAN_POINT('',(0.519624135436,-14.6));
#8480 = CARTESIAN_POINT('',(0.519624052307,-14.62088713002));
#8481 = CARTESIAN_POINT('',(0.519663150498,-14.66266333681));
#8482 = CARTESIAN_POINT('',(0.51983804598,-14.72509855473));
#8483 = CARTESIAN_POINT('',(0.52012800043,-14.78706201635));
#8484 = CARTESIAN_POINT('',(0.52053057886,-14.84833811807));
#8485 = CARTESIAN_POINT('',(0.521042702031,-14.90872797558));
#8486 = CARTESIAN_POINT('',(0.521660634127,-14.96805128972));
#8487 = CARTESIAN_POINT('',(0.522380114198,-15.02614503132));
#8488 = CARTESIAN_POINT('',(0.523196432127,-15.08286307728));
#8489 = CARTESIAN_POINT('',(0.524104502728,-15.13807557919));
#8490 = CARTESIAN_POINT('',(0.525098937049,-15.19166872776));
#8491 = CARTESIAN_POINT('',(0.526174075309,-15.24354340027));
#8492 = CARTESIAN_POINT('',(0.527324139022,-15.29361800049));
#8493 = CARTESIAN_POINT('',(0.52854292208,-15.34181568687));
#8494 = CARTESIAN_POINT('',(0.529826135635,-15.38814533131));
#8495 = CARTESIAN_POINT('',(0.531168883475,-15.43258932002));
#8496 = CARTESIAN_POINT('',(0.532566479186,-15.47514137419));
#8497 = CARTESIAN_POINT('',(0.534014426442,-15.51580260732));
#8498 = CARTESIAN_POINT('',(0.535508447498,-15.5545815665));
#8499 = CARTESIAN_POINT('',(0.537044497095,-15.59149323127));
#8500 = CARTESIAN_POINT('',(0.538618779535,-15.62655832833));
#8501 = CARTESIAN_POINT('',(0.540227760674,-15.65980255573));
#8502 = CARTESIAN_POINT('',(0.541868190219,-15.69125598338));
#8503 = CARTESIAN_POINT('',(0.54353708106,-15.72095196903));
#8504 = CARTESIAN_POINT('',(0.545231843437,-15.74892796622));
#8505 = CARTESIAN_POINT('',(0.546948960438,-15.77520549307));
#8506 = CARTESIAN_POINT('',(0.548686494727,-15.7998299869));
#8507 = CARTESIAN_POINT('',(0.550442414143,-15.8228412088));
#8508 = CARTESIAN_POINT('',(0.552214850866,-15.8442783297));
#8509 = CARTESIAN_POINT('',(0.55400202699,-15.86417879583));
#8510 = CARTESIAN_POINT('',(0.555802270093,-15.88257881512));
#8511 = CARTESIAN_POINT('',(0.557614005256,-15.89951336681));
#8512 = CARTESIAN_POINT('',(0.559435753885,-15.91501629953));
#8513 = CARTESIAN_POINT('',(0.561266131181,-15.92912036998));
#8514 = CARTESIAN_POINT('',(0.563103844353,-15.94185726504));
#8515 = CARTESIAN_POINT('',(0.564947690989,-15.95325759929));
#8516 = CARTESIAN_POINT('',(0.566796557673,-15.96335089345));
#8517 = CARTESIAN_POINT('',(0.568649418768,-15.97216553559));
#8518 = CARTESIAN_POINT('',(0.570505335358,-15.97972872778));
#8519 = CARTESIAN_POINT('',(0.572363454216,-15.98606642228));
#8520 = CARTESIAN_POINT('',(0.574223007073,-15.99120324344));
#8521 = CARTESIAN_POINT('',(0.576083308971,-15.99516242295));
#8522 = CARTESIAN_POINT('',(0.577943760031,-15.99796565733));
#8523 = CARTESIAN_POINT('',(0.579803834311,-15.9996332407));
#8524 = CARTESIAN_POINT('',(0.581043355714,-15.99999985857));
#8525 = CARTESIAN_POINT('',(0.581662909889,-16.));
#8526 = ( GEOMETRIC_REPRESENTATION_CONTEXT(2) 
PARAMETRIC_REPRESENTATION_CONTEXT() REPRESENTATION_CONTEXT('2D SPACE',''
  ) );
#8527 = ORIENTED_EDGE('',*,*,#8528,.T.);
#8528 = EDGE_CURVE('',#8401,#6335,#8529,.T.);
#8529 = SURFACE_CURVE('',#8530,(#8534,#8541),.PCURVE_S1.);
#8530 = LINE('',#8531,#8532);
#8531 = CARTESIAN_POINT('',(5.318979455187,-31.8798828325,16.));
#8532 = VECTOR('',#8533,1.);
#8533 = DIRECTION('',(-1.,0.,0.));
#8534 = PCURVE('',#4550,#8535);
#8535 = DEFINITIONAL_REPRESENTATION('',(#8536),#8540);
#8536 = LINE('',#8537,#8538);
#8537 = CARTESIAN_POINT('',(-1.570796326795,0.));
#8538 = VECTOR('',#8539,1.);
#8539 = DIRECTION('',(-0.,1.));
#8540 = ( GEOMETRIC_REPRESENTATION_CONTEXT(2) 
PARAMETRIC_REPRESENTATION_CONTEXT() REPRESENTATION_CONTEXT('2D SPACE',''
  ) );
#8541 = PCURVE('',#2251,#8542);
#8542 = DEFINITIONAL_REPRESENTATION('',(#8543),#8547);
#8543 = LINE('',#8544,#8545);
#8544 = CARTESIAN_POINT('',(53.199869791667,10.400130208333));
#8545 = VECTOR('',#8546,1.);
#8546 = DIRECTION('',(-1.,0.));
#8547 = ( GEOMETRIC_REPRESENTATION_CONTEXT(2) 
PARAMETRIC_REPRESENTATION_CONTEXT() REPRESENTATION_CONTEXT('2D SPACE',''
  ) );
#8548 = ORIENTED_EDGE('',*,*,#6334,.F.);
#8549 = ADVANCED_FACE('',(#8550),#4576,.F.);
#8550 = FACE_BOUND('',#8551,.F.);
#8551 = EDGE_LOOP('',(#8552,#8553,#8554,#8555));
#8552 = ORIENTED_EDGE('',*,*,#4562,.T.);
#8553 = ORIENTED_EDGE('',*,*,#6390,.T.);
#8554 = ORIENTED_EDGE('',*,*,#5934,.F.);
#8555 = ORIENTED_EDGE('',*,*,#7524,.F.);
#8556 = ADVANCED_FACE('',(#8557),#4445,.T.);
#8557 = FACE_BOUND('',#8558,.T.);
#8558 = EDGE_LOOP('',(#8559,#8560,#8561,#8562));
#8559 = ORIENTED_EDGE('',*,*,#8363,.T.);
#8560 = ORIENTED_EDGE('',*,*,#5523,.T.);
#8561 = ORIENTED_EDGE('',*,*,#7490,.F.);
#8562 = ORIENTED_EDGE('',*,*,#4427,.F.);
#8563 = ADVANCED_FACE('',(#8564),#4107,.F.);
#8564 = FACE_BOUND('',#8565,.F.);
#8565 = EDGE_LOOP('',(#8566,#8587,#8588,#8589,#8590,#8591,#8592,#8661,
    #8714,#8737,#8784,#8857,#8904,#8927,#8950,#8973,#9042,#9111,#9130,
    #9131,#9132,#9133,#9134,#9135,#9136,#9137));
#8566 = ORIENTED_EDGE('',*,*,#8567,.T.);
#8567 = EDGE_CURVE('',#7312,#4053,#8568,.T.);
#8568 = SURFACE_CURVE('',#8569,(#8573,#8580),.PCURVE_S1.);
#8569 = LINE('',#8570,#8571);
#8570 = CARTESIAN_POINT('',(4.980987992729,-10.80006510416,
    -2.22044604925E-16));
#8571 = VECTOR('',#8572,1.);
#8572 = DIRECTION('',(-1.,0.,0.));
#8573 = PCURVE('',#4107,#8574);
#8574 = DEFINITIONAL_REPRESENTATION('',(#8575),#8579);
#8575 = LINE('',#8576,#8577);
#8576 = CARTESIAN_POINT('',(16.400065104167,24.199934895833));
#8577 = VECTOR('',#8578,1.);
#8578 = DIRECTION('',(-1.,0.));
#8579 = ( GEOMETRIC_REPRESENTATION_CONTEXT(2) 
PARAMETRIC_REPRESENTATION_CONTEXT() REPRESENTATION_CONTEXT('2D SPACE',''
  ) );
#8580 = PCURVE('',#4074,#8581);
#8581 = DEFINITIONAL_REPRESENTATION('',(#8582),#8586);
#8582 = LINE('',#8583,#8584);
#8583 = CARTESIAN_POINT('',(1.570796326795,0.));
#8584 = VECTOR('',#8585,1.);
#8585 = DIRECTION('',(0.,1.));
#8586 = ( GEOMETRIC_REPRESENTATION_CONTEXT(2) 
PARAMETRIC_REPRESENTATION_CONTEXT() REPRESENTATION_CONTEXT('2D SPACE',''
  ) );
#8587 = ORIENTED_EDGE('',*,*,#4091,.T.);
#8588 = ORIENTED_EDGE('',*,*,#4284,.T.);
#8589 = ORIENTED_EDGE('',*,*,#4485,.T.);
#8590 = ORIENTED_EDGE('',*,*,#4821,.T.);
#8591 = ORIENTED_EDGE('',*,*,#8294,.T.);
#8592 = ORIENTED_EDGE('',*,*,#8593,.T.);
#8593 = EDGE_CURVE('',#8295,#8594,#8596,.T.);
#8594 = VERTEX_POINT('',#8595);
#8595 = CARTESIAN_POINT('',(44.58099026696,-14.79760675016,0.));
#8596 = SURFACE_CURVE('',#8597,(#8624,#8654),.PCURVE_S1.);
#8597 = ( BOUNDED_CURVE() B_SPLINE_CURVE(13,(#8598,#8599,#8600,#8601,
    #8602,#8603,#8604,#8605,#8606,#8607,#8608,#8609,#8610,#8611,#8612,
    #8613,#8614,#8615,#8616,#8617,#8618,#8619,#8620,#8621,#8622,#8623),
.UNSPECIFIED.,.F.,.F.) B_SPLINE_CURVE_WITH_KNOTS((14,12,14),(
    41.316197240884,79.822531381158,79.879047831235),.UNSPECIFIED.) 
CURVE() GEOMETRIC_REPRESENTATION_ITEM() RATIONAL_B_SPLINE_CURVE((1.,1.,
    1.000000000001,0.999999999998,1.000000000005,0.999999999992,
    1.000000000009,0.999999999991,1.000000000007,0.999999999996,
    1.000000000002,0.999999999999,1.,1.,1.,0.999999999999,1.000000000002
    ,0.999999999997,1.000000000003,0.999999999997,1.000000000002,
0.999999999999,1.000000000001,1.,1.,1.)) REPRESENTATION_ITEM('') );
#8598 = CARTESIAN_POINT('',(19.484314476763,-35.00006905613,0.));
#8599 = CARTESIAN_POINT('',(22.778788468859,-34.99976238495,
    -2.020605904818E-14));
#8600 = CARTESIAN_POINT('',(26.057227586009,-34.72836927996,
    9.370282327836E-14));
#8601 = CARTESIAN_POINT('',(29.227879304998,-34.15263409354,
    -2.599032100647E-13));
#8602 = CARTESIAN_POINT('',(32.208102019206,-33.25321261242,
    5.248024237403E-13));
#8603 = CARTESIAN_POINT('',(34.901595723185,-32.06321536766,
    -8.223421943399E-13));
#8604 = CARTESIAN_POINT('',(37.340188901645,-30.5677002513,
    1.032396390599E-12));
#8605 = CARTESIAN_POINT('',(39.347888941944,-28.85584814459,
    -1.04549702229E-12));
#8606 = CARTESIAN_POINT('',(41.172655166083,-26.93569046194,
    8.418821195733E-13));
#8607 = CARTESIAN_POINT('',(42.597525882169,-24.70576160358,
    -5.19917442432E-13));
#8608 = CARTESIAN_POINT('',(43.643135591486,-22.30681265543,
    2.283728761654E-13));
#8609 = CARTESIAN_POINT('',(44.287395872361,-19.78813354122,
    -5.45119505091E-14));
#8610 = CARTESIAN_POINT('',(44.576298777939,-17.27288896739,
    -1.054711873394E-14));
#8611 = CARTESIAN_POINT('',(44.580956047933,-14.84037478042,
    1.7763568394E-14));
#8612 = CARTESIAN_POINT('',(44.58096226135,-14.83680992239,
    -1.847411112976E-13));
#8613 = CARTESIAN_POINT('',(44.580967862833,-14.83324521952,
    5.879741138415E-13));
#8614 = CARTESIAN_POINT('',(44.580972852626,-14.8296806719,
    -1.255995307758E-12));
#8615 = CARTESIAN_POINT('',(44.580977230847,-14.82611627972,
    2.061018022914E-12));
#8616 = CARTESIAN_POINT('',(44.580980997849,-14.82255204299,
    -2.718270053492E-12));
#8617 = CARTESIAN_POINT('',(44.58098415363,-14.81898796195,
    2.925326647585E-12));
#8618 = CARTESIAN_POINT('',(44.580986698631,-14.81542403659,
    -2.560063272483E-12));
#8619 = CARTESIAN_POINT('',(44.580988632832,-14.81186026714,
    1.791122805628E-12));
#8620 = CARTESIAN_POINT('',(44.580989956614,-14.80829665363,
    -9.68558566683E-13));
#8621 = CARTESIAN_POINT('',(44.580990670067,-14.80473319623,
    3.773648060701E-13));
#8622 = CARTESIAN_POINT('',(44.580990773455,-14.80116989503,
    -8.704148513061E-14));
#8623 = CARTESIAN_POINT('',(44.58099026696,-14.79760675016,0.));
#8624 = PCURVE('',#4107,#8625);
#8625 = DEFINITIONAL_REPRESENTATION('',(#8626),#8653);
#8626 = B_SPLINE_CURVE_WITH_KNOTS('',13,(#8627,#8628,#8629,#8630,#8631,
    #8632,#8633,#8634,#8635,#8636,#8637,#8638,#8639,#8640,#8641,#8642,
    #8643,#8644,#8645,#8646,#8647,#8648,#8649,#8650,#8651,#8652),
  .UNSPECIFIED.,.F.,.F.,(14,12,14),(41.316197240884,79.822531381158,
    79.879047831235),.UNSPECIFIED.);
#8627 = CARTESIAN_POINT('',(30.9033915882,-6.905613510444E-05));
#8628 = CARTESIAN_POINT('',(34.197865580291,2.376150486366E-04));
#8629 = CARTESIAN_POINT('',(37.476304697472,0.271630720035));
#8630 = CARTESIAN_POINT('',(40.646956416356,0.84736590645));
#8631 = CARTESIAN_POINT('',(43.627179130819,1.746787387584));
#8632 = CARTESIAN_POINT('',(46.320672834338,2.936784632314));
#8633 = CARTESIAN_POINT('',(48.75926601344,4.432299748736));
#8634 = CARTESIAN_POINT('',(50.766966053028,6.144151855355));
#8635 = CARTESIAN_POINT('',(52.591732277801,8.064309538108));
#8636 = CARTESIAN_POINT('',(54.016602993429,10.294238396375));
#8637 = CARTESIAN_POINT('',(55.062212703013,12.693187344598));
#8638 = CARTESIAN_POINT('',(55.706472983763,15.211866458766));
#8639 = CARTESIAN_POINT('',(55.995375889386,17.727111032608));
#8640 = CARTESIAN_POINT('',(56.000033159369,20.15962521957));
#8641 = CARTESIAN_POINT('',(56.000039372807,20.163190077618));
#8642 = CARTESIAN_POINT('',(56.000044974205,20.166754780441));
#8643 = CARTESIAN_POINT('',(56.00004996421,20.170319328169));
#8644 = CARTESIAN_POINT('',(56.000054342043,20.173883720149));
#8645 = CARTESIAN_POINT('',(56.000058109593,20.177447957166));
#8646 = CARTESIAN_POINT('',(56.000061264762,20.181012037889));
#8647 = CARTESIAN_POINT('',(56.000063810309,20.184575963533));
#8648 = CARTESIAN_POINT('',(56.00006574412,20.18813973278));
#8649 = CARTESIAN_POINT('',(56.000067068123,20.191703346406));
#8650 = CARTESIAN_POINT('',(56.000067781479,20.195266803752));
#8651 = CARTESIAN_POINT('',(56.000067884898,20.198830104966));
#8652 = CARTESIAN_POINT('',(56.000067378397,20.202393249832));
#8653 = ( GEOMETRIC_REPRESENTATION_CONTEXT(2) 
PARAMETRIC_REPRESENTATION_CONTEXT() REPRESENTATION_CONTEXT('2D SPACE',''
  ) );
#8654 = PCURVE('',#303,#8655);
#8655 = DEFINITIONAL_REPRESENTATION('',(#8656),#8660);
#8656 = LINE('',#8657,#8658);
#8657 = CARTESIAN_POINT('',(38.562850590351,0.));
#8658 = VECTOR('',#8659,1.);
#8659 = DIRECTION('',(0.,1.));
#8660 = ( GEOMETRIC_REPRESENTATION_CONTEXT(2) 
PARAMETRIC_REPRESENTATION_CONTEXT() REPRESENTATION_CONTEXT('2D SPACE',''
  ) );
#8661 = ORIENTED_EDGE('',*,*,#8662,.T.);
#8662 = EDGE_CURVE('',#8594,#8663,#8665,.T.);
#8663 = VERTEX_POINT('',#8664);
#8664 = CARTESIAN_POINT('',(20.883432165201,5.032023437752,0.));
#8665 = SURFACE_CURVE('',#8666,(#8685,#8707),.PCURVE_S1.);
#8666 = ( BOUNDED_CURVE() B_SPLINE_CURVE(9,(#8667,#8668,#8669,#8670,
    #8671,#8672,#8673,#8674,#8675,#8676,#8677,#8678,#8679,#8680,#8681,
#8682,#8683,#8684),.UNSPECIFIED.,.F.,.F.) B_SPLINE_CURVE_WITH_KNOTS((10,
    8,10),(79.879047831235,99.106767519195,118.33448720715),
.UNSPECIFIED.) CURVE() GEOMETRIC_REPRESENTATION_ITEM() 
RATIONAL_B_SPLINE_CURVE((1.,1.,1.,1.,1.,1.,1.,1.,1.,1.,1.,1.,1.,1.,1.,1.
,1.,1.)) REPRESENTATION_ITEM('') );
#8667 = CARTESIAN_POINT('',(44.58099026696,-14.79760675016,0.));
#8668 = CARTESIAN_POINT('',(44.580741364847,-13.04660237986,
    -2.331468351713E-15));
#8669 = CARTESIAN_POINT('',(44.434196592525,-11.33482954765,
    9.436895709314E-15));
#8670 = CARTESIAN_POINT('',(44.120658081388,-9.67498311518,
    -2.164934898019E-14));
#8671 = CARTESIAN_POINT('',(43.624671472984,-8.087460860595,
    3.219646771413E-14));
#8672 = CARTESIAN_POINT('',(42.925344765944,-6.588579269325,
    -3.419486915845E-14));
#8673 = CARTESIAN_POINT('',(42.031669496403,-5.214169745111,
    2.586819647377E-14));
#8674 = CARTESIAN_POINT('',(40.968261336399,-3.954179698671,
    -1.254552017826E-14));
#8675 = CARTESIAN_POINT('',(39.742954995152,-2.802104293995,
    2.553512956638E-15));
#8676 = CARTESIAN_POINT('',(36.985255670046,-0.692091995146,
    -1.221245327088E-15));
#8677 = CARTESIAN_POINT('',(35.452701581924,0.265702626475,
    2.442490654175E-15));
#8678 = CARTESIAN_POINT('',(33.7742236432,1.137077089065,
    -1.887379141863E-15));
#8679 = CARTESIAN_POINT('',(31.952511364395,1.932747002725,
    -1.443289932013E-15));
#8680 = CARTESIAN_POINT('',(29.991002362936,2.660866539593,
    6.217248937901E-15));
#8681 = CARTESIAN_POINT('',(27.895529488034,3.327825559864,
    -9.103828801926E-15));
#8682 = CARTESIAN_POINT('',(25.673626878301,3.940223759746,
    6.106226635438E-15));
#8683 = CARTESIAN_POINT('',(23.333345931436,4.505916058009,
    -1.887379141863E-15));
#8684 = CARTESIAN_POINT('',(20.883432165201,5.032023437752,0.));
#8685 = PCURVE('',#4107,#8686);
#8686 = DEFINITIONAL_REPRESENTATION('',(#8687),#8706);
#8687 = B_SPLINE_CURVE_WITH_KNOTS('',9,(#8688,#8689,#8690,#8691,#8692,
    #8693,#8694,#8695,#8696,#8697,#8698,#8699,#8700,#8701,#8702,#8703,
    #8704,#8705),.UNSPECIFIED.,.F.,.F.,(10,8,10),(79.879047831235,
    99.106767519195,118.33448720715),.UNSPECIFIED.);
#8688 = CARTESIAN_POINT('',(56.000067378398,20.202393249832));
#8689 = CARTESIAN_POINT('',(55.999818476285,21.953397620132));
#8690 = CARTESIAN_POINT('',(55.853273703962,23.665170452342));
#8691 = CARTESIAN_POINT('',(55.539735192827,25.325016884821));
#8692 = CARTESIAN_POINT('',(55.043748584418,26.912539139404));
#8693 = CARTESIAN_POINT('',(54.344421877386,28.411420730676));
#8694 = CARTESIAN_POINT('',(53.450746607837,29.785830254888));
#8695 = CARTESIAN_POINT('',(52.387338447838,31.04582030133));
#8696 = CARTESIAN_POINT('',(51.162032106589,32.197895706004));
#8697 = CARTESIAN_POINT('',(48.404332781484,34.307908004854));
#8698 = CARTESIAN_POINT('',(46.871778693362,35.265702626474));
#8699 = CARTESIAN_POINT('',(45.193300754636,36.137077089066));
#8700 = CARTESIAN_POINT('',(43.371588475835,36.932747002724));
#8701 = CARTESIAN_POINT('',(41.410079474371,37.660866539594));
#8702 = CARTESIAN_POINT('',(39.314606599474,38.327825559863));
#8703 = CARTESIAN_POINT('',(37.092703989738,38.940223759746));
#8704 = CARTESIAN_POINT('',(34.752423042874,39.505916058008));
#8705 = CARTESIAN_POINT('',(32.302509276638,40.032023437752));
#8706 = ( GEOMETRIC_REPRESENTATION_CONTEXT(2) 
PARAMETRIC_REPRESENTATION_CONTEXT() REPRESENTATION_CONTEXT('2D SPACE',''
  ) );
#8707 = PCURVE('',#573,#8708);
#8708 = DEFINITIONAL_REPRESENTATION('',(#8709),#8713);
#8709 = LINE('',#8710,#8711);
#8710 = CARTESIAN_POINT('',(38.455439375921,0.));
#8711 = VECTOR('',#8712,1.);
#8712 = DIRECTION('',(0.,1.));
#8713 = ( GEOMETRIC_REPRESENTATION_CONTEXT(2) 
PARAMETRIC_REPRESENTATION_CONTEXT() REPRESENTATION_CONTEXT('2D SPACE',''
  ) );
#8714 = ORIENTED_EDGE('',*,*,#8715,.T.);
#8715 = EDGE_CURVE('',#8663,#8716,#8718,.T.);
#8716 = VERTEX_POINT('',#8717);
#8717 = CARTESIAN_POINT('',(18.583627477701,5.532023437752,
    -2.22044604925E-16));
#8718 = SURFACE_CURVE('',#8719,(#8723,#8730),.PCURVE_S1.);
#8719 = LINE('',#8720,#8721);
#8720 = CARTESIAN_POINT('',(20.883432165201,5.032023437752,
    -2.22044604925E-16));
#8721 = VECTOR('',#8722,1.);
#8722 = DIRECTION('',(-0.977172618868,0.212446870854,0.));
#8723 = PCURVE('',#4107,#8724);
#8724 = DEFINITIONAL_REPRESENTATION('',(#8725),#8729);
#8725 = LINE('',#8726,#8727);
#8726 = CARTESIAN_POINT('',(32.302509276638,40.032023437752));
#8727 = VECTOR('',#8728,1.);
#8728 = DIRECTION('',(-0.977172618868,0.212446870854));
#8729 = ( GEOMETRIC_REPRESENTATION_CONTEXT(2) 
PARAMETRIC_REPRESENTATION_CONTEXT() REPRESENTATION_CONTEXT('2D SPACE',''
  ) );
#8730 = PCURVE('',#712,#8731);
#8731 = DEFINITIONAL_REPRESENTATION('',(#8732),#8736);
#8732 = LINE('',#8733,#8734);
#8733 = CARTESIAN_POINT('',(1.570796326795,0.));
#8734 = VECTOR('',#8735,1.);
#8735 = DIRECTION('',(0.,1.));
#8736 = ( GEOMETRIC_REPRESENTATION_CONTEXT(2) 
PARAMETRIC_REPRESENTATION_CONTEXT() REPRESENTATION_CONTEXT('2D SPACE',''
  ) );
#8737 = ORIENTED_EDGE('',*,*,#8738,.T.);
#8738 = EDGE_CURVE('',#8716,#8739,#8741,.T.);
#8739 = VERTEX_POINT('',#8740);
#8740 = CARTESIAN_POINT('',(5.180984964826,16.386881414039,0.));
#8741 = SURFACE_CURVE('',#8742,(#8758,#8777),.PCURVE_S1.);
#8742 = ( BOUNDED_CURVE() B_SPLINE_CURVE(14,(#8743,#8744,#8745,#8746,
    #8747,#8748,#8749,#8750,#8751,#8752,#8753,#8754,#8755,#8756,#8757),
.UNSPECIFIED.,.F.,.F.) B_SPLINE_CURVE_WITH_KNOTS((15,15),(
120.68801681195,138.28895144998),.PIECEWISE_BEZIER_KNOTS.) CURVE() 
GEOMETRIC_REPRESENTATION_ITEM() RATIONAL_B_SPLINE_CURVE((1.,1.,
    1.000000000001,0.999999999998,1.000000000005,0.999999999993,
    1.000000000008,0.999999999993,1.000000000005,0.999999999998,
1.000000000001,1.,1.,1.,1.)) REPRESENTATION_ITEM('') );
#8743 = CARTESIAN_POINT('',(18.583627477701,5.532023437752,0.));
#8744 = CARTESIAN_POINT('',(16.751152739241,5.924766930061,
    3.46389583683E-14));
#8745 = CARTESIAN_POINT('',(15.057316617832,6.343302809498,
    -1.610933608731E-13));
#8746 = CARTESIAN_POINT('',(13.498941314504,6.797118679599,
    4.555245070037E-13));
#8747 = CARTESIAN_POINT('',(12.065150177451,7.279832664608,
    -9.483525076348E-13));
#8748 = CARTESIAN_POINT('',(10.767459239942,7.852186293282,
    1.551647699216E-12));
#8749 = CARTESIAN_POINT('',(9.570897143047,8.388664583998,
    -2.068012427969E-12));
#8750 = CARTESIAN_POINT('',(8.488252207976,9.176567817566,
    2.290057032894E-12));
#8751 = CARTESIAN_POINT('',(7.572736915534,9.818585082023,
    -2.115418951121E-12));
#8752 = CARTESIAN_POINT('',(6.623134388675,10.809340757443,
    1.617372902274E-12));
#8753 = CARTESIAN_POINT('',(6.031475551629,11.843523438433,
    -1.006639216428E-12));
#8754 = CARTESIAN_POINT('',(5.571872366145,12.949950026413,
    4.940492459582E-13));
#8755 = CARTESIAN_POINT('',(5.306166016271,14.086620915331,
    -1.779687508474E-13));
#8756 = CARTESIAN_POINT('',(5.182534952202,15.235646332733,
    3.896882816434E-14));
#8757 = CARTESIAN_POINT('',(5.180984964826,16.386881414039,0.));
#8758 = PCURVE('',#4107,#8759);
#8759 = DEFINITIONAL_REPRESENTATION('',(#8760),#8776);
#8760 = B_SPLINE_CURVE_WITH_KNOTS('',14,(#8761,#8762,#8763,#8764,#8765,
    #8766,#8767,#8768,#8769,#8770,#8771,#8772,#8773,#8774,#8775),
  .UNSPECIFIED.,.F.,.F.,(15,15),(120.68801681195,138.28895144998),
  .PIECEWISE_BEZIER_KNOTS.);
#8761 = CARTESIAN_POINT('',(30.002704589138,40.532023437752));
#8762 = CARTESIAN_POINT('',(28.170229850669,40.92476693005));
#8763 = CARTESIAN_POINT('',(26.47639372931,41.343302809548));
#8764 = CARTESIAN_POINT('',(24.918018425834,41.797118679464));
#8765 = CARTESIAN_POINT('',(23.484227289096,42.279832664871));
#8766 = CARTESIAN_POINT('',(22.186536351069,42.852186292894));
#8767 = CARTESIAN_POINT('',(20.989974254856,43.388664584447));
#8768 = CARTESIAN_POINT('',(19.907329319052,44.176567817149));
#8769 = CARTESIAN_POINT('',(18.991814027261,44.818585082336));
#8770 = CARTESIAN_POINT('',(18.042211499923,45.80934075725));
#8771 = CARTESIAN_POINT('',(17.450552663169,46.843523438531));
#8772 = CARTESIAN_POINT('',(16.990949477539,47.949950026373));
#8773 = CARTESIAN_POINT('',(16.725243127723,49.086620915344));
#8774 = CARTESIAN_POINT('',(16.601612063636,50.235646332731));
#8775 = CARTESIAN_POINT('',(16.600062076264,51.386881414039));
#8776 = ( GEOMETRIC_REPRESENTATION_CONTEXT(2) 
PARAMETRIC_REPRESENTATION_CONTEXT() REPRESENTATION_CONTEXT('2D SPACE',''
  ) );
#8777 = PCURVE('',#896,#8778);
#8778 = DEFINITIONAL_REPRESENTATION('',(#8779),#8783);
#8779 = LINE('',#8780,#8781);
#8780 = CARTESIAN_POINT('',(17.600934638035,0.));
#8781 = VECTOR('',#8782,1.);
#8782 = DIRECTION('',(0.,1.));
#8783 = ( GEOMETRIC_REPRESENTATION_CONTEXT(2) 
PARAMETRIC_REPRESENTATION_CONTEXT() REPRESENTATION_CONTEXT('2D SPACE',''
  ) );
#8784 = ORIENTED_EDGE('',*,*,#8785,.T.);
#8785 = EDGE_CURVE('',#8739,#8786,#8788,.T.);
#8786 = VERTEX_POINT('',#8787);
#8787 = CARTESIAN_POINT('',(18.282241546186,26.200129458614,0.));
#8788 = SURFACE_CURVE('',#8789,(#8818,#8850),.PCURVE_S1.);
#8789 = ( BOUNDED_CURVE() B_SPLINE_CURVE(14,(#8790,#8791,#8792,#8793,
    #8794,#8795,#8796,#8797,#8798,#8799,#8800,#8801,#8802,#8803,#8804,
    #8805,#8806,#8807,#8808,#8809,#8810,#8811,#8812,#8813,#8814,#8815,
#8816,#8817),.UNSPECIFIED.,.F.,.F.) B_SPLINE_CURVE_WITH_KNOTS((15,13,15)
  ,(138.28895144998,138.33180516474,155.97145996315),.UNSPECIFIED.) 
CURVE() GEOMETRIC_REPRESENTATION_ITEM() RATIONAL_B_SPLINE_CURVE((1.,
    1.000000000001,0.999999999994,1.000000000017,0.999999999964,
    1.000000000059,0.999999999923,1.000000000082,0.999999999928,
    1.000000000052,0.99999999997,1.000000000013,0.999999999996,1.,
    0.999999999999,1.000000000001,0.999999999999,1.000000000002,
    0.999999999998,1.000000000002,0.999999999997,1.000000000003,
    0.999999999998,1.000000000002,0.999999999999,1.,1.,1.)) 
REPRESENTATION_ITEM('') );
#8790 = CARTESIAN_POINT('',(5.180984964826,16.386881414039,0.));
#8791 = CARTESIAN_POINT('',(5.18098119101,16.389684373132,
    3.37507799486E-14));
#8792 = CARTESIAN_POINT('',(5.180978108047,16.39248734474,
    -1.573186025894E-13));
#8793 = CARTESIAN_POINT('',(5.180975716221,16.395290328751,
    4.528599717446E-13));
#8794 = CARTESIAN_POINT('',(5.180974015694,16.398093325034,
    -9.722223026642E-13));
#8795 = CARTESIAN_POINT('',(5.180973006901,16.400896333495,
    1.648126080056E-12));
#8796 = CARTESIAN_POINT('',(5.180972689787,16.403699353984,
    -2.262856568791E-12));
#8797 = CARTESIAN_POINT('',(5.180973065022,16.406502386422,
    2.536526544361E-12));
#8798 = CARTESIAN_POINT('',(5.180974132375,16.409305430652,
    -2.330469150991E-12));
#8799 = CARTESIAN_POINT('',(5.180975892561,16.412108486591,
    1.749267397599E-12));
#8800 = CARTESIAN_POINT('',(5.180978345458,16.414911554098,
    -1.056710274838E-12));
#8801 = CARTESIAN_POINT('',(5.180981491564,16.417714633067,
    4.917177776065E-13));
#8802 = CARTESIAN_POINT('',(5.180985330997,16.420517723377,
    -1.543210004229E-13));
#8803 = CARTESIAN_POINT('',(5.180989864063,16.423320824912,
    1.476596622751E-14));
#8804 = CARTESIAN_POINT('',(5.183146626996,17.579954816171,
    -3.19744231092E-14));
#8805 = CARTESIAN_POINT('',(5.302812875455,18.739864600683,
    5.340172748447E-14));
#8806 = CARTESIAN_POINT('',(5.559646002209,19.894106915933,
    -6.050715484207E-14));
#8807 = CARTESIAN_POINT('',(5.974991473358,21.034649199149,
    1.620925615953E-14));
#8808 = CARTESIAN_POINT('',(6.59174348339,22.088153053985,
    1.081357225985E-13));
#8809 = CARTESIAN_POINT('',(7.348461404805,23.135828584907,
    -2.917666108715E-13));
#8810 = CARTESIAN_POINT('',(8.4498088992,23.948208133384,
    4.498623695781E-13));
#8811 = CARTESIAN_POINT('',(9.475598379988,24.623378019005,
    -4.953815135877E-13));
#8812 = CARTESIAN_POINT('',(10.771193800966,25.198198959037,
    4.111155860187E-13));
#8813 = CARTESIAN_POINT('',(12.101135938799,25.612241853203,
    -2.622346784165E-13));
#8814 = CARTESIAN_POINT('',(13.561580260145,25.921968768965,
    1.294520046713E-13));
#8815 = CARTESIAN_POINT('',(15.092945661955,26.111561631969,
    -4.718447854657E-14));
#8816 = CARTESIAN_POINT('',(16.677503083804,26.200223067753,
    1.054711873394E-14));
#8817 = CARTESIAN_POINT('',(18.282241546186,26.200129458614,0.));
#8818 = PCURVE('',#4107,#8819);
#8819 = DEFINITIONAL_REPRESENTATION('',(#8820),#8849);
#8820 = B_SPLINE_CURVE_WITH_KNOTS('',14,(#8821,#8822,#8823,#8824,#8825,
    #8826,#8827,#8828,#8829,#8830,#8831,#8832,#8833,#8834,#8835,#8836,
    #8837,#8838,#8839,#8840,#8841,#8842,#8843,#8844,#8845,#8846,#8847,
    #8848),.UNSPECIFIED.,.F.,.F.,(15,13,15),(138.28895144998,
    138.33180516474,155.97145996315),.UNSPECIFIED.);
#8821 = CARTESIAN_POINT('',(16.600062076264,51.386881414039));
#8822 = CARTESIAN_POINT('',(16.600058302468,51.389684373203));
#8823 = CARTESIAN_POINT('',(16.600055219388,51.392487344411));
#8824 = CARTESIAN_POINT('',(16.600052827932,51.395290329679));
#8825 = CARTESIAN_POINT('',(16.600051126563,51.398093323106));
#8826 = CARTESIAN_POINT('',(16.600050119267,51.400896336637));
#8827 = CARTESIAN_POINT('',(16.600049800004,51.403699349857));
#8828 = CARTESIAN_POINT('',(16.60005017777,51.406502390849));
#8829 = CARTESIAN_POINT('',(16.600051242659,51.40930542676));
#8830 = CARTESIAN_POINT('',(16.600053004827,51.412108489383));
#8831 = CARTESIAN_POINT('',(16.600055456418,51.414911552495));
#8832 = CARTESIAN_POINT('',(16.600058603212,51.417714633773));
#8833 = CARTESIAN_POINT('',(16.600062442371,51.420517723168));
#8834 = CARTESIAN_POINT('',(16.600066975506,51.423320824931));
#8835 = CARTESIAN_POINT('',(16.602223738421,52.57995481613));
#8836 = CARTESIAN_POINT('',(16.721889986916,53.739864600758));
#8837 = CARTESIAN_POINT('',(16.978723113609,54.894106915819));
#8838 = CARTESIAN_POINT('',(17.394068584852,56.034649199304));
#8839 = CARTESIAN_POINT('',(18.010820594749,57.088153053786));
#8840 = CARTESIAN_POINT('',(18.767538516344,58.13582858515));
#8841 = CARTESIAN_POINT('',(19.868886010518,58.948208133115));
#8842 = CARTESIAN_POINT('',(20.894675491543,59.623378019263));
#8843 = CARTESIAN_POINT('',(22.190270912307,60.198198958832));
#8844 = CARTESIAN_POINT('',(23.520213050301,60.612241853335));
#8845 = CARTESIAN_POINT('',(24.980657371549,60.921968768899));
#8846 = CARTESIAN_POINT('',(26.512022773405,61.111561631993));
#8847 = CARTESIAN_POINT('',(28.096580195238,61.200223067748));
#8848 = CARTESIAN_POINT('',(29.701318657624,61.200129458614));
#8849 = ( GEOMETRIC_REPRESENTATION_CONTEXT(2) 
PARAMETRIC_REPRESENTATION_CONTEXT() REPRESENTATION_CONTEXT('2D SPACE',''
  ) );
#8850 = PCURVE('',#1208,#8851);
#8851 = DEFINITIONAL_REPRESENTATION('',(#8852),#8856);
#8852 = LINE('',#8853,#8854);
#8853 = CARTESIAN_POINT('',(17.682508513168,0.));
#8854 = VECTOR('',#8855,1.);
#8855 = DIRECTION('',(0.,1.));
#8856 = ( GEOMETRIC_REPRESENTATION_CONTEXT(2) 
PARAMETRIC_REPRESENTATION_CONTEXT() REPRESENTATION_CONTEXT('2D SPACE',''
  ) );
#8857 = ORIENTED_EDGE('',*,*,#8858,.T.);
#8858 = EDGE_CURVE('',#8786,#8859,#8861,.T.);
#8859 = VERTEX_POINT('',#8860);
#8860 = CARTESIAN_POINT('',(32.580857784396,13.599934895833,0.));
#8861 = SURFACE_CURVE('',#8862,(#8878,#8897),.PCURVE_S1.);
#8862 = ( BOUNDED_CURVE() B_SPLINE_CURVE(14,(#8863,#8864,#8865,#8866,
    #8867,#8868,#8869,#8870,#8871,#8872,#8873,#8874,#8875,#8876,#8877),
.UNSPECIFIED.,.F.,.F.) B_SPLINE_CURVE_WITH_KNOTS((15,15),(
155.97145996315,173.61717294533),.PIECEWISE_BEZIER_KNOTS.) CURVE() 
GEOMETRIC_REPRESENTATION_ITEM() RATIONAL_B_SPLINE_CURVE((1.,1.,
    1.000000000002,0.999999999995,1.000000000012,0.99999999998,
    1.000000000028,0.999999999969,1.000000000029,0.999999999979,
    1.000000000013,0.999999999994,1.000000000002,1.,1.)) 
REPRESENTATION_ITEM('') );
#8863 = CARTESIAN_POINT('',(18.282241546186,26.200129458614,0.));
#8864 = CARTESIAN_POINT('',(19.887531141829,26.200035817328,
    -5.284661597216E-14));
#8865 = CARTESIAN_POINT('',(21.51406973604,26.111082350215,
    2.302602553073E-13));
#8866 = CARTESIAN_POINT('',(23.123471589914,25.914352275114,
    -5.833111771381E-13));
#8867 = CARTESIAN_POINT('',(24.683591064946,25.578851871079,
    1.024624829427E-12));
#8868 = CARTESIAN_POINT('',(26.153433404465,25.126805922195,
    -1.304623076237E-12));
#8869 = CARTESIAN_POINT('',(27.558200881673,24.445117245,
    1.188493747861E-12));
#8870 = CARTESIAN_POINT('',(28.758007567369,23.698430844728,
    -6.846745392863E-13));
#8871 = CARTESIAN_POINT('',(29.962786455212,22.641213243022,
    6.87228052243E-14));
#8872 = CARTESIAN_POINT('',(30.80597364754,21.452223144931,
    3.40616423955E-13));
#8873 = CARTESIAN_POINT('',(31.541592037118,20.145199970873,
    -4.231059946846E-13));
#8874 = CARTESIAN_POINT('',(32.05909503313,18.700875689501,
    2.912114993592E-13));
#8875 = CARTESIAN_POINT('',(32.407876067035,17.135281253105,
    -1.268984917147E-13));
#8876 = CARTESIAN_POINT('',(32.580857784398,15.43699183323,
    3.097522238704E-14));
#8877 = CARTESIAN_POINT('',(32.580857784396,13.599934895833,0.));
#8878 = PCURVE('',#4107,#8879);
#8879 = DEFINITIONAL_REPRESENTATION('',(#8880),#8896);
#8880 = B_SPLINE_CURVE_WITH_KNOTS('',14,(#8881,#8882,#8883,#8884,#8885,
    #8886,#8887,#8888,#8889,#8890,#8891,#8892,#8893,#8894,#8895),
  .UNSPECIFIED.,.F.,.F.,(15,15),(155.97145996315,173.61717294533),
  .PIECEWISE_BEZIER_KNOTS.);
#8881 = CARTESIAN_POINT('',(29.701318657624,61.200129458614));
#8882 = CARTESIAN_POINT('',(31.306608253253,61.200035817314));
#8883 = CARTESIAN_POINT('',(32.933146847543,61.111082350278));
#8884 = CARTESIAN_POINT('',(34.542548701152,60.914352274931));
#8885 = CARTESIAN_POINT('',(36.102668176839,60.578851871485));
#8886 = CARTESIAN_POINT('',(37.572510515082,60.126805921485));
#8887 = CARTESIAN_POINT('',(38.977277994298,59.445117245986));
#8888 = CARTESIAN_POINT('',(40.177084677419,58.698430843631));
#8889 = CARTESIAN_POINT('',(41.381863567967,57.641213243993));
#8890 = CARTESIAN_POINT('',(42.225050757969,56.452223144245));
#8891 = CARTESIAN_POINT('',(42.960669149176,55.145199971258));
#8892 = CARTESIAN_POINT('',(43.478172144269,53.700875689333));
#8893 = CARTESIAN_POINT('',(43.826953178578,52.135281253159));
#8894 = CARTESIAN_POINT('',(43.999934895813,50.43699183322));
#8895 = CARTESIAN_POINT('',(43.999934895833,48.599934895833));
#8896 = ( GEOMETRIC_REPRESENTATION_CONTEXT(2) 
PARAMETRIC_REPRESENTATION_CONTEXT() REPRESENTATION_CONTEXT('2D SPACE',''
  ) );
#8897 = PCURVE('',#1473,#8898);
#8898 = DEFINITIONAL_REPRESENTATION('',(#8899),#8903);
#8899 = LINE('',#8900,#8901);
#8900 = CARTESIAN_POINT('',(17.645712982182,0.));
#8901 = VECTOR('',#8902,1.);
#8902 = DIRECTION('',(0.,1.));
#8903 = ( GEOMETRIC_REPRESENTATION_CONTEXT(2) 
PARAMETRIC_REPRESENTATION_CONTEXT() REPRESENTATION_CONTEXT('2D SPACE',''
  ) );
#8904 = ORIENTED_EDGE('',*,*,#8905,.T.);
#8905 = EDGE_CURVE('',#8859,#8906,#8908,.T.);
#8906 = VERTEX_POINT('',#8907);
#8907 = CARTESIAN_POINT('',(32.580857784396,11.999934895833,
    -2.22044604925E-16));
#8908 = SURFACE_CURVE('',#8909,(#8913,#8920),.PCURVE_S1.);
#8909 = LINE('',#8910,#8911);
#8910 = CARTESIAN_POINT('',(32.580857784396,13.599934895833,
    -2.22044604925E-16));
#8911 = VECTOR('',#8912,1.);
#8912 = DIRECTION('',(0.,-1.,0.));
#8913 = PCURVE('',#4107,#8914);
#8914 = DEFINITIONAL_REPRESENTATION('',(#8915),#8919);
#8915 = LINE('',#8916,#8917);
#8916 = CARTESIAN_POINT('',(43.999934895833,48.599934895833));
#8917 = VECTOR('',#8918,1.);
#8918 = DIRECTION('',(0.,-1.));
#8919 = ( GEOMETRIC_REPRESENTATION_CONTEXT(2) 
PARAMETRIC_REPRESENTATION_CONTEXT() REPRESENTATION_CONTEXT('2D SPACE',''
  ) );
#8920 = PCURVE('',#1600,#8921);
#8921 = DEFINITIONAL_REPRESENTATION('',(#8922),#8926);
#8922 = LINE('',#8923,#8924);
#8923 = CARTESIAN_POINT('',(1.570796326795,0.));
#8924 = VECTOR('',#8925,1.);
#8925 = DIRECTION('',(0.,1.));
#8926 = ( GEOMETRIC_REPRESENTATION_CONTEXT(2) 
PARAMETRIC_REPRESENTATION_CONTEXT() REPRESENTATION_CONTEXT('2D SPACE',''
  ) );
#8927 = ORIENTED_EDGE('',*,*,#8928,.T.);
#8928 = EDGE_CURVE('',#8906,#8929,#8931,.T.);
#8929 = VERTEX_POINT('',#8930);
#8930 = CARTESIAN_POINT('',(42.780857784396,11.999934895833,
    -2.22044604925E-16));
#8931 = SURFACE_CURVE('',#8932,(#8936,#8943),.PCURVE_S1.);
#8932 = LINE('',#8933,#8934);
#8933 = CARTESIAN_POINT('',(31.180857784396,11.999934895833,
    -2.22044604925E-16));
#8934 = VECTOR('',#8935,1.);
#8935 = DIRECTION('',(1.,0.,0.));
#8936 = PCURVE('',#4107,#8937);
#8937 = DEFINITIONAL_REPRESENTATION('',(#8938),#8942);
#8938 = LINE('',#8939,#8940);
#8939 = CARTESIAN_POINT('',(42.599934895833,46.999934895833));
#8940 = VECTOR('',#8941,1.);
#8941 = DIRECTION('',(1.,0.));
#8942 = ( GEOMETRIC_REPRESENTATION_CONTEXT(2) 
PARAMETRIC_REPRESENTATION_CONTEXT() REPRESENTATION_CONTEXT('2D SPACE',''
  ) );
#8943 = PCURVE('',#1686,#8944);
#8944 = DEFINITIONAL_REPRESENTATION('',(#8945),#8949);
#8945 = LINE('',#8946,#8947);
#8946 = CARTESIAN_POINT('',(1.570796326795,0.));
#8947 = VECTOR('',#8948,1.);
#8948 = DIRECTION('',(0.,1.));
#8949 = ( GEOMETRIC_REPRESENTATION_CONTEXT(2) 
PARAMETRIC_REPRESENTATION_CONTEXT() REPRESENTATION_CONTEXT('2D SPACE',''
  ) );
#8950 = ORIENTED_EDGE('',*,*,#8951,.T.);
#8951 = EDGE_CURVE('',#8929,#8952,#8954,.T.);
#8952 = VERTEX_POINT('',#8953);
#8953 = CARTESIAN_POINT('',(42.780857784396,13.599934895833,
    -2.22044604925E-16));
#8954 = SURFACE_CURVE('',#8955,(#8959,#8966),.PCURVE_S1.);
#8955 = LINE('',#8956,#8957);
#8956 = CARTESIAN_POINT('',(42.780857784396,10.599934895833,
    -2.22044604925E-16));
#8957 = VECTOR('',#8958,1.);
#8958 = DIRECTION('',(0.,1.,0.));
#8959 = PCURVE('',#4107,#8960);
#8960 = DEFINITIONAL_REPRESENTATION('',(#8961),#8965);
#8961 = LINE('',#8962,#8963);
#8962 = CARTESIAN_POINT('',(54.199934895833,45.599934895833));
#8963 = VECTOR('',#8964,1.);
#8964 = DIRECTION('',(0.,1.));
#8965 = ( GEOMETRIC_REPRESENTATION_CONTEXT(2) 
PARAMETRIC_REPRESENTATION_CONTEXT() REPRESENTATION_CONTEXT('2D SPACE',''
  ) );
#8966 = PCURVE('',#1775,#8967);
#8967 = DEFINITIONAL_REPRESENTATION('',(#8968),#8972);
#8968 = LINE('',#8969,#8970);
#8969 = CARTESIAN_POINT('',(1.570796326795,0.));
#8970 = VECTOR('',#8971,1.);
#8971 = DIRECTION('',(0.,1.));
#8972 = ( GEOMETRIC_REPRESENTATION_CONTEXT(2) 
PARAMETRIC_REPRESENTATION_CONTEXT() REPRESENTATION_CONTEXT('2D SPACE',''
  ) );
#8973 = ORIENTED_EDGE('',*,*,#8974,.T.);
#8974 = EDGE_CURVE('',#8952,#8975,#8977,.T.);
#8975 = VERTEX_POINT('',#8976);
#8976 = CARTESIAN_POINT('',(18.280792680229,35.000065712128,0.));
#8977 = SURFACE_CURVE('',#8978,(#8993,#9035),.PCURVE_S1.);
#8978 = ( BOUNDED_CURVE() B_SPLINE_CURVE(13,(#8979,#8980,#8981,#8982,
    #8983,#8984,#8985,#8986,#8987,#8988,#8989,#8990,#8991,#8992),
.UNSPECIFIED.,.F.,.F.) B_SPLINE_CURVE_WITH_KNOTS((14,14),(3.,
39.500933407385),.PIECEWISE_BEZIER_KNOTS.) CURVE() 
GEOMETRIC_REPRESENTATION_ITEM() RATIONAL_B_SPLINE_CURVE((1.,1.,1.,
    0.999999999999,1.000000000002,0.999999999997,1.000000000004,
    0.999999999996,1.000000000003,0.999999999998,1.000000000001,1.,1.,1.
)) REPRESENTATION_ITEM('') );
#8979 = CARTESIAN_POINT('',(42.780857784396,13.599934895833,0.));
#8980 = CARTESIAN_POINT('',(42.780857784396,16.952631203538,
    -2.886579864025E-15));
#8981 = CARTESIAN_POINT('',(42.380474587915,19.994788494453,
    1.665334536938E-14));
#8982 = CARTESIAN_POINT('',(41.607953571108,22.727174460647,
    -5.639932965096E-14));
#8983 = CARTESIAN_POINT('',(40.510125519873,25.154727138724,
    1.404432126151E-13));
#8984 = CARTESIAN_POINT('',(39.069595568815,27.302263194027,
    -2.672306820273E-13));
#8985 = CARTESIAN_POINT('',(37.42560554305,29.161127150372,
    3.963496197912E-13));
#8986 = CARTESIAN_POINT('',(35.373276368147,30.918523159209,
    -4.610756221268E-13));
#8987 = CARTESIAN_POINT('',(33.008674927983,32.290067820266,
    4.178879464689E-13));
#8988 = CARTESIAN_POINT('',(30.364185257466,33.434466067769,
    -2.901012763346E-13));
#8989 = CARTESIAN_POINT('',(27.486089415813,34.244089299858,
    1.491029522072E-13));
#8990 = CARTESIAN_POINT('',(24.455986571222,34.762124549393,
    -5.384581669432E-14));
#8991 = CARTESIAN_POINT('',(21.357013925582,34.999955406109,
    1.176836406103E-14));
#8992 = CARTESIAN_POINT('',(18.280792680229,35.000065712128,0.));
#8993 = PCURVE('',#4107,#8994);
#8994 = DEFINITIONAL_REPRESENTATION('',(#8995),#9034);
#8995 = B_SPLINE_CURVE_WITH_KNOTS('',10,(#8996,#8997,#8998,#8999,#9000,
    #9001,#9002,#9003,#9004,#9005,#9006,#9007,#9008,#9009,#9010,#9011,
    #9012,#9013,#9014,#9015,#9016,#9017,#9018,#9019,#9020,#9021,#9022,
    #9023,#9024,#9025,#9026,#9027,#9028,#9029,#9030,#9031,#9032,#9033),
  .UNSPECIFIED.,.F.,.F.,(11,9,9,9,11),(3.,21.250466703692,
    30.375700055539,34.938316731462,39.500933407385),.UNSPECIFIED.);
#8996 = CARTESIAN_POINT('',(54.199934895833,48.599934895833));
#8997 = CARTESIAN_POINT('',(54.199934895831,50.779187495839));
#8998 = CARTESIAN_POINT('',(54.026468399617,52.823681134118));
#8999 = CARTESIAN_POINT('',(53.688176862429,54.734537287861));
#9000 = CARTESIAN_POINT('',(53.195278548373,56.511552485485));
#9001 = CARTESIAN_POINT('',(52.557606155393,58.158578315398));
#9002 = CARTESIAN_POINT('',(51.782380947893,59.683222619651));
#9003 = CARTESIAN_POINT('',(50.872755417594,61.093470387924));
#9004 = CARTESIAN_POINT('',(49.828156501445,62.393822873737));
#9005 = CARTESIAN_POINT('',(48.647461376851,63.583553448183));
#9006 = CARTESIAN_POINT('',(46.680326104312,65.197741343879));
#9007 = CARTESIAN_POINT('',(45.991891207678,65.707430471084));
#9008 = CARTESIAN_POINT('',(45.27121068276,66.188363968332));
#9009 = CARTESIAN_POINT('',(44.51905643535,66.640049343836));
#9010 = CARTESIAN_POINT('',(43.736486500687,67.061939351094));
#9011 = CARTESIAN_POINT('',(42.924836777663,67.453487601213));
#9012 = CARTESIAN_POINT('',(42.085712763386,67.814204174477));
#9013 = CARTESIAN_POINT('',(41.220981287376,68.143711232786));
#9014 = CARTESIAN_POINT('',(40.332762246074,68.441798631301));
#9015 = CARTESIAN_POINT('',(38.968749382653,68.841819980328));
#9016 = CARTESIAN_POINT('',(38.508792741914,68.967306345984));
#9017 = CARTESIAN_POINT('',(38.043845180158,69.08493317046));
#9018 = CARTESIAN_POINT('',(37.574213176051,69.194707878496));
#9019 = CARTESIAN_POINT('',(37.10021492141,69.296650776415));
#9020 = CARTESIAN_POINT('',(36.622180321618,69.390795052596));
#9021 = CARTESIAN_POINT('',(36.140450995121,69.47718677694));
#9022 = CARTESIAN_POINT('',(35.655380273911,69.555884901331));
#9023 = CARTESIAN_POINT('',(35.167333203159,69.626961259334));
#9024 = CARTESIAN_POINT('',(34.186039879704,69.754039873344));
#9025 = CARTESIAN_POINT('',(33.693058485243,69.810050549552));
#9026 = CARTESIAN_POINT('',(33.195651045791,69.858569517408));
#9027 = CARTESIAN_POINT('',(32.705378222715,69.899809120369));
#9028 = CARTESIAN_POINT('',(32.190794268605,69.933894042846));
#9029 = CARTESIAN_POINT('',(31.713514212234,69.960367449955));
#9030 = CARTESIAN_POINT('',(31.193951875677,69.98076401191));
#9031 = CARTESIAN_POINT('',(30.700329306415,69.993549273845));
#9032 = CARTESIAN_POINT('',(30.201060463176,70.000047779792));
#9033 = CARTESIAN_POINT('',(29.701174510807,70.000065712128));
#9034 = ( GEOMETRIC_REPRESENTATION_CONTEXT(2) 
PARAMETRIC_REPRESENTATION_CONTEXT() REPRESENTATION_CONTEXT('2D SPACE',''
  ) );
#9035 = PCURVE('',#1954,#9036);
#9036 = DEFINITIONAL_REPRESENTATION('',(#9037),#9041);
#9037 = LINE('',#9038,#9039);
#9038 = CARTESIAN_POINT('',(36.500933407385,0.));
#9039 = VECTOR('',#9040,1.);
#9040 = DIRECTION('',(0.,1.));
#9041 = ( GEOMETRIC_REPRESENTATION_CONTEXT(2) 
PARAMETRIC_REPRESENTATION_CONTEXT() REPRESENTATION_CONTEXT('2D SPACE',''
  ) );
#9042 = ORIENTED_EDGE('',*,*,#9043,.T.);
#9043 = EDGE_CURVE('',#8975,#9044,#9046,.T.);
#9044 = VERTEX_POINT('',#9045);
#9045 = CARTESIAN_POINT('',(-1.049150881398,27.719986959167,
    -2.341083145172E-17));
#9046 = SURFACE_CURVE('',#9047,(#9062,#9104),.PCURVE_S1.);
#9047 = ( BOUNDED_CURVE() B_SPLINE_CURVE(13,(#9048,#9049,#9050,#9051,
    #9052,#9053,#9054,#9055,#9056,#9057,#9058,#9059,#9060,#9061),
.UNSPECIFIED.,.F.,.F.) B_SPLINE_CURVE_WITH_KNOTS((14,14),(
39.500933407385,75.946549249947),.PIECEWISE_BEZIER_KNOTS.) CURVE() 
GEOMETRIC_REPRESENTATION_ITEM() RATIONAL_B_SPLINE_CURVE((1.,1.,1.,
    0.999999999999,1.000000000002,0.999999999997,1.000000000004,
    0.999999999996,1.000000000003,0.999999999998,1.000000000001,1.,1.,1.
)) REPRESENTATION_ITEM('') );
#9048 = CARTESIAN_POINT('',(18.280792680229,35.000065712128,0.));
#9049 = CARTESIAN_POINT('',(15.21184094287,35.000175850976,
    -4.229949723822E-14));
#9050 = CARTESIAN_POINT('',(12.162356349579,34.762802564406,
    1.890709810937E-13));
#9051 = CARTESIAN_POINT('',(9.219673399732,34.258710614299,
    -5.101474798153E-13));
#9052 = CARTESIAN_POINT('',(6.455120004414,33.45892672173,
    1.010413974711E-12));
#9053 = CARTESIAN_POINT('',(3.963323981203,32.415409541177,
    -1.559863349598E-12));
#9054 = CARTESIAN_POINT('',(1.682575524611,31.04173666309,
    1.916355962805E-12));
#9055 = CARTESIAN_POINT('',(-0.148066745781,29.514486328815,
    -1.883715405882E-12));
#9056 = CARTESIAN_POINT('',(-1.906238228976,27.719499009735,
    1.47470924361E-12));
#9057 = CARTESIAN_POINT('',(-3.211308780126,25.595569217299,
    -9.083844787483E-13));
#9058 = CARTESIAN_POINT('',(-4.180564890215,23.291117517314,
    4.297673328324E-13));
#9059 = CARTESIAN_POINT('',(-4.765458425477,20.843641014894,
    -1.478817068801E-13));
#9060 = CARTESIAN_POINT('',(-5.02213627664,18.374201946641,
    3.119726699197E-14));
#9061 = CARTESIAN_POINT('',(-5.019265959943,15.977005649553,0.));
#9062 = PCURVE('',#4107,#9063);
#9063 = DEFINITIONAL_REPRESENTATION('',(#9064),#9103);
#9064 = B_SPLINE_CURVE_WITH_KNOTS('',10,(#9065,#9066,#9067,#9068,#9069,
    #9070,#9071,#9072,#9073,#9074,#9075,#9076,#9077,#9078,#9079,#9080,
    #9081,#9082,#9083,#9084,#9085,#9086,#9087,#9088,#9089,#9090,#9091,
    #9092,#9093,#9094,#9095,#9096,#9097,#9098,#9099,#9100,#9101,#9102),
  .UNSPECIFIED.,.F.,.F.,(11,9,9,9,11),(39.500933407385,44.056635387705,
    48.612337368025,57.723741328666,75.946549249947),.UNSPECIFIED.);
#9065 = CARTESIAN_POINT('',(29.701174510807,70.000065712128));
#9066 = CARTESIAN_POINT('',(29.202469853486,70.000083602086));
#9067 = CARTESIAN_POINT('',(28.703036837804,69.993711984222));
#9068 = CARTESIAN_POINT('',(28.19877257132,69.980422674368));
#9069 = CARTESIAN_POINT('',(27.721941642087,69.96123677201));
#9070 = CARTESIAN_POINT('',(27.205135848285,69.934326498848));
#9071 = CARTESIAN_POINT('',(26.728941627845,69.901003306526));
#9072 = CARTESIAN_POINT('',(26.232169269553,69.860562469292));
#9073 = CARTESIAN_POINT('',(25.747296570007,69.812959186404));
#9074 = CARTESIAN_POINT('',(25.263352498075,69.75823440013));
#9075 = CARTESIAN_POINT('',(24.302993271058,69.634350840825));
#9076 = CARTESIAN_POINT('',(23.826305169865,69.565196025876));
#9077 = CARTESIAN_POINT('',(23.353441998619,69.488784033579));
#9078 = CARTESIAN_POINT('',(22.884721753049,69.405080679034));
#9079 = CARTESIAN_POINT('',(22.420447007103,69.314061734604));
#9080 = CARTESIAN_POINT('',(21.960904912751,69.21571292973));
#9081 = CARTESIAN_POINT('',(21.506367200228,69.110029951164));
#9082 = CARTESIAN_POINT('',(21.057090177797,68.99701844274));
#9083 = CARTESIAN_POINT('',(20.613314731933,68.876694005551));
#9084 = CARTESIAN_POINT('',(19.299169517766,68.493858582432));
#9085 = CARTESIAN_POINT('',(18.445955280341,68.209449165352));
#9086 = CARTESIAN_POINT('',(17.617472296032,67.896074741533));
#9087 = CARTESIAN_POINT('',(16.815242832139,67.554007167815));
#9088 = CARTESIAN_POINT('',(16.040516903043,67.183551471727));
#9089 = CARTESIAN_POINT('',(15.294326430806,66.785027959901));
#9090 = CARTESIAN_POINT('',(14.577539406115,66.358754326878));
#9091 = CARTESIAN_POINT('',(13.890914048889,65.905027763619));
#9092 = CARTESIAN_POINT('',(13.235152969151,65.424107066145));
#9093 = CARTESIAN_POINT('',(11.362566044893,63.900370100264));
#9094 = CARTESIAN_POINT('',(10.240666664614,62.776557186389));
#9095 = CARTESIAN_POINT('',(9.250424261449,61.547869835287));
#9096 = CARTESIAN_POINT('',(8.39875531669,60.215969106911));
#9097 = CARTESIAN_POINT('',(7.694469312034,58.788306972501));
#9098 = CARTESIAN_POINT('',(7.145039529678,57.280722769729));
#9099 = CARTESIAN_POINT('',(6.752213156719,55.716729609695));
#9100 = CARTESIAN_POINT('',(6.508670790901,54.12482791112));
#9101 = CARTESIAN_POINT('',(6.397945445642,52.535183242662));
#9102 = CARTESIAN_POINT('',(6.399811151494,50.977005649553));
#9103 = ( GEOMETRIC_REPRESENTATION_CONTEXT(2) 
PARAMETRIC_REPRESENTATION_CONTEXT() REPRESENTATION_CONTEXT('2D SPACE',''
  ) );
#9104 = PCURVE('',#2049,#9105);
#9105 = DEFINITIONAL_REPRESENTATION('',(#9106),#9110);
#9106 = LINE('',#9107,#9108);
#9107 = CARTESIAN_POINT('',(36.445615842562,0.));
#9108 = VECTOR('',#9109,1.);
#9109 = DIRECTION('',(0.,1.));
#9110 = ( GEOMETRIC_REPRESENTATION_CONTEXT(2) 
PARAMETRIC_REPRESENTATION_CONTEXT() REPRESENTATION_CONTEXT('2D SPACE',''
  ) );
#9111 = ORIENTED_EDGE('',*,*,#9112,.T.);
#9112 = EDGE_CURVE('',#9044,#5867,#9113,.T.);
#9113 = SURFACE_CURVE('',#9114,(#9118,#9124),.PCURVE_S1.);
#9114 = LINE('',#9115,#9116);
#9115 = CARTESIAN_POINT('',(-3.149983723958,27.719986959167,0.));
#9116 = VECTOR('',#9117,1.);
#9117 = DIRECTION('',(1.,0.,-0.));
#9118 = PCURVE('',#4107,#9119);
#9119 = DEFINITIONAL_REPRESENTATION('',(#9120),#9123);
#9120 = B_SPLINE_CURVE_WITH_KNOTS('',1,(#9121,#9122),.UNSPECIFIED.,.F.,
  .F.,(2,2),(-3.469028283314,8.269093387479),.PIECEWISE_BEZIER_KNOTS.);
#9121 = CARTESIAN_POINT('',(4.800065104165,62.719986959167));
#9122 = CARTESIAN_POINT('',(16.538186774958,62.719986959167));
#9123 = ( GEOMETRIC_REPRESENTATION_CONTEXT(2) 
PARAMETRIC_REPRESENTATION_CONTEXT() REPRESENTATION_CONTEXT('2D SPACE',''
  ) );
#9124 = PCURVE('',#2372,#9125);
#9125 = DEFINITIONAL_REPRESENTATION('',(#9126),#9129);
#9126 = B_SPLINE_CURVE_WITH_KNOTS('',1,(#9127,#9128),.UNSPECIFIED.,.F.,
  .F.,(2,2),(-3.469028283314,8.269093387479),.PIECEWISE_BEZIER_KNOTS.);
#9127 = CARTESIAN_POINT('',(11.738121670793,-6.));
#9128 = CARTESIAN_POINT('',(0.,-6.));
#9129 = ( GEOMETRIC_REPRESENTATION_CONTEXT(2) 
PARAMETRIC_REPRESENTATION_CONTEXT() REPRESENTATION_CONTEXT('2D SPACE',''
  ) );
#9130 = ORIENTED_EDGE('',*,*,#5866,.T.);
#9131 = ORIENTED_EDGE('',*,*,#6173,.T.);
#9132 = ORIENTED_EDGE('',*,*,#6480,.T.);
#9133 = ORIENTED_EDGE('',*,*,#6585,.T.);
#9134 = ORIENTED_EDGE('',*,*,#6783,.T.);
#9135 = ORIENTED_EDGE('',*,*,#6999,.T.);
#9136 = ORIENTED_EDGE('',*,*,#7183,.T.);
#9137 = ORIENTED_EDGE('',*,*,#7311,.T.);
#9138 = ADVANCED_FACE('',(#9139),#4074,.T.);
#9139 = FACE_BOUND('',#9140,.T.);
#9140 = EDGE_LOOP('',(#9141,#9142,#9143,#9144));
#9141 = ORIENTED_EDGE('',*,*,#7334,.T.);
#9142 = ORIENTED_EDGE('',*,*,#8567,.T.);
#9143 = ORIENTED_EDGE('',*,*,#4052,.F.);
#9144 = ORIENTED_EDGE('',*,*,#9145,.F.);
#9145 = EDGE_CURVE('',#7335,#3977,#9146,.T.);
#9146 = SURFACE_CURVE('',#9147,(#9151,#9158),.PCURVE_S1.);
#9147 = LINE('',#9148,#9149);
#9148 = CARTESIAN_POINT('',(4.980987992729,-9.400065104167,1.4));
#9149 = VECTOR('',#9150,1.);
#9150 = DIRECTION('',(-1.,0.,0.));
#9151 = PCURVE('',#4074,#9152);
#9152 = DEFINITIONAL_REPRESENTATION('',(#9153),#9157);
#9153 = LINE('',#9154,#9155);
#9154 = CARTESIAN_POINT('',(0.,0.));
#9155 = VECTOR('',#9156,1.);
#9156 = DIRECTION('',(0.,1.));
#9157 = ( GEOMETRIC_REPRESENTATION_CONTEXT(2) 
PARAMETRIC_REPRESENTATION_CONTEXT() REPRESENTATION_CONTEXT('2D SPACE',''
  ) );
#9158 = PCURVE('',#3680,#9159);
#9159 = DEFINITIONAL_REPRESENTATION('',(#9160),#9164);
#9160 = LINE('',#9161,#9162);
#9161 = CARTESIAN_POINT('',(0.,-1.4));
#9162 = VECTOR('',#9163,1.);
#9163 = DIRECTION('',(1.,0.));
#9164 = ( GEOMETRIC_REPRESENTATION_CONTEXT(2) 
PARAMETRIC_REPRESENTATION_CONTEXT() REPRESENTATION_CONTEXT('2D SPACE',''
  ) );
#9165 = ADVANCED_FACE('',(#9166),#3680,.F.);
#9166 = FACE_BOUND('',#9167,.F.);
#9167 = EDGE_LOOP('',(#9168,#9189,#9190,#9191));
#9168 = ORIENTED_EDGE('',*,*,#9169,.T.);
#9169 = EDGE_CURVE('',#7335,#3536,#9170,.T.);
#9170 = SURFACE_CURVE('',#9171,(#9175,#9182),.PCURVE_S1.);
#9171 = LINE('',#9172,#9173);
#9172 = CARTESIAN_POINT('',(4.980987992729,-9.400065104167,0.));
#9173 = VECTOR('',#9174,1.);
#9174 = DIRECTION('',(0.,0.,1.));
#9175 = PCURVE('',#3680,#9176);
#9176 = DEFINITIONAL_REPRESENTATION('',(#9177),#9181);
#9177 = LINE('',#9178,#9179);
#9178 = CARTESIAN_POINT('',(0.,-0.));
#9179 = VECTOR('',#9180,1.);
#9180 = DIRECTION('',(0.,-1.));
#9181 = ( GEOMETRIC_REPRESENTATION_CONTEXT(2) 
PARAMETRIC_REPRESENTATION_CONTEXT() REPRESENTATION_CONTEXT('2D SPACE',''
  ) );
#9182 = PCURVE('',#3588,#9183);
#9183 = DEFINITIONAL_REPRESENTATION('',(#9184),#9188);
#9184 = LINE('',#9185,#9186);
#9185 = CARTESIAN_POINT('',(2.7998046875,0.));
#9186 = VECTOR('',#9187,1.);
#9187 = DIRECTION('',(0.,-1.));
#9188 = ( GEOMETRIC_REPRESENTATION_CONTEXT(2) 
PARAMETRIC_REPRESENTATION_CONTEXT() REPRESENTATION_CONTEXT('2D SPACE',''
  ) );
#9189 = ORIENTED_EDGE('',*,*,#3666,.T.);
#9190 = ORIENTED_EDGE('',*,*,#3976,.F.);
#9191 = ORIENTED_EDGE('',*,*,#9145,.F.);
#9192 = ADVANCED_FACE('',(#9193),#3588,.F.);
#9193 = FACE_BOUND('',#9194,.F.);
#9194 = EDGE_LOOP('',(#9195,#9216,#9217,#9218));
#9195 = ORIENTED_EDGE('',*,*,#9196,.T.);
#9196 = EDGE_CURVE('',#7229,#3422,#9197,.T.);
#9197 = SURFACE_CURVE('',#9198,(#9202,#9209),.PCURVE_S1.);
#9198 = LINE('',#9199,#9200);
#9199 = CARTESIAN_POINT('',(4.980987992729,-12.19986979166,0.));
#9200 = VECTOR('',#9201,1.);
#9201 = DIRECTION('',(0.,0.,1.));
#9202 = PCURVE('',#3588,#9203);
#9203 = DEFINITIONAL_REPRESENTATION('',(#9204),#9208);
#9204 = LINE('',#9205,#9206);
#9205 = CARTESIAN_POINT('',(0.,0.));
#9206 = VECTOR('',#9207,1.);
#9207 = DIRECTION('',(0.,-1.));
#9208 = ( GEOMETRIC_REPRESENTATION_CONTEXT(2) 
PARAMETRIC_REPRESENTATION_CONTEXT() REPRESENTATION_CONTEXT('2D SPACE',''
  ) );
#9209 = PCURVE('',#3480,#9210);
#9210 = DEFINITIONAL_REPRESENTATION('',(#9211),#9215);
#9211 = LINE('',#9212,#9213);
#9212 = CARTESIAN_POINT('',(1.,0.));
#9213 = VECTOR('',#9214,1.);
#9214 = DIRECTION('',(0.,-1.));
#9215 = ( GEOMETRIC_REPRESENTATION_CONTEXT(2) 
PARAMETRIC_REPRESENTATION_CONTEXT() REPRESENTATION_CONTEXT('2D SPACE',''
  ) );
#9216 = ORIENTED_EDGE('',*,*,#3574,.T.);
#9217 = ORIENTED_EDGE('',*,*,#9169,.F.);
#9218 = ORIENTED_EDGE('',*,*,#7368,.F.);
#9219 = ADVANCED_FACE('',(#9220),#3480,.F.);
#9220 = FACE_BOUND('',#9221,.F.);
#9221 = EDGE_LOOP('',(#9222,#9243,#9244,#9245));
#9222 = ORIENTED_EDGE('',*,*,#9223,.T.);
#9223 = EDGE_CURVE('',#7069,#3254,#9224,.T.);
#9224 = SURFACE_CURVE('',#9225,(#9229,#9236),.PCURVE_S1.);
#9225 = LINE('',#9226,#9227);
#9226 = CARTESIAN_POINT('',(19.480987992729,-24.80013020833,0.));
#9227 = VECTOR('',#9228,1.);
#9228 = DIRECTION('',(0.,0.,1.));
#9229 = PCURVE('',#3480,#9230);
#9230 = DEFINITIONAL_REPRESENTATION('',(#9231),#9235);
#9231 = LINE('',#9232,#9233);
#9232 = CARTESIAN_POINT('',(0.,0.));
#9233 = VECTOR('',#9234,1.);
#9234 = DIRECTION('',(0.,-1.));
#9235 = ( GEOMETRIC_REPRESENTATION_CONTEXT(2) 
PARAMETRIC_REPRESENTATION_CONTEXT() REPRESENTATION_CONTEXT('2D SPACE',''
  ) );
#9236 = PCURVE('',#3342,#9237);
#9237 = DEFINITIONAL_REPRESENTATION('',(#9238),#9242);
#9238 = LINE('',#9239,#9240);
#9239 = CARTESIAN_POINT('',(1.,0.));
#9240 = VECTOR('',#9241,1.);
#9241 = DIRECTION('',(0.,-1.));
#9242 = ( GEOMETRIC_REPRESENTATION_CONTEXT(2) 
PARAMETRIC_REPRESENTATION_CONTEXT() REPRESENTATION_CONTEXT('2D SPACE',''
  ) );
#9243 = ORIENTED_EDGE('',*,*,#3455,.T.);
#9244 = ORIENTED_EDGE('',*,*,#9196,.F.);
#9245 = ORIENTED_EDGE('',*,*,#7262,.F.);
#9246 = ADVANCED_FACE('',(#9247),#3342,.F.);
#9247 = FACE_BOUND('',#9248,.F.);
#9248 = EDGE_LOOP('',(#9249,#9270,#9271,#9272));
#9249 = ORIENTED_EDGE('',*,*,#9250,.T.);
#9250 = EDGE_CURVE('',#6859,#3036,#9251,.T.);
#9251 = SURFACE_CURVE('',#9252,(#9256,#9263),.PCURVE_S1.);
#9252 = LINE('',#9253,#9254);
#9253 = CARTESIAN_POINT('',(32.980987992729,-15.19986979166,0.));
#9254 = VECTOR('',#9255,1.);
#9255 = DIRECTION('',(0.,0.,1.));
#9256 = PCURVE('',#3342,#9257);
#9257 = DEFINITIONAL_REPRESENTATION('',(#9258),#9262);
#9258 = LINE('',#9259,#9260);
#9259 = CARTESIAN_POINT('',(0.,0.));
#9260 = VECTOR('',#9261,1.);
#9261 = DIRECTION('',(0.,-1.));
#9262 = ( GEOMETRIC_REPRESENTATION_CONTEXT(2) 
PARAMETRIC_REPRESENTATION_CONTEXT() REPRESENTATION_CONTEXT('2D SPACE',''
  ) );
#9263 = PCURVE('',#3139,#9264);
#9264 = DEFINITIONAL_REPRESENTATION('',(#9265),#9269);
#9265 = LINE('',#9266,#9267);
#9266 = CARTESIAN_POINT('',(1.,0.));
#9267 = VECTOR('',#9268,1.);
#9268 = DIRECTION('',(0.,-1.));
#9269 = ( GEOMETRIC_REPRESENTATION_CONTEXT(2) 
PARAMETRIC_REPRESENTATION_CONTEXT() REPRESENTATION_CONTEXT('2D SPACE',''
  ) );
#9270 = ORIENTED_EDGE('',*,*,#3317,.T.);
#9271 = ORIENTED_EDGE('',*,*,#9223,.F.);
#9272 = ORIENTED_EDGE('',*,*,#7132,.F.);
#9273 = ADVANCED_FACE('',(#9274),#3139,.F.);
#9274 = FACE_BOUND('',#9275,.F.);
#9275 = EDGE_LOOP('',(#9276,#9297,#9298,#9299));
#9276 = ORIENTED_EDGE('',*,*,#9277,.T.);
#9277 = EDGE_CURVE('',#6609,#2781,#9278,.T.);
#9278 = SURFACE_CURVE('',#9279,(#9283,#9290),.PCURVE_S1.);
#9279 = LINE('',#9280,#9281);
#9280 = CARTESIAN_POINT('',(18.881053096896,-5.400065104167,0.));
#9281 = VECTOR('',#9282,1.);
#9282 = DIRECTION('',(0.,0.,1.));
#9283 = PCURVE('',#3139,#9284);
#9284 = DEFINITIONAL_REPRESENTATION('',(#9285),#9289);
#9285 = LINE('',#9286,#9287);
#9286 = CARTESIAN_POINT('',(0.,0.));
#9287 = VECTOR('',#9288,1.);
#9288 = DIRECTION('',(0.,-1.));
#9289 = ( GEOMETRIC_REPRESENTATION_CONTEXT(2) 
PARAMETRIC_REPRESENTATION_CONTEXT() REPRESENTATION_CONTEXT('2D SPACE',''
  ) );
#9290 = PCURVE('',#2944,#9291);
#9291 = DEFINITIONAL_REPRESENTATION('',(#9292),#9296);
#9292 = LINE('',#9293,#9294);
#9293 = CARTESIAN_POINT('',(2.353847695856,0.));
#9294 = VECTOR('',#9295,1.);
#9295 = DIRECTION('',(0.,-1.));
#9296 = ( GEOMETRIC_REPRESENTATION_CONTEXT(2) 
PARAMETRIC_REPRESENTATION_CONTEXT() REPRESENTATION_CONTEXT('2D SPACE',''
  ) );
#9297 = ORIENTED_EDGE('',*,*,#3099,.T.);
#9298 = ORIENTED_EDGE('',*,*,#9250,.F.);
#9299 = ORIENTED_EDGE('',*,*,#6922,.F.);
#9300 = ADVANCED_FACE('',(#9301),#2944,.F.);
#9301 = FACE_BOUND('',#9302,.F.);
#9302 = EDGE_LOOP('',(#9303,#9324,#9325,#9326));
#9303 = ORIENTED_EDGE('',*,*,#9304,.T.);
#9304 = EDGE_CURVE('',#6415,#2657,#9305,.T.);
#9305 = SURFACE_CURVE('',#9306,(#9310,#9317),.PCURVE_S1.);
#9306 = LINE('',#9307,#9308);
#9307 = CARTESIAN_POINT('',(16.580922888563,-4.900065104167,0.));
#9308 = VECTOR('',#9309,1.);
#9309 = DIRECTION('',(0.,0.,1.));
#9310 = PCURVE('',#2944,#9311);
#9311 = DEFINITIONAL_REPRESENTATION('',(#9312),#9316);
#9312 = LINE('',#9313,#9314);
#9313 = CARTESIAN_POINT('',(0.,0.));
#9314 = VECTOR('',#9315,1.);
#9315 = DIRECTION('',(0.,-1.));
#9316 = ( GEOMETRIC_REPRESENTATION_CONTEXT(2) 
PARAMETRIC_REPRESENTATION_CONTEXT() REPRESENTATION_CONTEXT('2D SPACE',''
  ) );
#9317 = PCURVE('',#2208,#9318);
#9318 = DEFINITIONAL_REPRESENTATION('',(#9319),#9323);
#9319 = LINE('',#9320,#9321);
#9320 = CARTESIAN_POINT('',(1.,0.));
#9321 = VECTOR('',#9322,1.);
#9322 = DIRECTION('',(0.,-1.));
#9323 = ( GEOMETRIC_REPRESENTATION_CONTEXT(2) 
PARAMETRIC_REPRESENTATION_CONTEXT() REPRESENTATION_CONTEXT('2D SPACE',''
  ) );
#9324 = ORIENTED_EDGE('',*,*,#2930,.T.);
#9325 = ORIENTED_EDGE('',*,*,#9277,.F.);
#9326 = ORIENTED_EDGE('',*,*,#6758,.F.);
#9327 = ADVANCED_FACE('',(#9328),#2437,.T.);
#9328 = FACE_BOUND('',#9329,.T.);
#9329 = EDGE_LOOP('',(#9330,#9331,#9332,#9401,#9454,#9477,#9524,#9597,
    #9644,#9667,#9690,#9713,#9780,#9781,#9782,#9783,#9784,#9785,#9786,
    #9787));
#9330 = ORIENTED_EDGE('',*,*,#3696,.T.);
#9331 = ORIENTED_EDGE('',*,*,#3862,.T.);
#9332 = ORIENTED_EDGE('',*,*,#9333,.T.);
#9333 = EDGE_CURVE('',#3863,#9334,#9336,.T.);
#9334 = VERTEX_POINT('',#9335);
#9335 = CARTESIAN_POINT('',(44.58099026696,-14.79760675016,22.));
#9336 = SURFACE_CURVE('',#9337,(#9364,#9394),.PCURVE_S1.);
#9337 = ( BOUNDED_CURVE() B_SPLINE_CURVE(13,(#9338,#9339,#9340,#9341,
    #9342,#9343,#9344,#9345,#9346,#9347,#9348,#9349,#9350,#9351,#9352,
    #9353,#9354,#9355,#9356,#9357,#9358,#9359,#9360,#9361,#9362,#9363),
.UNSPECIFIED.,.F.,.F.) B_SPLINE_CURVE_WITH_KNOTS((14,12,14),(
    41.316197240884,79.822531381158,79.879047831235),.UNSPECIFIED.) 
CURVE() GEOMETRIC_REPRESENTATION_ITEM() RATIONAL_B_SPLINE_CURVE((1.,1.,
    1.000000000001,0.999999999998,1.000000000005,0.999999999992,
    1.000000000009,0.999999999991,1.000000000007,0.999999999996,
    1.000000000002,0.999999999999,1.,1.,1.,0.999999999999,1.000000000002
    ,0.999999999997,1.000000000003,0.999999999997,1.000000000002,
0.999999999999,1.000000000001,1.,1.,1.)) REPRESENTATION_ITEM('') );
#9338 = CARTESIAN_POINT('',(19.484314476763,-35.00006905613,22.));
#9339 = CARTESIAN_POINT('',(22.778788468859,-34.99976238495,22.));
#9340 = CARTESIAN_POINT('',(26.057227586009,-34.72836927996,22.));
#9341 = CARTESIAN_POINT('',(29.227879304998,-34.15263409354,22.));
#9342 = CARTESIAN_POINT('',(32.208102019206,-33.25321261242,
    21.999999999999));
#9343 = CARTESIAN_POINT('',(34.901595723185,-32.06321536766,
    22.000000000001));
#9344 = CARTESIAN_POINT('',(37.340188901645,-30.5677002513,
    21.999999999998));
#9345 = CARTESIAN_POINT('',(39.347888941944,-28.85584814459,
    22.000000000002));
#9346 = CARTESIAN_POINT('',(41.172655166083,-26.93569046194,
    21.999999999999));
#9347 = CARTESIAN_POINT('',(42.597525882169,-24.70576160358,
    22.000000000001));
#9348 = CARTESIAN_POINT('',(43.643135591486,-22.30681265543,22.));
#9349 = CARTESIAN_POINT('',(44.287395872361,-19.78813354122,22.));
#9350 = CARTESIAN_POINT('',(44.576298777939,-17.27288896739,22.));
#9351 = CARTESIAN_POINT('',(44.580956047933,-14.84037478042,22.));
#9352 = CARTESIAN_POINT('',(44.58096226135,-14.83680992239,22.));
#9353 = CARTESIAN_POINT('',(44.580967862833,-14.83324521952,22.));
#9354 = CARTESIAN_POINT('',(44.580972852626,-14.8296806719,
    22.000000000001));
#9355 = CARTESIAN_POINT('',(44.580977230847,-14.82611627972,
    21.999999999999));
#9356 = CARTESIAN_POINT('',(44.580980997849,-14.82255204299,
    22.000000000002));
#9357 = CARTESIAN_POINT('',(44.58098415363,-14.81898796195,
    21.999999999998));
#9358 = CARTESIAN_POINT('',(44.580986698631,-14.81542403659,
    22.000000000001));
#9359 = CARTESIAN_POINT('',(44.580988632832,-14.81186026714,
    21.999999999999));
#9360 = CARTESIAN_POINT('',(44.580989956614,-14.80829665363,22.));
#9361 = CARTESIAN_POINT('',(44.580990670067,-14.80473319623,22.));
#9362 = CARTESIAN_POINT('',(44.580990773455,-14.80116989503,22.));
#9363 = CARTESIAN_POINT('',(44.58099026696,-14.79760675016,22.));
#9364 = PCURVE('',#2437,#9365);
#9365 = DEFINITIONAL_REPRESENTATION('',(#9366),#9393);
#9366 = B_SPLINE_CURVE_WITH_KNOTS('',13,(#9367,#9368,#9369,#9370,#9371,
    #9372,#9373,#9374,#9375,#9376,#9377,#9378,#9379,#9380,#9381,#9382,
    #9383,#9384,#9385,#9386,#9387,#9388,#9389,#9390,#9391,#9392),
  .UNSPECIFIED.,.F.,.F.,(14,12,14),(41.316197240884,79.822531381158,
    79.879047831235),.UNSPECIFIED.);
#9367 = CARTESIAN_POINT('',(30.9033915882,-6.905613510444E-05));
#9368 = CARTESIAN_POINT('',(34.197865580291,2.376150486366E-04));
#9369 = CARTESIAN_POINT('',(37.476304697472,0.271630720035));
#9370 = CARTESIAN_POINT('',(40.646956416356,0.84736590645));
#9371 = CARTESIAN_POINT('',(43.627179130819,1.746787387584));
#9372 = CARTESIAN_POINT('',(46.320672834338,2.936784632314));
#9373 = CARTESIAN_POINT('',(48.75926601344,4.432299748736));
#9374 = CARTESIAN_POINT('',(50.766966053028,6.144151855355));
#9375 = CARTESIAN_POINT('',(52.591732277801,8.064309538108));
#9376 = CARTESIAN_POINT('',(54.016602993429,10.294238396375));
#9377 = CARTESIAN_POINT('',(55.062212703013,12.693187344598));
#9378 = CARTESIAN_POINT('',(55.706472983763,15.211866458766));
#9379 = CARTESIAN_POINT('',(55.995375889386,17.727111032608));
#9380 = CARTESIAN_POINT('',(56.000033159369,20.15962521957));
#9381 = CARTESIAN_POINT('',(56.000039372807,20.163190077618));
#9382 = CARTESIAN_POINT('',(56.000044974205,20.166754780441));
#9383 = CARTESIAN_POINT('',(56.00004996421,20.170319328169));
#9384 = CARTESIAN_POINT('',(56.000054342043,20.173883720149));
#9385 = CARTESIAN_POINT('',(56.000058109593,20.177447957166));
#9386 = CARTESIAN_POINT('',(56.000061264762,20.181012037889));
#9387 = CARTESIAN_POINT('',(56.000063810309,20.184575963533));
#9388 = CARTESIAN_POINT('',(56.00006574412,20.18813973278));
#9389 = CARTESIAN_POINT('',(56.000067068123,20.191703346406));
#9390 = CARTESIAN_POINT('',(56.000067781479,20.195266803752));
#9391 = CARTESIAN_POINT('',(56.000067884898,20.198830104966));
#9392 = CARTESIAN_POINT('',(56.000067378397,20.202393249832));
#9393 = ( GEOMETRIC_REPRESENTATION_CONTEXT(2) 
PARAMETRIC_REPRESENTATION_CONTEXT() REPRESENTATION_CONTEXT('2D SPACE',''
  ) );
#9394 = PCURVE('',#134,#9395);
#9395 = DEFINITIONAL_REPRESENTATION('',(#9396),#9400);
#9396 = LINE('',#9397,#9398);
#9397 = CARTESIAN_POINT('',(38.562850590351,0.));
#9398 = VECTOR('',#9399,1.);
#9399 = DIRECTION('',(0.,1.));
#9400 = ( GEOMETRIC_REPRESENTATION_CONTEXT(2) 
PARAMETRIC_REPRESENTATION_CONTEXT() REPRESENTATION_CONTEXT('2D SPACE',''
  ) );
#9401 = ORIENTED_EDGE('',*,*,#9402,.T.);
#9402 = EDGE_CURVE('',#9334,#9403,#9405,.T.);
#9403 = VERTEX_POINT('',#9404);
#9404 = CARTESIAN_POINT('',(20.883432165201,5.032023437752,22.));
#9405 = SURFACE_CURVE('',#9406,(#9425,#9447),.PCURVE_S1.);
#9406 = ( BOUNDED_CURVE() B_SPLINE_CURVE(9,(#9407,#9408,#9409,#9410,
    #9411,#9412,#9413,#9414,#9415,#9416,#9417,#9418,#9419,#9420,#9421,
#9422,#9423,#9424),.UNSPECIFIED.,.F.,.F.) B_SPLINE_CURVE_WITH_KNOTS((10,
    8,10),(79.879047831235,99.106767519195,118.33448720715),
.UNSPECIFIED.) CURVE() GEOMETRIC_REPRESENTATION_ITEM() 
RATIONAL_B_SPLINE_CURVE((1.,1.,1.,1.,1.,1.,1.,1.,1.,1.,1.,1.,1.,1.,1.,1.
,1.,1.)) REPRESENTATION_ITEM('') );
#9407 = CARTESIAN_POINT('',(44.58099026696,-14.79760675016,22.));
#9408 = CARTESIAN_POINT('',(44.580741364847,-13.04660237986,22.));
#9409 = CARTESIAN_POINT('',(44.434196592525,-11.33482954765,22.));
#9410 = CARTESIAN_POINT('',(44.120658081388,-9.67498311518,22.));
#9411 = CARTESIAN_POINT('',(43.624671472984,-8.087460860595,22.));
#9412 = CARTESIAN_POINT('',(42.925344765944,-6.588579269325,22.));
#9413 = CARTESIAN_POINT('',(42.031669496403,-5.214169745111,22.));
#9414 = CARTESIAN_POINT('',(40.968261336399,-3.954179698671,22.));
#9415 = CARTESIAN_POINT('',(39.742954995152,-2.802104293995,22.));
#9416 = CARTESIAN_POINT('',(36.985255670046,-0.692091995146,22.));
#9417 = CARTESIAN_POINT('',(35.452701581924,0.265702626475,22.));
#9418 = CARTESIAN_POINT('',(33.7742236432,1.137077089065,22.));
#9419 = CARTESIAN_POINT('',(31.952511364395,1.932747002725,22.));
#9420 = CARTESIAN_POINT('',(29.991002362936,2.660866539593,22.));
#9421 = CARTESIAN_POINT('',(27.895529488034,3.327825559864,22.));
#9422 = CARTESIAN_POINT('',(25.673626878301,3.940223759746,22.));
#9423 = CARTESIAN_POINT('',(23.333345931436,4.505916058009,22.));
#9424 = CARTESIAN_POINT('',(20.883432165201,5.032023437752,22.));
#9425 = PCURVE('',#2437,#9426);
#9426 = DEFINITIONAL_REPRESENTATION('',(#9427),#9446);
#9427 = B_SPLINE_CURVE_WITH_KNOTS('',9,(#9428,#9429,#9430,#9431,#9432,
    #9433,#9434,#9435,#9436,#9437,#9438,#9439,#9440,#9441,#9442,#9443,
    #9444,#9445),.UNSPECIFIED.,.F.,.F.,(10,8,10),(79.879047831235,
    99.106767519195,118.33448720715),.UNSPECIFIED.);
#9428 = CARTESIAN_POINT('',(56.000067378398,20.202393249832));
#9429 = CARTESIAN_POINT('',(55.999818476285,21.953397620132));
#9430 = CARTESIAN_POINT('',(55.853273703962,23.665170452342));
#9431 = CARTESIAN_POINT('',(55.539735192827,25.325016884821));
#9432 = CARTESIAN_POINT('',(55.043748584418,26.912539139404));
#9433 = CARTESIAN_POINT('',(54.344421877386,28.411420730676));
#9434 = CARTESIAN_POINT('',(53.450746607837,29.785830254888));
#9435 = CARTESIAN_POINT('',(52.387338447838,31.04582030133));
#9436 = CARTESIAN_POINT('',(51.162032106589,32.197895706004));
#9437 = CARTESIAN_POINT('',(48.404332781484,34.307908004854));
#9438 = CARTESIAN_POINT('',(46.871778693362,35.265702626474));
#9439 = CARTESIAN_POINT('',(45.193300754636,36.137077089066));
#9440 = CARTESIAN_POINT('',(43.371588475835,36.932747002724));
#9441 = CARTESIAN_POINT('',(41.410079474371,37.660866539594));
#9442 = CARTESIAN_POINT('',(39.314606599474,38.327825559863));
#9443 = CARTESIAN_POINT('',(37.092703989738,38.940223759746));
#9444 = CARTESIAN_POINT('',(34.752423042874,39.505916058008));
#9445 = CARTESIAN_POINT('',(32.302509276638,40.032023437752));
#9446 = ( GEOMETRIC_REPRESENTATION_CONTEXT(2) 
PARAMETRIC_REPRESENTATION_CONTEXT() REPRESENTATION_CONTEXT('2D SPACE',''
  ) );
#9447 = PCURVE('',#439,#9448);
#9448 = DEFINITIONAL_REPRESENTATION('',(#9449),#9453);
#9449 = LINE('',#9450,#9451);
#9450 = CARTESIAN_POINT('',(38.455439375921,0.));
#9451 = VECTOR('',#9452,1.);
#9452 = DIRECTION('',(0.,1.));
#9453 = ( GEOMETRIC_REPRESENTATION_CONTEXT(2) 
PARAMETRIC_REPRESENTATION_CONTEXT() REPRESENTATION_CONTEXT('2D SPACE',''
  ) );
#9454 = ORIENTED_EDGE('',*,*,#9455,.T.);
#9455 = EDGE_CURVE('',#9403,#9456,#9458,.T.);
#9456 = VERTEX_POINT('',#9457);
#9457 = CARTESIAN_POINT('',(18.583627477701,5.532023437752,22.));
#9458 = SURFACE_CURVE('',#9459,(#9463,#9470),.PCURVE_S1.);
#9459 = LINE('',#9460,#9461);
#9460 = CARTESIAN_POINT('',(20.883432165201,5.032023437752,22.));
#9461 = VECTOR('',#9462,1.);
#9462 = DIRECTION('',(-0.977172618868,0.212446870854,0.));
#9463 = PCURVE('',#2437,#9464);
#9464 = DEFINITIONAL_REPRESENTATION('',(#9465),#9469);
#9465 = LINE('',#9466,#9467);
#9466 = CARTESIAN_POINT('',(32.302509276638,40.032023437752));
#9467 = VECTOR('',#9468,1.);
#9468 = DIRECTION('',(-0.977172618868,0.212446870854));
#9469 = ( GEOMETRIC_REPRESENTATION_CONTEXT(2) 
PARAMETRIC_REPRESENTATION_CONTEXT() REPRESENTATION_CONTEXT('2D SPACE',''
  ) );
#9470 = PCURVE('',#655,#9471);
#9471 = DEFINITIONAL_REPRESENTATION('',(#9472),#9476);
#9472 = LINE('',#9473,#9474);
#9473 = CARTESIAN_POINT('',(-1.570796326795,0.));
#9474 = VECTOR('',#9475,1.);
#9475 = DIRECTION('',(-0.,1.));
#9476 = ( GEOMETRIC_REPRESENTATION_CONTEXT(2) 
PARAMETRIC_REPRESENTATION_CONTEXT() REPRESENTATION_CONTEXT('2D SPACE',''
  ) );
#9477 = ORIENTED_EDGE('',*,*,#9478,.T.);
#9478 = EDGE_CURVE('',#9456,#9479,#9481,.T.);
#9479 = VERTEX_POINT('',#9480);
#9480 = CARTESIAN_POINT('',(5.180984964826,16.386881414039,22.));
#9481 = SURFACE_CURVE('',#9482,(#9498,#9517),.PCURVE_S1.);
#9482 = ( BOUNDED_CURVE() B_SPLINE_CURVE(14,(#9483,#9484,#9485,#9486,
    #9487,#9488,#9489,#9490,#9491,#9492,#9493,#9494,#9495,#9496,#9497),
.UNSPECIFIED.,.F.,.F.) B_SPLINE_CURVE_WITH_KNOTS((15,15),(
120.68801681195,138.28895144998),.PIECEWISE_BEZIER_KNOTS.) CURVE() 
GEOMETRIC_REPRESENTATION_ITEM() RATIONAL_B_SPLINE_CURVE((1.,1.,
    1.000000000001,0.999999999998,1.000000000005,0.999999999993,
    1.000000000008,0.999999999993,1.000000000005,0.999999999998,
1.000000000001,1.,1.,1.,1.)) REPRESENTATION_ITEM('') );
#9483 = CARTESIAN_POINT('',(18.583627477701,5.532023437752,22.));
#9484 = CARTESIAN_POINT('',(16.751152739241,5.924766930061,22.));
#9485 = CARTESIAN_POINT('',(15.057316617832,6.343302809498,22.));
#9486 = CARTESIAN_POINT('',(13.498941314504,6.797118679599,
    21.999999999999));
#9487 = CARTESIAN_POINT('',(12.065150177451,7.279832664608,
    22.000000000002));
#9488 = CARTESIAN_POINT('',(10.767459239942,7.852186293282,
    21.999999999998));
#9489 = CARTESIAN_POINT('',(9.570897143047,8.388664583998,
    22.000000000003));
#9490 = CARTESIAN_POINT('',(8.488252207976,9.176567817566,
    21.999999999997));
#9491 = CARTESIAN_POINT('',(7.572736915534,9.818585082023,
    22.000000000003));
#9492 = CARTESIAN_POINT('',(6.623134388675,10.809340757443,
    21.999999999998));
#9493 = CARTESIAN_POINT('',(6.031475551629,11.843523438433,
    22.000000000001));
#9494 = CARTESIAN_POINT('',(5.571872366145,12.949950026413,
    21.999999999999));
#9495 = CARTESIAN_POINT('',(5.306166016271,14.086620915331,22.));
#9496 = CARTESIAN_POINT('',(5.182534952202,15.235646332733,22.));
#9497 = CARTESIAN_POINT('',(5.180984964826,16.386881414039,22.));
#9498 = PCURVE('',#2437,#9499);
#9499 = DEFINITIONAL_REPRESENTATION('',(#9500),#9516);
#9500 = B_SPLINE_CURVE_WITH_KNOTS('',14,(#9501,#9502,#9503,#9504,#9505,
    #9506,#9507,#9508,#9509,#9510,#9511,#9512,#9513,#9514,#9515),
  .UNSPECIFIED.,.F.,.F.,(15,15),(120.68801681195,138.28895144998),
  .PIECEWISE_BEZIER_KNOTS.);
#9501 = CARTESIAN_POINT('',(30.002704589138,40.532023437752));
#9502 = CARTESIAN_POINT('',(28.170229850669,40.92476693005));
#9503 = CARTESIAN_POINT('',(26.47639372931,41.343302809548));
#9504 = CARTESIAN_POINT('',(24.918018425834,41.797118679464));
#9505 = CARTESIAN_POINT('',(23.484227289096,42.279832664871));
#9506 = CARTESIAN_POINT('',(22.186536351069,42.852186292894));
#9507 = CARTESIAN_POINT('',(20.989974254856,43.388664584447));
#9508 = CARTESIAN_POINT('',(19.907329319052,44.176567817149));
#9509 = CARTESIAN_POINT('',(18.991814027261,44.818585082336));
#9510 = CARTESIAN_POINT('',(18.042211499923,45.80934075725));
#9511 = CARTESIAN_POINT('',(17.450552663169,46.843523438531));
#9512 = CARTESIAN_POINT('',(16.990949477539,47.949950026373));
#9513 = CARTESIAN_POINT('',(16.725243127723,49.086620915344));
#9514 = CARTESIAN_POINT('',(16.601612063636,50.235646332731));
#9515 = CARTESIAN_POINT('',(16.600062076264,51.386881414039));
#9516 = ( GEOMETRIC_REPRESENTATION_CONTEXT(2) 
PARAMETRIC_REPRESENTATION_CONTEXT() REPRESENTATION_CONTEXT('2D SPACE',''
  ) );
#9517 = PCURVE('',#771,#9518);
#9518 = DEFINITIONAL_REPRESENTATION('',(#9519),#9523);
#9519 = LINE('',#9520,#9521);
#9520 = CARTESIAN_POINT('',(17.600934638035,0.));
#9521 = VECTOR('',#9522,1.);
#9522 = DIRECTION('',(0.,1.));
#9523 = ( GEOMETRIC_REPRESENTATION_CONTEXT(2) 
PARAMETRIC_REPRESENTATION_CONTEXT() REPRESENTATION_CONTEXT('2D SPACE',''
  ) );
#9524 = ORIENTED_EDGE('',*,*,#9525,.T.);
#9525 = EDGE_CURVE('',#9479,#9526,#9528,.T.);
#9526 = VERTEX_POINT('',#9527);
#9527 = CARTESIAN_POINT('',(18.282241546186,26.200129458614,22.));
#9528 = SURFACE_CURVE('',#9529,(#9558,#9590),.PCURVE_S1.);
#9529 = ( BOUNDED_CURVE() B_SPLINE_CURVE(14,(#9530,#9531,#9532,#9533,
    #9534,#9535,#9536,#9537,#9538,#9539,#9540,#9541,#9542,#9543,#9544,
    #9545,#9546,#9547,#9548,#9549,#9550,#9551,#9552,#9553,#9554,#9555,
#9556,#9557),.UNSPECIFIED.,.F.,.F.) B_SPLINE_CURVE_WITH_KNOTS((15,13,15)
  ,(138.28895144998,138.33180516474,155.97145996315),.UNSPECIFIED.) 
CURVE() GEOMETRIC_REPRESENTATION_ITEM() RATIONAL_B_SPLINE_CURVE((1.,
    1.000000000001,0.999999999994,1.000000000017,0.999999999964,
    1.000000000059,0.999999999923,1.000000000082,0.999999999928,
    1.000000000052,0.99999999997,1.000000000013,0.999999999996,1.,
    0.999999999999,1.000000000001,0.999999999999,1.000000000002,
    0.999999999998,1.000000000002,0.999999999997,1.000000000003,
    0.999999999998,1.000000000002,0.999999999999,1.,1.,1.)) 
REPRESENTATION_ITEM('') );
#9530 = CARTESIAN_POINT('',(5.180984964826,16.386881414039,22.));
#9531 = CARTESIAN_POINT('',(5.18098119101,16.389684373132,22.));
#9532 = CARTESIAN_POINT('',(5.180978108047,16.39248734474,
    22.000000000001));
#9533 = CARTESIAN_POINT('',(5.180975716221,16.395290328751,
    21.999999999998));
#9534 = CARTESIAN_POINT('',(5.180974015694,16.398093325034,
    22.000000000004));
#9535 = CARTESIAN_POINT('',(5.180973006901,16.400896333495,
    21.999999999994));
#9536 = CARTESIAN_POINT('',(5.180972689787,16.403699353984,
    22.000000000008));
#9537 = CARTESIAN_POINT('',(5.180973065022,16.406502386422,
    21.999999999991));
#9538 = CARTESIAN_POINT('',(5.180974132375,16.409305430652,
    22.000000000008));
#9539 = CARTESIAN_POINT('',(5.180975892561,16.412108486591,
    21.999999999994));
#9540 = CARTESIAN_POINT('',(5.180978345458,16.414911554098,
    22.000000000004));
#9541 = CARTESIAN_POINT('',(5.180981491564,16.417714633067,
    21.999999999998));
#9542 = CARTESIAN_POINT('',(5.180985330997,16.420517723377,
    22.000000000001));
#9543 = CARTESIAN_POINT('',(5.180989864063,16.423320824912,22.));
#9544 = CARTESIAN_POINT('',(5.183146626996,17.579954816171,22.));
#9545 = CARTESIAN_POINT('',(5.302812875455,18.739864600683,22.));
#9546 = CARTESIAN_POINT('',(5.559646002209,19.894106915933,22.));
#9547 = CARTESIAN_POINT('',(5.974991473358,21.034649199149,
    21.999999999999));
#9548 = CARTESIAN_POINT('',(6.59174348339,22.088153053985,
    22.000000000001));
#9549 = CARTESIAN_POINT('',(7.348461404805,23.135828584907,
    21.999999999999));
#9550 = CARTESIAN_POINT('',(8.4498088992,23.948208133384,22.000000000001
    ));
#9551 = CARTESIAN_POINT('',(9.475598379988,24.623378019005,
    21.999999999999));
#9552 = CARTESIAN_POINT('',(10.771193800966,25.198198959037,
    22.000000000001));
#9553 = CARTESIAN_POINT('',(12.101135938799,25.612241853203,22.));
#9554 = CARTESIAN_POINT('',(13.561580260145,25.921968768965,22.));
#9555 = CARTESIAN_POINT('',(15.092945661955,26.111561631969,22.));
#9556 = CARTESIAN_POINT('',(16.677503083804,26.200223067753,22.));
#9557 = CARTESIAN_POINT('',(18.282241546186,26.200129458614,22.));
#9558 = PCURVE('',#2437,#9559);
#9559 = DEFINITIONAL_REPRESENTATION('',(#9560),#9589);
#9560 = B_SPLINE_CURVE_WITH_KNOTS('',14,(#9561,#9562,#9563,#9564,#9565,
    #9566,#9567,#9568,#9569,#9570,#9571,#9572,#9573,#9574,#9575,#9576,
    #9577,#9578,#9579,#9580,#9581,#9582,#9583,#9584,#9585,#9586,#9587,
    #9588),.UNSPECIFIED.,.F.,.F.,(15,13,15),(138.28895144998,
    138.33180516474,155.97145996315),.UNSPECIFIED.);
#9561 = CARTESIAN_POINT('',(16.600062076264,51.386881414039));
#9562 = CARTESIAN_POINT('',(16.600058302468,51.389684373203));
#9563 = CARTESIAN_POINT('',(16.600055219388,51.392487344411));
#9564 = CARTESIAN_POINT('',(16.600052827932,51.395290329679));
#9565 = CARTESIAN_POINT('',(16.600051126563,51.398093323106));
#9566 = CARTESIAN_POINT('',(16.600050119267,51.400896336637));
#9567 = CARTESIAN_POINT('',(16.600049800004,51.403699349857));
#9568 = CARTESIAN_POINT('',(16.60005017777,51.406502390849));
#9569 = CARTESIAN_POINT('',(16.600051242659,51.40930542676));
#9570 = CARTESIAN_POINT('',(16.600053004827,51.412108489383));
#9571 = CARTESIAN_POINT('',(16.600055456418,51.414911552495));
#9572 = CARTESIAN_POINT('',(16.600058603212,51.417714633773));
#9573 = CARTESIAN_POINT('',(16.600062442371,51.420517723168));
#9574 = CARTESIAN_POINT('',(16.600066975506,51.423320824931));
#9575 = CARTESIAN_POINT('',(16.602223738421,52.57995481613));
#9576 = CARTESIAN_POINT('',(16.721889986916,53.739864600758));
#9577 = CARTESIAN_POINT('',(16.978723113609,54.894106915819));
#9578 = CARTESIAN_POINT('',(17.394068584852,56.034649199304));
#9579 = CARTESIAN_POINT('',(18.010820594749,57.088153053786));
#9580 = CARTESIAN_POINT('',(18.767538516344,58.13582858515));
#9581 = CARTESIAN_POINT('',(19.868886010518,58.948208133115));
#9582 = CARTESIAN_POINT('',(20.894675491543,59.623378019263));
#9583 = CARTESIAN_POINT('',(22.190270912307,60.198198958832));
#9584 = CARTESIAN_POINT('',(23.520213050301,60.612241853335));
#9585 = CARTESIAN_POINT('',(24.980657371549,60.921968768899));
#9586 = CARTESIAN_POINT('',(26.512022773405,61.111561631993));
#9587 = CARTESIAN_POINT('',(28.096580195238,61.200223067748));
#9588 = CARTESIAN_POINT('',(29.701318657624,61.200129458614));
#9589 = ( GEOMETRIC_REPRESENTATION_CONTEXT(2) 
PARAMETRIC_REPRESENTATION_CONTEXT() REPRESENTATION_CONTEXT('2D SPACE',''
  ) );
#9590 = PCURVE('',#1020,#9591);
#9591 = DEFINITIONAL_REPRESENTATION('',(#9592),#9596);
#9592 = LINE('',#9593,#9594);
#9593 = CARTESIAN_POINT('',(17.682508513168,0.));
#9594 = VECTOR('',#9595,1.);
#9595 = DIRECTION('',(0.,1.));
#9596 = ( GEOMETRIC_REPRESENTATION_CONTEXT(2) 
PARAMETRIC_REPRESENTATION_CONTEXT() REPRESENTATION_CONTEXT('2D SPACE',''
  ) );
#9597 = ORIENTED_EDGE('',*,*,#9598,.T.);
#9598 = EDGE_CURVE('',#9526,#9599,#9601,.T.);
#9599 = VERTEX_POINT('',#9600);
#9600 = CARTESIAN_POINT('',(32.580857784396,13.599934895833,22.));
#9601 = SURFACE_CURVE('',#9602,(#9618,#9637),.PCURVE_S1.);
#9602 = ( BOUNDED_CURVE() B_SPLINE_CURVE(14,(#9603,#9604,#9605,#9606,
    #9607,#9608,#9609,#9610,#9611,#9612,#9613,#9614,#9615,#9616,#9617),
.UNSPECIFIED.,.F.,.F.) B_SPLINE_CURVE_WITH_KNOTS((15,15),(
155.97145996315,173.61717294533),.PIECEWISE_BEZIER_KNOTS.) CURVE() 
GEOMETRIC_REPRESENTATION_ITEM() RATIONAL_B_SPLINE_CURVE((1.,1.,
    1.000000000002,0.999999999995,1.000000000012,0.99999999998,
    1.000000000028,0.999999999969,1.000000000029,0.999999999979,
    1.000000000013,0.999999999994,1.000000000002,1.,1.)) 
REPRESENTATION_ITEM('') );
#9603 = CARTESIAN_POINT('',(18.282241546186,26.200129458614,22.));
#9604 = CARTESIAN_POINT('',(19.887531141829,26.200035817328,22.));
#9605 = CARTESIAN_POINT('',(21.51406973604,26.111082350215,22.));
#9606 = CARTESIAN_POINT('',(23.123471589914,25.914352275114,22.));
#9607 = CARTESIAN_POINT('',(24.683591064946,25.578851871079,
    22.000000000001));
#9608 = CARTESIAN_POINT('',(26.153433404465,25.126805922195,
    21.999999999999));
#9609 = CARTESIAN_POINT('',(27.558200881673,24.445117245,22.000000000003
    ));
#9610 = CARTESIAN_POINT('',(28.758007567369,23.698430844728,
    21.999999999996));
#9611 = CARTESIAN_POINT('',(29.962786455212,22.641213243022,
    22.000000000004));
#9612 = CARTESIAN_POINT('',(30.80597364754,21.452223144931,
    21.999999999996));
#9613 = CARTESIAN_POINT('',(31.541592037118,20.145199970873,
    22.000000000002));
#9614 = CARTESIAN_POINT('',(32.05909503313,18.700875689501,
    21.999999999999));
#9615 = CARTESIAN_POINT('',(32.407876067035,17.135281253105,22.));
#9616 = CARTESIAN_POINT('',(32.580857784398,15.43699183323,22.));
#9617 = CARTESIAN_POINT('',(32.580857784396,13.599934895833,22.));
#9618 = PCURVE('',#2437,#9619);
#9619 = DEFINITIONAL_REPRESENTATION('',(#9620),#9636);
#9620 = B_SPLINE_CURVE_WITH_KNOTS('',14,(#9621,#9622,#9623,#9624,#9625,
    #9626,#9627,#9628,#9629,#9630,#9631,#9632,#9633,#9634,#9635),
  .UNSPECIFIED.,.F.,.F.,(15,15),(155.97145996315,173.61717294533),
  .PIECEWISE_BEZIER_KNOTS.);
#9621 = CARTESIAN_POINT('',(29.701318657624,61.200129458614));
#9622 = CARTESIAN_POINT('',(31.306608253253,61.200035817314));
#9623 = CARTESIAN_POINT('',(32.933146847543,61.111082350278));
#9624 = CARTESIAN_POINT('',(34.542548701152,60.914352274931));
#9625 = CARTESIAN_POINT('',(36.102668176839,60.578851871485));
#9626 = CARTESIAN_POINT('',(37.572510515082,60.126805921485));
#9627 = CARTESIAN_POINT('',(38.977277994298,59.445117245986));
#9628 = CARTESIAN_POINT('',(40.177084677419,58.698430843631));
#9629 = CARTESIAN_POINT('',(41.381863567967,57.641213243993));
#9630 = CARTESIAN_POINT('',(42.225050757969,56.452223144245));
#9631 = CARTESIAN_POINT('',(42.960669149176,55.145199971258));
#9632 = CARTESIAN_POINT('',(43.478172144269,53.700875689333));
#9633 = CARTESIAN_POINT('',(43.826953178578,52.135281253159));
#9634 = CARTESIAN_POINT('',(43.999934895813,50.43699183322));
#9635 = CARTESIAN_POINT('',(43.999934895833,48.599934895833));
#9636 = ( GEOMETRIC_REPRESENTATION_CONTEXT(2) 
PARAMETRIC_REPRESENTATION_CONTEXT() REPRESENTATION_CONTEXT('2D SPACE',''
  ) );
#9637 = PCURVE('',#1349,#9638);
#9638 = DEFINITIONAL_REPRESENTATION('',(#9639),#9643);
#9639 = LINE('',#9640,#9641);
#9640 = CARTESIAN_POINT('',(17.645712982182,0.));
#9641 = VECTOR('',#9642,1.);
#9642 = DIRECTION('',(0.,1.));
#9643 = ( GEOMETRIC_REPRESENTATION_CONTEXT(2) 
PARAMETRIC_REPRESENTATION_CONTEXT() REPRESENTATION_CONTEXT('2D SPACE',''
  ) );
#9644 = ORIENTED_EDGE('',*,*,#9645,.T.);
#9645 = EDGE_CURVE('',#9599,#9646,#9648,.T.);
#9646 = VERTEX_POINT('',#9647);
#9647 = CARTESIAN_POINT('',(32.580857784396,11.999934895833,22.));
#9648 = SURFACE_CURVE('',#9649,(#9653,#9660),.PCURVE_S1.);
#9649 = LINE('',#9650,#9651);
#9650 = CARTESIAN_POINT('',(32.580857784396,13.599934895833,22.));
#9651 = VECTOR('',#9652,1.);
#9652 = DIRECTION('',(0.,-1.,0.));
#9653 = PCURVE('',#2437,#9654);
#9654 = DEFINITIONAL_REPRESENTATION('',(#9655),#9659);
#9655 = LINE('',#9656,#9657);
#9656 = CARTESIAN_POINT('',(43.999934895833,48.599934895833));
#9657 = VECTOR('',#9658,1.);
#9658 = DIRECTION('',(0.,-1.));
#9659 = ( GEOMETRIC_REPRESENTATION_CONTEXT(2) 
PARAMETRIC_REPRESENTATION_CONTEXT() REPRESENTATION_CONTEXT('2D SPACE',''
  ) );
#9660 = PCURVE('',#1546,#9661);
#9661 = DEFINITIONAL_REPRESENTATION('',(#9662),#9666);
#9662 = LINE('',#9663,#9664);
#9663 = CARTESIAN_POINT('',(-1.570796326795,0.));
#9664 = VECTOR('',#9665,1.);
#9665 = DIRECTION('',(-0.,1.));
#9666 = ( GEOMETRIC_REPRESENTATION_CONTEXT(2) 
PARAMETRIC_REPRESENTATION_CONTEXT() REPRESENTATION_CONTEXT('2D SPACE',''
  ) );
#9667 = ORIENTED_EDGE('',*,*,#9668,.T.);
#9668 = EDGE_CURVE('',#9646,#9669,#9671,.T.);
#9669 = VERTEX_POINT('',#9670);
#9670 = CARTESIAN_POINT('',(42.780857784396,11.999934895833,22.));
#9671 = SURFACE_CURVE('',#9672,(#9676,#9683),.PCURVE_S1.);
#9672 = LINE('',#9673,#9674);
#9673 = CARTESIAN_POINT('',(31.180857784396,11.999934895833,22.));
#9674 = VECTOR('',#9675,1.);
#9675 = DIRECTION('',(1.,0.,0.));
#9676 = PCURVE('',#2437,#9677);
#9677 = DEFINITIONAL_REPRESENTATION('',(#9678),#9682);
#9678 = LINE('',#9679,#9680);
#9679 = CARTESIAN_POINT('',(42.599934895833,46.999934895833));
#9680 = VECTOR('',#9681,1.);
#9681 = DIRECTION('',(1.,0.));
#9682 = ( GEOMETRIC_REPRESENTATION_CONTEXT(2) 
PARAMETRIC_REPRESENTATION_CONTEXT() REPRESENTATION_CONTEXT('2D SPACE',''
  ) );
#9683 = PCURVE('',#1632,#9684);
#9684 = DEFINITIONAL_REPRESENTATION('',(#9685),#9689);
#9685 = LINE('',#9686,#9687);
#9686 = CARTESIAN_POINT('',(-1.570796326795,0.));
#9687 = VECTOR('',#9688,1.);
#9688 = DIRECTION('',(-0.,1.));
#9689 = ( GEOMETRIC_REPRESENTATION_CONTEXT(2) 
PARAMETRIC_REPRESENTATION_CONTEXT() REPRESENTATION_CONTEXT('2D SPACE',''
  ) );
#9690 = ORIENTED_EDGE('',*,*,#9691,.T.);
#9691 = EDGE_CURVE('',#9669,#9692,#9694,.T.);
#9692 = VERTEX_POINT('',#9693);
#9693 = CARTESIAN_POINT('',(42.780857784396,13.599934895833,22.));
#9694 = SURFACE_CURVE('',#9695,(#9699,#9706),.PCURVE_S1.);
#9695 = LINE('',#9696,#9697);
#9696 = CARTESIAN_POINT('',(42.780857784396,10.599934895833,22.));
#9697 = VECTOR('',#9698,1.);
#9698 = DIRECTION('',(0.,1.,0.));
#9699 = PCURVE('',#2437,#9700);
#9700 = DEFINITIONAL_REPRESENTATION('',(#9701),#9705);
#9701 = LINE('',#9702,#9703);
#9702 = CARTESIAN_POINT('',(54.199934895833,45.599934895833));
#9703 = VECTOR('',#9704,1.);
#9704 = DIRECTION('',(0.,1.));
#9705 = ( GEOMETRIC_REPRESENTATION_CONTEXT(2) 
PARAMETRIC_REPRESENTATION_CONTEXT() REPRESENTATION_CONTEXT('2D SPACE',''
  ) );
#9706 = PCURVE('',#1718,#9707);
#9707 = DEFINITIONAL_REPRESENTATION('',(#9708),#9712);
#9708 = LINE('',#9709,#9710);
#9709 = CARTESIAN_POINT('',(-1.570796326795,0.));
#9710 = VECTOR('',#9711,1.);
#9711 = DIRECTION('',(-0.,1.));
#9712 = ( GEOMETRIC_REPRESENTATION_CONTEXT(2) 
PARAMETRIC_REPRESENTATION_CONTEXT() REPRESENTATION_CONTEXT('2D SPACE',''
  ) );
#9713 = ORIENTED_EDGE('',*,*,#9714,.T.);
#9714 = EDGE_CURVE('',#9692,#2390,#9715,.T.);
#9715 = SURFACE_CURVE('',#9716,(#9731,#9773),.PCURVE_S1.);
#9716 = ( BOUNDED_CURVE() B_SPLINE_CURVE(13,(#9717,#9718,#9719,#9720,
    #9721,#9722,#9723,#9724,#9725,#9726,#9727,#9728,#9729,#9730),
.UNSPECIFIED.,.F.,.F.) B_SPLINE_CURVE_WITH_KNOTS((14,14),(3.,
39.500933407385),.PIECEWISE_BEZIER_KNOTS.) CURVE() 
GEOMETRIC_REPRESENTATION_ITEM() RATIONAL_B_SPLINE_CURVE((1.,1.,1.,
    0.999999999999,1.000000000002,0.999999999997,1.000000000004,
    0.999999999996,1.000000000003,0.999999999998,1.000000000001,1.,1.,1.
)) REPRESENTATION_ITEM('') );
#9717 = CARTESIAN_POINT('',(42.780857784396,13.599934895833,22.));
#9718 = CARTESIAN_POINT('',(42.780857784396,16.952631203538,22.));
#9719 = CARTESIAN_POINT('',(42.380474587915,19.994788494453,22.));
#9720 = CARTESIAN_POINT('',(41.607953571108,22.727174460647,22.));
#9721 = CARTESIAN_POINT('',(40.510125519873,25.154727138724,22.));
#9722 = CARTESIAN_POINT('',(39.069595568815,27.302263194027,22.));
#9723 = CARTESIAN_POINT('',(37.42560554305,29.161127150372,22.));
#9724 = CARTESIAN_POINT('',(35.373276368147,30.918523159209,22.));
#9725 = CARTESIAN_POINT('',(33.008674927983,32.290067820266,22.));
#9726 = CARTESIAN_POINT('',(30.364185257466,33.434466067769,22.));
#9727 = CARTESIAN_POINT('',(27.486089415813,34.244089299858,22.));
#9728 = CARTESIAN_POINT('',(24.455986571222,34.762124549393,22.));
#9729 = CARTESIAN_POINT('',(21.357013925582,34.999955406109,22.));
#9730 = CARTESIAN_POINT('',(18.280792680229,35.000065712128,22.));
#9731 = PCURVE('',#2437,#9732);
#9732 = DEFINITIONAL_REPRESENTATION('',(#9733),#9772);
#9733 = B_SPLINE_CURVE_WITH_KNOTS('',10,(#9734,#9735,#9736,#9737,#9738,
    #9739,#9740,#9741,#9742,#9743,#9744,#9745,#9746,#9747,#9748,#9749,
    #9750,#9751,#9752,#9753,#9754,#9755,#9756,#9757,#9758,#9759,#9760,
    #9761,#9762,#9763,#9764,#9765,#9766,#9767,#9768,#9769,#9770,#9771),
  .UNSPECIFIED.,.F.,.F.,(11,9,9,9,11),(3.,21.250466703692,
    30.375700055539,34.938316731462,39.500933407385),.UNSPECIFIED.);
#9734 = CARTESIAN_POINT('',(54.199934895833,48.599934895833));
#9735 = CARTESIAN_POINT('',(54.199934895831,50.779187495839));
#9736 = CARTESIAN_POINT('',(54.026468399617,52.823681134118));
#9737 = CARTESIAN_POINT('',(53.688176862429,54.734537287861));
#9738 = CARTESIAN_POINT('',(53.195278548373,56.511552485485));
#9739 = CARTESIAN_POINT('',(52.557606155393,58.158578315398));
#9740 = CARTESIAN_POINT('',(51.782380947893,59.683222619651));
#9741 = CARTESIAN_POINT('',(50.872755417594,61.093470387924));
#9742 = CARTESIAN_POINT('',(49.828156501445,62.393822873737));
#9743 = CARTESIAN_POINT('',(48.647461376851,63.583553448183));
#9744 = CARTESIAN_POINT('',(46.680326104312,65.197741343879));
#9745 = CARTESIAN_POINT('',(45.991891207678,65.707430471084));
#9746 = CARTESIAN_POINT('',(45.27121068276,66.188363968332));
#9747 = CARTESIAN_POINT('',(44.51905643535,66.640049343836));
#9748 = CARTESIAN_POINT('',(43.736486500687,67.061939351094));
#9749 = CARTESIAN_POINT('',(42.924836777663,67.453487601213));
#9750 = CARTESIAN_POINT('',(42.085712763386,67.814204174477));
#9751 = CARTESIAN_POINT('',(41.220981287376,68.143711232786));
#9752 = CARTESIAN_POINT('',(40.332762246074,68.441798631301));
#9753 = CARTESIAN_POINT('',(38.968749382653,68.841819980328));
#9754 = CARTESIAN_POINT('',(38.508792741914,68.967306345984));
#9755 = CARTESIAN_POINT('',(38.043845180158,69.08493317046));
#9756 = CARTESIAN_POINT('',(37.574213176051,69.194707878496));
#9757 = CARTESIAN_POINT('',(37.10021492141,69.296650776415));
#9758 = CARTESIAN_POINT('',(36.622180321618,69.390795052596));
#9759 = CARTESIAN_POINT('',(36.140450995121,69.47718677694));
#9760 = CARTESIAN_POINT('',(35.655380273911,69.555884901331));
#9761 = CARTESIAN_POINT('',(35.167333203159,69.626961259334));
#9762 = CARTESIAN_POINT('',(34.186039879704,69.754039873344));
#9763 = CARTESIAN_POINT('',(33.693058485243,69.810050549552));
#9764 = CARTESIAN_POINT('',(33.195651045791,69.858569517408));
#9765 = CARTESIAN_POINT('',(32.705378222715,69.899809120369));
#9766 = CARTESIAN_POINT('',(32.190794268605,69.933894042846));
#9767 = CARTESIAN_POINT('',(31.713514212234,69.960367449955));
#9768 = CARTESIAN_POINT('',(31.193951875677,69.98076401191));
#9769 = CARTESIAN_POINT('',(30.700329306415,69.993549273845));
#9770 = CARTESIAN_POINT('',(30.201060463176,70.000047779792));
#9771 = CARTESIAN_POINT('',(29.701174510807,70.000065712128));
#9772 = ( GEOMETRIC_REPRESENTATION_CONTEXT(2) 
PARAMETRIC_REPRESENTATION_CONTEXT() REPRESENTATION_CONTEXT('2D SPACE',''
  ) );
#9773 = PCURVE('',#1833,#9774);
#9774 = DEFINITIONAL_REPRESENTATION('',(#9775),#9779);
#9775 = LINE('',#9776,#9777);
#9776 = CARTESIAN_POINT('',(36.500933407385,0.));
#9777 = VECTOR('',#9778,1.);
#9778 = DIRECTION('',(0.,1.));
#9779 = ( GEOMETRIC_REPRESENTATION_CONTEXT(2) 
PARAMETRIC_REPRESENTATION_CONTEXT() REPRESENTATION_CONTEXT('2D SPACE',''
  ) );
#9780 = ORIENTED_EDGE('',*,*,#2410,.T.);
#9781 = ORIENTED_EDGE('',*,*,#2587,.T.);
#9782 = ORIENTED_EDGE('',*,*,#2757,.T.);
#9783 = ORIENTED_EDGE('',*,*,#2960,.T.);
#9784 = ORIENTED_EDGE('',*,*,#3184,.T.);
#9785 = ORIENTED_EDGE('',*,*,#3376,.T.);
#9786 = ORIENTED_EDGE('',*,*,#3512,.T.);
#9787 = ORIENTED_EDGE('',*,*,#3604,.T.);
#9788 = ADVANCED_FACE('',(#9789),#2208,.F.);
#9789 = FACE_BOUND('',#9790,.F.);
#9790 = EDGE_LOOP('',(#9791,#9899,#9900,#9901,#9902,#9903,#9904));
#9791 = ORIENTED_EDGE('',*,*,#9792,.T.);
#9792 = EDGE_CURVE('',#6237,#2193,#9793,.T.);
#9793 = SURFACE_CURVE('',#9794,(#9827,#9863),.PCURVE_S1.);
#9794 = B_SPLINE_CURVE_WITH_KNOTS('',6,(#9795,#9796,#9797,#9798,#9799,
    #9800,#9801,#9802,#9803,#9804,#9805,#9806,#9807,#9808,#9809,#9810,
    #9811,#9812,#9813,#9814,#9815,#9816,#9817,#9818,#9819,#9820,#9821,
    #9822,#9823,#9824,#9825,#9826),.UNSPECIFIED.,.F.,.F.,(7,5,5,5,5,5,7)
  ,(0.,0.202949479903,0.301807264145,0.493826260042,0.686320720351,
    0.786814293882,1.),.UNSPECIFIED.);
#9795 = CARTESIAN_POINT('',(3.918979455187,-0.777146565169,16.));
#9796 = CARTESIAN_POINT('',(3.286023278148,-0.458694261423,16.));
#9797 = CARTESIAN_POINT('',(2.662259556513,-0.122071642295,16.));
#9798 = CARTESIAN_POINT('',(2.049230112886,0.234341938734,16.));
#9799 = CARTESIAN_POINT('',(1.448979522406,0.612169485882,16.));
#9800 = CARTESIAN_POINT('',(0.864010307404,1.012963773182,16.));
#9801 = CARTESIAN_POINT('',(2.096152674957E-02,1.644920391059,16.));
#9802 = CARTESIAN_POINT('',(-0.250886109343,1.857645767957,16.));
#9803 = CARTESIAN_POINT('',(-0.518108547861,2.076227619619,16.));
#9804 = CARTESIAN_POINT('',(-0.780354917393,2.30077097856,16.));
#9805 = CARTESIAN_POINT('',(-1.037262872032,2.531344535688,16.));
#9806 = CARTESIAN_POINT('',(-1.776403006331,3.22758405547,16.));
#9807 = CARTESIAN_POINT('',(-2.242907069812,3.710109048063,16.));
#9808 = CARTESIAN_POINT('',(-2.685146176945,4.215567308644,16.));
#9809 = CARTESIAN_POINT('',(-3.100512603618,4.74344766688,16.));
#9810 = CARTESIAN_POINT('',(-3.486901360226,5.292478055923,16.));
#9811 = CARTESIAN_POINT('',(-4.199846779734,6.429799507257,16.));
#9812 = CARTESIAN_POINT('',(-4.526348098126,7.018335448667,16.));
#9813 = CARTESIAN_POINT('',(-4.821016355185,7.623831252316,16.));
#9814 = CARTESIAN_POINT('',(-5.083612565589,8.24382174498,16.));
#9815 = CARTESIAN_POINT('',(-5.314768343997,8.875729651374,16.));
#9816 = CARTESIAN_POINT('',(-5.620559649311,9.851791181132,16.));
#9817 = CARTESIAN_POINT('',(-5.717209613285,10.189159489016,16.));
#9818 = CARTESIAN_POINT('',(-5.805800442424,10.528777849835,16.));
#9819 = CARTESIAN_POINT('',(-5.886550270969,10.87033609096,16.));
#9820 = CARTESIAN_POINT('',(-5.959704759141,11.213551175223,16.));
#9821 = CARTESIAN_POINT('',(-6.165147126808,12.289242687447,16.));
#9822 = CARTESIAN_POINT('',(-6.271742960044,13.026577245979,16.));
#9823 = CARTESIAN_POINT('',(-6.347816531946,13.767883111451,16.));
#9824 = CARTESIAN_POINT('',(-6.396081914801,14.511341140089,16.));
#9825 = CARTESIAN_POINT('',(-6.419077111437,15.255643224583,16.));
#9826 = CARTESIAN_POINT('',(-6.419077111437,16.,16.));
#9827 = PCURVE('',#2208,#9828);
#9828 = DEFINITIONAL_REPRESENTATION('',(#9829),#9862);
#9829 = B_SPLINE_CURVE_WITH_KNOTS('',6,(#9830,#9831,#9832,#9833,#9834,
    #9835,#9836,#9837,#9838,#9839,#9840,#9841,#9842,#9843,#9844,#9845,
    #9846,#9847,#9848,#9849,#9850,#9851,#9852,#9853,#9854,#9855,#9856,
    #9857,#9858,#9859,#9860,#9861),.UNSPECIFIED.,.F.,.F.,(7,5,5,5,5,5,7)
  ,(0.,0.202949479903,0.301807264145,0.493826260042,0.686320720351,
    0.786814293882,1.),.UNSPECIFIED.);
#9830 = CARTESIAN_POINT('',(0.658319960244,-16.));
#9831 = CARTESIAN_POINT('',(0.637446801857,-16.));
#9832 = CARTESIAN_POINT('',(0.616167734634,-16.));
#9833 = CARTESIAN_POINT('',(0.59447376777,-16.));
#9834 = CARTESIAN_POINT('',(0.572367342966,-16.));
#9835 = CARTESIAN_POINT('',(0.549864609714,-16.));
#9836 = CARTESIAN_POINT('',(0.515862525516,-16.));
#9837 = CARTESIAN_POINT('',(0.504639564294,-16.));
#9838 = CARTESIAN_POINT('',(0.493335481833,-16.));
#9839 = CARTESIAN_POINT('',(0.481955923726,-16.));
#9840 = CARTESIAN_POINT('',(0.470507921756,-16.));
#9841 = CARTESIAN_POINT('',(0.436647287997,-16.));
#9842 = CARTESIAN_POINT('',(0.414064632384,-16.));
#9843 = CARTESIAN_POINT('',(0.391321356818,-16.));
#9844 = CARTESIAN_POINT('',(0.36849902473,-16.));
#9845 = CARTESIAN_POINT('',(0.345690875451,-16.));
#9846 = CARTESIAN_POINT('',(0.300252938943,-16.));
#9847 = CARTESIAN_POINT('',(0.277617657312,-16.));
#9848 = CARTESIAN_POINT('',(0.255198094568,-16.));
#9849 = CARTESIAN_POINT('',(0.233079375329,-16.));
#9850 = CARTESIAN_POINT('',(0.211329327435,-16.));
#9851 = CARTESIAN_POINT('',(0.178864820673,-16.));
#9852 = CARTESIAN_POINT('',(0.167843315446,-16.));
#9853 = CARTESIAN_POINT('',(0.156942005426,-16.));
#9854 = CARTESIAN_POINT('',(0.146165691765,-16.));
#9855 = CARTESIAN_POINT('',(0.135517679268,-16.));
#9856 = CARTESIAN_POINT('',(0.102687937619,-16.));
#9857 = CARTESIAN_POINT('',(8.096420103669E-02,-16.));
#9858 = CARTESIAN_POINT('',(5.984432134612E-02,-16.));
#9859 = CARTESIAN_POINT('',(3.932334996603E-02,-16.));
#9860 = CARTESIAN_POINT('',(1.938409384127E-02,-16.));
#9861 = CARTESIAN_POINT('',(0.,-16.));
#9862 = ( GEOMETRIC_REPRESENTATION_CONTEXT(2) 
PARAMETRIC_REPRESENTATION_CONTEXT() REPRESENTATION_CONTEXT('2D SPACE',''
  ) );
#9863 = PCURVE('',#2251,#9864);
#9864 = DEFINITIONAL_REPRESENTATION('',(#9865),#9898);
#9865 = B_SPLINE_CURVE_WITH_KNOTS('',6,(#9866,#9867,#9868,#9869,#9870,
    #9871,#9872,#9873,#9874,#9875,#9876,#9877,#9878,#9879,#9880,#9881,
    #9882,#9883,#9884,#9885,#9886,#9887,#9888,#9889,#9890,#9891,#9892,
    #9893,#9894,#9895,#9896,#9897),.UNSPECIFIED.,.F.,.F.,(7,5,5,5,5,5,7)
  ,(0.,0.202949479903,0.301807264145,0.493826260042,0.686320720351,
    0.786814293882,1.),.UNSPECIFIED.);
#9866 = CARTESIAN_POINT('',(51.799869791667,41.502866475664));
#9867 = CARTESIAN_POINT('',(51.166913614627,41.821318779411));
#9868 = CARTESIAN_POINT('',(50.543149892992,42.157941398539));
#9869 = CARTESIAN_POINT('',(49.930120449365,42.514354979568));
#9870 = CARTESIAN_POINT('',(49.329869858885,42.892182526715));
#9871 = CARTESIAN_POINT('',(48.744900643883,43.292976814016));
#9872 = CARTESIAN_POINT('',(47.901851863229,43.924933431892));
#9873 = CARTESIAN_POINT('',(47.630004227136,44.13765880879));
#9874 = CARTESIAN_POINT('',(47.362781788618,44.356240660452));
#9875 = CARTESIAN_POINT('',(47.100535419086,44.580784019394));
#9876 = CARTESIAN_POINT('',(46.843627464447,44.811357576521));
#9877 = CARTESIAN_POINT('',(46.104487330148,45.507597096303));
#9878 = CARTESIAN_POINT('',(45.637983266667,45.990122088897));
#9879 = CARTESIAN_POINT('',(45.195744159534,46.495580349477));
#9880 = CARTESIAN_POINT('',(44.780377732861,47.023460707714));
#9881 = CARTESIAN_POINT('',(44.393988976253,47.572491096756));
#9882 = CARTESIAN_POINT('',(43.681043556745,48.70981254809));
#9883 = CARTESIAN_POINT('',(43.354542238353,49.298348489501));
#9884 = CARTESIAN_POINT('',(43.059873981294,49.90384429315));
#9885 = CARTESIAN_POINT('',(42.79727777089,50.523834785814));
#9886 = CARTESIAN_POINT('',(42.566121992482,51.155742692208));
#9887 = CARTESIAN_POINT('',(42.260330687168,52.131804221966));
#9888 = CARTESIAN_POINT('',(42.163680723194,52.46917252985));
#9889 = CARTESIAN_POINT('',(42.075089894056,52.808790890668));
#9890 = CARTESIAN_POINT('',(41.99434006551,53.150349131793));
#9891 = CARTESIAN_POINT('',(41.921185577339,53.493564216057));
#9892 = CARTESIAN_POINT('',(41.715743209671,54.56925572828));
#9893 = CARTESIAN_POINT('',(41.609147376435,55.306590286812));
#9894 = CARTESIAN_POINT('',(41.533073804533,56.047896152285));
#9895 = CARTESIAN_POINT('',(41.484808421679,56.791354180922));
#9896 = CARTESIAN_POINT('',(41.461813225042,57.535656265417));
#9897 = CARTESIAN_POINT('',(41.461813225042,58.280013040833));
#9898 = ( GEOMETRIC_REPRESENTATION_CONTEXT(2) 
PARAMETRIC_REPRESENTATION_CONTEXT() REPRESENTATION_CONTEXT('2D SPACE',''
  ) );
#9899 = ORIENTED_EDGE('',*,*,#2192,.T.);
#9900 = ORIENTED_EDGE('',*,*,#2690,.T.);
#9901 = ORIENTED_EDGE('',*,*,#9304,.F.);
#9902 = ORIENTED_EDGE('',*,*,#6414,.F.);
#9903 = ORIENTED_EDGE('',*,*,#5985,.F.);
#9904 = ORIENTED_EDGE('',*,*,#6259,.T.);
#9905 = ADVANCED_FACE('',(#9906),#2251,.T.);
#9906 = FACE_BOUND('',#9907,.T.);
#9907 = EDGE_LOOP('',(#9908,#9909,#9910,#9911,#9912,#10005,#10006,#10007
    ,#10008,#10009,#10010,#10031,#10032,#10033));
#9908 = ORIENTED_EDGE('',*,*,#5156,.T.);
#9909 = ORIENTED_EDGE('',*,*,#5069,.T.);
#9910 = ORIENTED_EDGE('',*,*,#4969,.T.);
#9911 = ORIENTED_EDGE('',*,*,#8089,.T.);
#9912 = ORIENTED_EDGE('',*,*,#9913,.T.);
#9913 = EDGE_CURVE('',#8090,#8401,#9914,.T.);
#9914 = SURFACE_CURVE('',#9915,(#9943,#9974),.PCURVE_S1.);
#9915 = B_SPLINE_CURVE_WITH_KNOTS('',6,(#9916,#9917,#9918,#9919,#9920,
    #9921,#9922,#9923,#9924,#9925,#9926,#9927,#9928,#9929,#9930,#9931,
    #9932,#9933,#9934,#9935,#9936,#9937,#9938,#9939,#9940,#9941,#9942),
  .UNSPECIFIED.,.F.,.F.,(7,5,5,5,5,7),(0.,0.139208509812,0.41032893212,
    0.6612408487,0.78247110617,1.),.UNSPECIFIED.);
#9916 = CARTESIAN_POINT('',(3.918979455187,-32.89016948591,16.));
#9917 = CARTESIAN_POINT('',(3.403027336753,-32.61580294872,16.));
#9918 = CARTESIAN_POINT('',(2.894661574613,-32.32717096128,16.));
#9919 = CARTESIAN_POINT('',(2.394586724164,-32.02414484081,16.));
#9920 = CARTESIAN_POINT('',(1.903544211943,-31.70665147483,16.));
#9921 = CARTESIAN_POINT('',(1.422299774154,-31.37469302704,16.));
#9922 = CARTESIAN_POINT('',(3.496319002801E-02,-30.3538665312,16.));
#9923 = CARTESIAN_POINT('',(-0.841779688616,-29.62472926626,16.));
#9924 = CARTESIAN_POINT('',(-1.672495350098,-28.84187623502,16.));
#9925 = CARTESIAN_POINT('',(-2.451546678467,-28.007367707,16.));
#9926 = CARTESIAN_POINT('',(-3.173996676407,-27.12463188113,16.));
#9927 = CARTESIAN_POINT('',(-4.448870729616,-25.34226439836,16.));
#9928 = CARTESIAN_POINT('',(-5.010120836292,-24.4485634956,16.));
#9929 = CARTESIAN_POINT('',(-5.516859505554,-23.52197968862,16.));
#9930 = CARTESIAN_POINT('',(-5.967638399261,-22.56705225903,16.));
#9931 = CARTESIAN_POINT('',(-6.36222409899,-21.58854900796,16.));
#9932 = CARTESIAN_POINT('',(-6.865288915728,-20.1095731656,16.));
#9933 = CARTESIAN_POINT('',(-7.01624897107,-19.62337895123,16.));
#9934 = CARTESIAN_POINT('',(-7.154385679662,-19.13330560816,16.));
#9935 = CARTESIAN_POINT('',(-7.279854376179,-18.63984949891,16.));
#9936 = CARTESIAN_POINT('',(-7.392856355502,-18.14348080774,16.));
#9937 = CARTESIAN_POINT('',(-7.674441899518,-16.74954769696,16.));
#9938 = CARTESIAN_POINT('',(-7.815872067067,-15.84650609995,16.));
#9939 = CARTESIAN_POINT('',(-7.919282434331,-14.93802527529,16.));
#9940 = CARTESIAN_POINT('',(-7.986383135879,-14.02627828919,16.));
#9941 = CARTESIAN_POINT('',(-8.019012007271,-13.11307890469,16.));
#9942 = CARTESIAN_POINT('',(-8.019012007271,-12.19986979166,16.));
#9943 = PCURVE('',#2251,#9944);
#9944 = DEFINITIONAL_REPRESENTATION('',(#9945),#9973);
#9945 = B_SPLINE_CURVE_WITH_KNOTS('',6,(#9946,#9947,#9948,#9949,#9950,
    #9951,#9952,#9953,#9954,#9955,#9956,#9957,#9958,#9959,#9960,#9961,
    #9962,#9963,#9964,#9965,#9966,#9967,#9968,#9969,#9970,#9971,#9972),
  .UNSPECIFIED.,.F.,.F.,(7,5,5,5,5,7),(0.,0.139208509812,0.41032893212,
    0.6612408487,0.78247110617,1.),.UNSPECIFIED.);
#9946 = CARTESIAN_POINT('',(51.799869791667,9.389843554915));
#9947 = CARTESIAN_POINT('',(51.283917673232,9.664210092105));
#9948 = CARTESIAN_POINT('',(50.775551911092,9.952842079544));
#9949 = CARTESIAN_POINT('',(50.275477060643,10.255868200018));
#9950 = CARTESIAN_POINT('',(49.784434548422,10.573361565999));
#9951 = CARTESIAN_POINT('',(49.303190110633,10.905320013792));
#9952 = CARTESIAN_POINT('',(47.915853526507,11.926146509632));
#9953 = CARTESIAN_POINT('',(47.039110647863,12.655283774566));
#9954 = CARTESIAN_POINT('',(46.208394986381,13.438136805805));
#9955 = CARTESIAN_POINT('',(45.429343658012,14.272645333824));
#9956 = CARTESIAN_POINT('',(44.706893660072,15.1553811597));
#9957 = CARTESIAN_POINT('',(43.432019606863,16.937748642471));
#9958 = CARTESIAN_POINT('',(42.870769500187,17.831449545228));
#9959 = CARTESIAN_POINT('',(42.364030830925,18.758033352208));
#9960 = CARTESIAN_POINT('',(41.913251937218,19.712960781803));
#9961 = CARTESIAN_POINT('',(41.518666237489,20.691464032869));
#9962 = CARTESIAN_POINT('',(41.015601420751,22.170439875224));
#9963 = CARTESIAN_POINT('',(40.864641365409,22.656634089597));
#9964 = CARTESIAN_POINT('',(40.726504656817,23.146707432664));
#9965 = CARTESIAN_POINT('',(40.601035960301,23.64016354192));
#9966 = CARTESIAN_POINT('',(40.488033980977,24.136532233091));
#9967 = CARTESIAN_POINT('',(40.206448436961,25.530465343869));
#9968 = CARTESIAN_POINT('',(40.065018269412,26.433506940877));
#9969 = CARTESIAN_POINT('',(39.961607902148,27.341987765537));
#9970 = CARTESIAN_POINT('',(39.8945072006,28.253734751637));
#9971 = CARTESIAN_POINT('',(39.861878329208,29.166934136137));
#9972 = CARTESIAN_POINT('',(39.861878329208,30.080143249167));
#9973 = ( GEOMETRIC_REPRESENTATION_CONTEXT(2) 
PARAMETRIC_REPRESENTATION_CONTEXT() REPRESENTATION_CONTEXT('2D SPACE',''
  ) );
#9974 = PCURVE('',#65,#9975);
#9975 = DEFINITIONAL_REPRESENTATION('',(#9976),#10004);
#9976 = B_SPLINE_CURVE_WITH_KNOTS('',6,(#9977,#9978,#9979,#9980,#9981,
    #9982,#9983,#9984,#9985,#9986,#9987,#9988,#9989,#9990,#9991,#9992,
    #9993,#9994,#9995,#9996,#9997,#9998,#9999,#10000,#10001,#10002,
    #10003),.UNSPECIFIED.,.F.,.F.,(7,5,5,5,5,7),(0.,0.139208509812,
    0.41032893212,0.6612408487,0.78247110617,1.),.UNSPECIFIED.);
#9977 = CARTESIAN_POINT('',(0.632374954262,-16.));
#9978 = CARTESIAN_POINT('',(0.617715949537,-16.));
#9979 = CARTESIAN_POINT('',(0.602953655498,-16.));
#9980 = CARTESIAN_POINT('',(0.588093500112,-16.));
#9981 = CARTESIAN_POINT('',(0.573142151841,-16.));
#9982 = CARTESIAN_POINT('',(0.558107727484,-16.));
#9983 = CARTESIAN_POINT('',(0.513576414754,-16.));
#9984 = CARTESIAN_POINT('',(0.483868736164,-16.));
#9985 = CARTESIAN_POINT('',(0.453959597446,-16.));
#9986 = CARTESIAN_POINT('',(0.42393984964,-16.));
#9987 = CARTESIAN_POINT('',(0.393912378631,-16.));
#9988 = CARTESIAN_POINT('',(0.336317200645,-16.));
#9989 = CARTESIAN_POINT('',(0.308725452907,-16.));
#9990 = CARTESIAN_POINT('',(0.281321676442,-16.));
#9991 = CARTESIAN_POINT('',(0.254186778766,-16.));
#9992 = CARTESIAN_POINT('',(0.227391725094,-16.));
#9993 = CARTESIAN_POINT('',(0.188248610302,-16.));
#9994 = CARTESIAN_POINT('',(0.17559036375,-16.));
#9995 = CARTESIAN_POINT('',(0.163031591155,-16.));
#9996 = CARTESIAN_POINT('',(0.15057754268,-16.));
#9997 = CARTESIAN_POINT('',(0.138232518587,-16.));
#9998 = CARTESIAN_POINT('',(0.104050642699,-16.));
#9999 = CARTESIAN_POINT('',(8.24637587503E-02,-16.));
#10000 = CARTESIAN_POINT('',(6.125852475189E-02,-16.));
#10001 = CARTESIAN_POINT('',(4.044491663271E-02,-16.));
#10002 = CARTESIAN_POINT('',(2.002625830908E-02,-16.));
#10003 = CARTESIAN_POINT('',(0.,-16.));
#10004 = ( GEOMETRIC_REPRESENTATION_CONTEXT(2) 
PARAMETRIC_REPRESENTATION_CONTEXT() REPRESENTATION_CONTEXT('2D SPACE',''
  ) );
#10005 = ORIENTED_EDGE('',*,*,#8528,.T.);
#10006 = ORIENTED_EDGE('',*,*,#6368,.T.);
#10007 = ORIENTED_EDGE('',*,*,#6236,.T.);
#10008 = ORIENTED_EDGE('',*,*,#9792,.T.);
#10009 = ORIENTED_EDGE('',*,*,#2223,.T.);
#10010 = ORIENTED_EDGE('',*,*,#10011,.T.);
#10011 = EDGE_CURVE('',#2224,#7864,#10012,.T.);
#10012 = SURFACE_CURVE('',#10013,(#10017,#10024),.PCURVE_S1.);
#10013 = LINE('',#10014,#10015);
#10014 = CARTESIAN_POINT('',(5.119109663521,26.319986959167,16.));
#10015 = VECTOR('',#10016,1.);
#10016 = DIRECTION('',(-1.,0.,0.));
#10017 = PCURVE('',#2251,#10018);
#10018 = DEFINITIONAL_REPRESENTATION('',(#10019),#10023);
#10019 = LINE('',#10020,#10021);
#10020 = CARTESIAN_POINT('',(53.,68.6));
#10021 = VECTOR('',#10022,1.);
#10022 = DIRECTION('',(-1.,0.));
#10023 = ( GEOMETRIC_REPRESENTATION_CONTEXT(2) 
PARAMETRIC_REPRESENTATION_CONTEXT() REPRESENTATION_CONTEXT('2D SPACE',''
  ) );
#10024 = PCURVE('',#2323,#10025);
#10025 = DEFINITIONAL_REPRESENTATION('',(#10026),#10030);
#10026 = LINE('',#10027,#10028);
#10027 = CARTESIAN_POINT('',(-1.570796326795,0.));
#10028 = VECTOR('',#10029,1.);
#10029 = DIRECTION('',(-0.,1.));
#10030 = ( GEOMETRIC_REPRESENTATION_CONTEXT(2) 
PARAMETRIC_REPRESENTATION_CONTEXT() REPRESENTATION_CONTEXT('2D SPACE',''
  ) );
#10031 = ORIENTED_EDGE('',*,*,#7897,.T.);
#10032 = ORIENTED_EDGE('',*,*,#7804,.T.);
#10033 = ORIENTED_EDGE('',*,*,#8016,.T.);
#10034 = ADVANCED_FACE('',(#10035),#2323,.T.);
#10035 = FACE_BOUND('',#10036,.F.);
#10036 = EDGE_LOOP('',(#10037,#10058,#10059,#10060));
#10037 = ORIENTED_EDGE('',*,*,#10038,.F.);
#10038 = EDGE_CURVE('',#2270,#7614,#10039,.T.);
#10039 = SURFACE_CURVE('',#10040,(#10044,#10051),.PCURVE_S1.);
#10040 = LINE('',#10041,#10042);
#10041 = CARTESIAN_POINT('',(5.119109663521,27.719986959167,14.6));
#10042 = VECTOR('',#10043,1.);
#10043 = DIRECTION('',(-1.,0.,0.));
#10044 = PCURVE('',#2323,#10045);
#10045 = DEFINITIONAL_REPRESENTATION('',(#10046),#10050);
#10046 = LINE('',#10047,#10048);
#10047 = CARTESIAN_POINT('',(-0.,0.));
#10048 = VECTOR('',#10049,1.);
#10049 = DIRECTION('',(-0.,1.));
#10050 = ( GEOMETRIC_REPRESENTATION_CONTEXT(2) 
PARAMETRIC_REPRESENTATION_CONTEXT() REPRESENTATION_CONTEXT('2D SPACE',''
  ) );
#10051 = PCURVE('',#2372,#10052);
#10052 = DEFINITIONAL_REPRESENTATION('',(#10053),#10057);
#10053 = LINE('',#10054,#10055);
#10054 = CARTESIAN_POINT('',(0.,-20.6));
#10055 = VECTOR('',#10056,1.);
#10056 = DIRECTION('',(1.,0.));
#10057 = ( GEOMETRIC_REPRESENTATION_CONTEXT(2) 
PARAMETRIC_REPRESENTATION_CONTEXT() REPRESENTATION_CONTEXT('2D SPACE',''
  ) );
#10058 = ORIENTED_EDGE('',*,*,#2269,.F.);
#10059 = ORIENTED_EDGE('',*,*,#10011,.T.);
#10060 = ORIENTED_EDGE('',*,*,#7863,.F.);
#10061 = ADVANCED_FACE('',(#10062),#2372,.F.);
#10062 = FACE_BOUND('',#10063,.F.);
#10063 = EDGE_LOOP('',(#10064,#10065,#10066,#10067,#10139,#10140,#10141)
  );
#10064 = ORIENTED_EDGE('',*,*,#7466,.F.);
#10065 = ORIENTED_EDGE('',*,*,#5887,.T.);
#10066 = ORIENTED_EDGE('',*,*,#9112,.F.);
#10067 = ORIENTED_EDGE('',*,*,#10068,.T.);
#10068 = EDGE_CURVE('',#9044,#2008,#10069,.T.);
#10069 = SURFACE_CURVE('',#10070,(#10091,#10115),.PCURVE_S1.);
#10070 = B_SPLINE_CURVE_WITH_KNOTS('',7,(#10071,#10072,#10073,#10074,
    #10075,#10076,#10077,#10078,#10079,#10080,#10081,#10082,#10083,
    #10084,#10085,#10086,#10087,#10088,#10089,#10090),.UNSPECIFIED.,.F.,
  .F.,(8,6,6,8),(0.,0.330337439063,0.659405991457,1.),.UNSPECIFIED.);
#10071 = CARTESIAN_POINT('',(-1.049150881398,27.719986959167,0.));
#10072 = CARTESIAN_POINT('',(-1.171277861588,27.719986959167,0.));
#10073 = CARTESIAN_POINT('',(-1.296734753277,27.719986959167,
    7.263233956544E-03));
#10074 = CARTESIAN_POINT('',(-1.424378193317,27.719986959167,
    2.262775665244E-02));
#10075 = CARTESIAN_POINT('',(-1.552742771544,27.719986959167,
    4.68165366821E-02));
#10076 = CARTESIAN_POINT('',(-1.680044166687,27.719986959167,
    8.031694639933E-02));
#10077 = CARTESIAN_POINT('',(-1.804339031883,27.719986959167,
    0.123207229769));
#10078 = CARTESIAN_POINT('',(-2.042732484597,27.719986959167,
    0.226881985798));
#10079 = CARTESIAN_POINT('',(-2.156868659607,27.719986959167,
    0.287597412349));
#10080 = CARTESIAN_POINT('',(-2.264330423646,27.719986959167,
    0.356949825937));
#10081 = CARTESIAN_POINT('',(-2.363348447514,27.719986959167,
    0.434186888961));
#10082 = CARTESIAN_POINT('',(-2.452459072701,27.719986959167,
    0.518114746891));
#10083 = CARTESIAN_POINT('',(-2.530724644487,27.719986959167,
    0.607277986361));
#10084 = CARTESIAN_POINT('',(-2.667040428241,27.719986959167,
    0.796298723039));
#10085 = CARTESIAN_POINT('',(-2.724287723119,27.719986959167,
    0.896422543293));
#10086 = CARTESIAN_POINT('',(-2.768968999936,27.719986959167,
    0.998854343872));
#10087 = CARTESIAN_POINT('',(-2.801185163603,27.719986959167,
    1.10184244999));
#10088 = CARTESIAN_POINT('',(-2.821611813453,27.719986959167,
    1.203809787891));
#10089 = CARTESIAN_POINT('',(-2.831248802737,27.719986959167,
    1.303507658114));
#10090 = CARTESIAN_POINT('',(-2.831248802737,27.719986959167,1.4));
#10091 = PCURVE('',#2372,#10092);
#10092 = DEFINITIONAL_REPRESENTATION('',(#10093),#10114);
#10093 = B_SPLINE_CURVE_WITH_KNOTS('',7,(#10094,#10095,#10096,#10097,
    #10098,#10099,#10100,#10101,#10102,#10103,#10104,#10105,#10106,
    #10107,#10108,#10109,#10110,#10111,#10112,#10113),.UNSPECIFIED.,.F.,
  .F.,(8,6,6,8),(0.,0.330337439063,0.659405991457,1.),.UNSPECIFIED.);
#10094 = CARTESIAN_POINT('',(6.168260544918,-6.));
#10095 = CARTESIAN_POINT('',(6.290387525109,-6.));
#10096 = CARTESIAN_POINT('',(6.415844416798,-6.007263233957));
#10097 = CARTESIAN_POINT('',(6.543487856837,-6.022627756652));
#10098 = CARTESIAN_POINT('',(6.671852435065,-6.046816536682));
#10099 = CARTESIAN_POINT('',(6.799153830208,-6.080316946399));
#10100 = CARTESIAN_POINT('',(6.923448695404,-6.123207229769));
#10101 = CARTESIAN_POINT('',(7.161842148117,-6.226881985798));
#10102 = CARTESIAN_POINT('',(7.275978323127,-6.287597412349));
#10103 = CARTESIAN_POINT('',(7.383440087166,-6.356949825937));
#10104 = CARTESIAN_POINT('',(7.482458111035,-6.434186888961));
#10105 = CARTESIAN_POINT('',(7.571568736222,-6.518114746891));
#10106 = CARTESIAN_POINT('',(7.649834308007,-6.607277986361));
#10107 = CARTESIAN_POINT('',(7.786150091762,-6.796298723039));
#10108 = CARTESIAN_POINT('',(7.84339738664,-6.896422543293));
#10109 = CARTESIAN_POINT('',(7.888078663457,-6.998854343872));
#10110 = CARTESIAN_POINT('',(7.920294827124,-7.10184244999));
#10111 = CARTESIAN_POINT('',(7.940721476974,-7.203809787891));
#10112 = CARTESIAN_POINT('',(7.950358466258,-7.303507658114));
#10113 = CARTESIAN_POINT('',(7.950358466258,-7.4));
#10114 = ( GEOMETRIC_REPRESENTATION_CONTEXT(2) 
PARAMETRIC_REPRESENTATION_CONTEXT() REPRESENTATION_CONTEXT('2D SPACE',''
  ) );
#10115 = PCURVE('',#2049,#10116);
#10116 = DEFINITIONAL_REPRESENTATION('',(#10117),#10138);
#10117 = B_SPLINE_CURVE_WITH_KNOTS('',7,(#10118,#10119,#10120,#10121,
    #10122,#10123,#10124,#10125,#10126,#10127,#10128,#10129,#10130,
    #10131,#10132,#10133,#10134,#10135,#10136,#10137),.UNSPECIFIED.,.F.,
  .F.,(8,6,6,8),(0.,0.330337439063,0.659405991457,1.),.UNSPECIFIED.);
#10118 = CARTESIAN_POINT('',(36.445615842562,61.327755657516));
#10119 = CARTESIAN_POINT('',(34.727080627808,61.418663976749));
#10120 = CARTESIAN_POINT('',(33.00885552922,61.51092342573));
#10121 = CARTESIAN_POINT('',(31.290849590834,61.603588550822));
#10122 = CARTESIAN_POINT('',(29.572950083243,61.695536306081));
#10123 = CARTESIAN_POINT('',(27.855023268628,61.785507263461));
#10124 = CARTESIAN_POINT('',(26.136931438481,61.872245429927));
#10125 = CARTESIAN_POINT('',(22.706785315153,62.036694317765));
#10126 = CARTESIAN_POINT('',(20.99472640321,62.11443864533));
#10127 = CARTESIAN_POINT('',(19.282296795549,62.186749882365));
#10128 = CARTESIAN_POINT('',(17.569422245141,62.252645178008));
#10129 = CARTESIAN_POINT('',(15.856056274552,62.31140089916));
#10130 = CARTESIAN_POINT('',(14.142205302205,62.362625008746));
#10131 = CARTESIAN_POINT('',(10.653624203209,62.451331277122));
#10132 = CARTESIAN_POINT('',(8.878838519936,62.488270041936));
#10133 = CARTESIAN_POINT('',(7.103646130115,62.516917363372));
#10134 = CARTESIAN_POINT('',(5.32810344501,62.537496761556));
#10135 = CARTESIAN_POINT('',(3.552270350334,62.550524980042));
#10136 = CARTESIAN_POINT('',(1.776213254631,62.556671451236));
#10137 = CARTESIAN_POINT('',(0.,62.556671451236));
#10138 = ( GEOMETRIC_REPRESENTATION_CONTEXT(2) 
PARAMETRIC_REPRESENTATION_CONTEXT() REPRESENTATION_CONTEXT('2D SPACE',''
  ) );
#10139 = ORIENTED_EDGE('',*,*,#2354,.F.);
#10140 = ORIENTED_EDGE('',*,*,#10038,.T.);
#10141 = ORIENTED_EDGE('',*,*,#7613,.F.);
#10142 = ADVANCED_FACE('',(#10143),#2049,.T.);
#10143 = FACE_BOUND('',#10144,.T.);
#10144 = EDGE_LOOP('',(#10145,#10146,#10165,#10166));
#10145 = ORIENTED_EDGE('',*,*,#2007,.F.);
#10146 = ORIENTED_EDGE('',*,*,#10147,.T.);
#10147 = EDGE_CURVE('',#1884,#8975,#10148,.T.);
#10148 = SURFACE_CURVE('',#10149,(#10153,#10159),.PCURVE_S1.);
#10149 = ( BOUNDED_CURVE() B_SPLINE_CURVE(2,(#10150,#10151,#10152),
.UNSPECIFIED.,.F.,.F.) B_SPLINE_CURVE_WITH_KNOTS((3,3),(0.,
36.500933407385),.PIECEWISE_BEZIER_KNOTS.) CURVE() 
GEOMETRIC_REPRESENTATION_ITEM() RATIONAL_B_SPLINE_CURVE((1.,
0.707106781187,1.)) REPRESENTATION_ITEM('') );
#10150 = CARTESIAN_POINT('',(18.280792680229,36.400065104167,1.4));
#10151 = CARTESIAN_POINT('',(18.280792680229,36.400065104167,
    2.22044604925E-16));
#10152 = CARTESIAN_POINT('',(18.280792680229,35.000065712128,0.));
#10153 = PCURVE('',#2049,#10154);
#10154 = DEFINITIONAL_REPRESENTATION('',(#10155),#10158);
#10155 = B_SPLINE_CURVE_WITH_KNOTS('',1,(#10156,#10157),.UNSPECIFIED.,
  .F.,.F.,(2,2),(0.,36.500933407385),.PIECEWISE_BEZIER_KNOTS.);
#10156 = CARTESIAN_POINT('',(0.,39.500933407385));
#10157 = CARTESIAN_POINT('',(36.445615842562,39.500933407385));
#10158 = ( GEOMETRIC_REPRESENTATION_CONTEXT(2) 
PARAMETRIC_REPRESENTATION_CONTEXT() REPRESENTATION_CONTEXT('2D SPACE',''
  ) );
#10159 = PCURVE('',#1954,#10160);
#10160 = DEFINITIONAL_REPRESENTATION('',(#10161),#10164);
#10161 = B_SPLINE_CURVE_WITH_KNOTS('',1,(#10162,#10163),.UNSPECIFIED.,
  .F.,.F.,(2,2),(0.,36.500933407385),.PIECEWISE_BEZIER_KNOTS.);
#10162 = CARTESIAN_POINT('',(0.,39.500933407385));
#10163 = CARTESIAN_POINT('',(36.500933407385,39.500933407385));
#10164 = ( GEOMETRIC_REPRESENTATION_CONTEXT(2) 
PARAMETRIC_REPRESENTATION_CONTEXT() REPRESENTATION_CONTEXT('2D SPACE',''
  ) );
#10165 = ORIENTED_EDGE('',*,*,#9043,.T.);
#10166 = ORIENTED_EDGE('',*,*,#10068,.T.);
#10167 = ADVANCED_FACE('',(#10168),#1833,.F.);
#10168 = FACE_BOUND('',#10169,.F.);
#10169 = EDGE_LOOP('',(#10170,#10238,#10239,#10240));
#10170 = ORIENTED_EDGE('',*,*,#10171,.T.);
#10171 = EDGE_CURVE('',#1703,#9692,#10172,.T.);
#10172 = SURFACE_CURVE('',#10173,(#10178,#10232),.PCURVE_S1.);
#10173 = CIRCLE('',#10174,1.4);
#10174 = AXIS2_PLACEMENT_3D('',#10175,#10176,#10177);
#10175 = CARTESIAN_POINT('',(42.780857784396,13.599934895833,20.6));
#10176 = DIRECTION('',(0.,-1.,-0.));
#10177 = DIRECTION('',(1.,0.,-0.));
#10178 = PCURVE('',#1833,#10179);
#10179 = DEFINITIONAL_REPRESENTATION('',(#10180),#10231);
#10180 = B_SPLINE_CURVE_WITH_KNOTS('',9,(#10181,#10182,#10183,#10184,
    #10185,#10186,#10187,#10188,#10189,#10190,#10191,#10192,#10193,
    #10194,#10195,#10196,#10197,#10198,#10199,#10200,#10201,#10202,
    #10203,#10204,#10205,#10206,#10207,#10208,#10209,#10210,#10211,
    #10212,#10213,#10214,#10215,#10216,#10217,#10218,#10219,#10220,
    #10221,#10222,#10223,#10224,#10225,#10226,#10227,#10228,#10229,
    #10230),.UNSPECIFIED.,.F.,.F.,(10,8,8,8,8,8,10),(0.,0.392699081699,
    0.589048622548,0.785398163397,0.981747704247,1.178097245096,
    1.570796326795),.UNSPECIFIED.);
#10181 = CARTESIAN_POINT('',(0.,3.));
#10182 = CARTESIAN_POINT('',(1.126176210156,3.));
#10183 = CARTESIAN_POINT('',(2.229454690255,3.));
#10184 = CARTESIAN_POINT('',(3.312181372738,3.));
#10185 = CARTESIAN_POINT('',(4.376503138632,3.000000000001));
#10186 = CARTESIAN_POINT('',(5.424364179348,2.999999999999));
#10187 = CARTESIAN_POINT('',(6.457625137114,3.));
#10188 = CARTESIAN_POINT('',(7.477955214425,3.));
#10189 = CARTESIAN_POINT('',(8.486997471179,3.));
#10190 = CARTESIAN_POINT('',(9.98592462386,3.));
#10191 = CARTESIAN_POINT('',(10.483128023255,3.));
#10192 = CARTESIAN_POINT('',(10.978084229366,3.));
#10193 = CARTESIAN_POINT('',(11.470981290226,3.));
#10194 = CARTESIAN_POINT('',(11.962003086061,3.));
#10195 = CARTESIAN_POINT('',(12.451329373845,3.));
#10196 = CARTESIAN_POINT('',(12.93913630051,3.));
#10197 = CARTESIAN_POINT('',(13.425597385026,3.));
#10198 = CARTESIAN_POINT('',(14.39617255328,3.));
#10199 = CARTESIAN_POINT('',(14.880286690572,3.));
#10200 = CARTESIAN_POINT('',(15.363399779767,3.));
#10201 = CARTESIAN_POINT('',(15.84568311696,3.));
#10202 = CARTESIAN_POINT('',(16.327303705491,3.));
#10203 = CARTESIAN_POINT('',(16.808426207477,3.));
#10204 = CARTESIAN_POINT('',(17.289216288497,3.));
#10205 = CARTESIAN_POINT('',(17.769841607533,3.));
#10206 = CARTESIAN_POINT('',(18.731091799851,3.));
#10207 = CARTESIAN_POINT('',(19.211717118887,3.));
#10208 = CARTESIAN_POINT('',(19.692507199908,3.));
#10209 = CARTESIAN_POINT('',(20.173629701892,3.));
#10210 = CARTESIAN_POINT('',(20.655250290427,3.));
#10211 = CARTESIAN_POINT('',(21.137533627616,3.));
#10212 = CARTESIAN_POINT('',(21.620646716813,3.));
#10213 = CARTESIAN_POINT('',(22.104760854104,3.));
#10214 = CARTESIAN_POINT('',(23.075336022359,3.));
#10215 = CARTESIAN_POINT('',(23.561797106875,3.));
#10216 = CARTESIAN_POINT('',(24.049604033539,3.));
#10217 = CARTESIAN_POINT('',(24.538930321324,3.));
#10218 = CARTESIAN_POINT('',(25.029952117158,3.));
#10219 = CARTESIAN_POINT('',(25.522849178019,3.));
#10220 = CARTESIAN_POINT('',(26.01780538413,3.));
#10221 = CARTESIAN_POINT('',(26.515008783525,3.));
#10222 = CARTESIAN_POINT('',(28.013935936206,3.));
#10223 = CARTESIAN_POINT('',(29.02297819296,3.));
#10224 = CARTESIAN_POINT('',(30.043308270269,3.));
#10225 = CARTESIAN_POINT('',(31.076569228039,3.));
#10226 = CARTESIAN_POINT('',(32.124430268752,3.));
#10227 = CARTESIAN_POINT('',(33.188752034648,3.));
#10228 = CARTESIAN_POINT('',(34.271478717129,3.));
#10229 = CARTESIAN_POINT('',(35.374757197229,3.));
#10230 = CARTESIAN_POINT('',(36.500933407385,3.));
#10231 = ( GEOMETRIC_REPRESENTATION_CONTEXT(2) 
PARAMETRIC_REPRESENTATION_CONTEXT() REPRESENTATION_CONTEXT('2D SPACE',''
  ) );
#10232 = PCURVE('',#1718,#10233);
#10233 = DEFINITIONAL_REPRESENTATION('',(#10234),#10237);
#10234 = B_SPLINE_CURVE_WITH_KNOTS('',1,(#10235,#10236),.UNSPECIFIED.,
  .F.,.F.,(2,2),(0.,1.570796326795),.PIECEWISE_BEZIER_KNOTS.);
#10235 = CARTESIAN_POINT('',(0.,3.));
#10236 = CARTESIAN_POINT('',(-1.570796326795,3.));
#10237 = ( GEOMETRIC_REPRESENTATION_CONTEXT(2) 
PARAMETRIC_REPRESENTATION_CONTEXT() REPRESENTATION_CONTEXT('2D SPACE',''
  ) );
#10238 = ORIENTED_EDGE('',*,*,#9714,.T.);
#10239 = ORIENTED_EDGE('',*,*,#2389,.F.);
#10240 = ORIENTED_EDGE('',*,*,#1791,.F.);
#10241 = ADVANCED_FACE('',(#10242),#1954,.T.);
#10242 = FACE_BOUND('',#10243,.T.);
#10243 = EDGE_LOOP('',(#10244,#10312,#10313,#10314));
#10244 = ORIENTED_EDGE('',*,*,#10245,.T.);
#10245 = EDGE_CURVE('',#1731,#8952,#10246,.T.);
#10246 = SURFACE_CURVE('',#10247,(#10252,#10306),.PCURVE_S1.);
#10247 = CIRCLE('',#10248,1.4);
#10248 = AXIS2_PLACEMENT_3D('',#10249,#10250,#10251);
#10249 = CARTESIAN_POINT('',(42.780857784396,13.599934895833,1.4));
#10250 = DIRECTION('',(0.,1.,0.));
#10251 = DIRECTION('',(1.,0.,-0.));
#10252 = PCURVE('',#1954,#10253);
#10253 = DEFINITIONAL_REPRESENTATION('',(#10254),#10305);
#10254 = B_SPLINE_CURVE_WITH_KNOTS('',9,(#10255,#10256,#10257,#10258,
    #10259,#10260,#10261,#10262,#10263,#10264,#10265,#10266,#10267,
    #10268,#10269,#10270,#10271,#10272,#10273,#10274,#10275,#10276,
    #10277,#10278,#10279,#10280,#10281,#10282,#10283,#10284,#10285,
    #10286,#10287,#10288,#10289,#10290,#10291,#10292,#10293,#10294,
    #10295,#10296,#10297,#10298,#10299,#10300,#10301,#10302,#10303,
    #10304),.UNSPECIFIED.,.F.,.F.,(10,8,8,8,8,8,10),(0.,0.392699081699,
    0.589048622548,0.785398163397,0.981747704247,1.178097245096,
    1.570796326795),.UNSPECIFIED.);
#10255 = CARTESIAN_POINT('',(-8.881784197001E-16,3.));
#10256 = CARTESIAN_POINT('',(1.126176210156,3.));
#10257 = CARTESIAN_POINT('',(2.229454690255,3.));
#10258 = CARTESIAN_POINT('',(3.312181372738,3.));
#10259 = CARTESIAN_POINT('',(4.376503138632,3.000000000001));
#10260 = CARTESIAN_POINT('',(5.424364179347,2.999999999999));
#10261 = CARTESIAN_POINT('',(6.457625137114,3.));
#10262 = CARTESIAN_POINT('',(7.477955214425,3.));
#10263 = CARTESIAN_POINT('',(8.486997471179,3.));
#10264 = CARTESIAN_POINT('',(9.98592462386,3.));
#10265 = CARTESIAN_POINT('',(10.483128023255,3.));
#10266 = CARTESIAN_POINT('',(10.978084229366,3.));
#10267 = CARTESIAN_POINT('',(11.470981290226,3.));
#10268 = CARTESIAN_POINT('',(11.962003086061,3.));
#10269 = CARTESIAN_POINT('',(12.451329373845,3.));
#10270 = CARTESIAN_POINT('',(12.93913630051,3.));
#10271 = CARTESIAN_POINT('',(13.425597385026,3.));
#10272 = CARTESIAN_POINT('',(14.39617255328,3.));
#10273 = CARTESIAN_POINT('',(14.880286690572,3.));
#10274 = CARTESIAN_POINT('',(15.363399779767,3.));
#10275 = CARTESIAN_POINT('',(15.845683116959,3.));
#10276 = CARTESIAN_POINT('',(16.327303705492,3.));
#10277 = CARTESIAN_POINT('',(16.808426207477,3.));
#10278 = CARTESIAN_POINT('',(17.289216288497,3.));
#10279 = CARTESIAN_POINT('',(17.769841607533,3.));
#10280 = CARTESIAN_POINT('',(18.731091799851,3.));
#10281 = CARTESIAN_POINT('',(19.211717118888,3.));
#10282 = CARTESIAN_POINT('',(19.692507199907,3.));
#10283 = CARTESIAN_POINT('',(20.173629701893,3.));
#10284 = CARTESIAN_POINT('',(20.655250290426,3.));
#10285 = CARTESIAN_POINT('',(21.137533627616,3.));
#10286 = CARTESIAN_POINT('',(21.620646716813,3.));
#10287 = CARTESIAN_POINT('',(22.104760854104,3.));
#10288 = CARTESIAN_POINT('',(23.075336022359,3.));
#10289 = CARTESIAN_POINT('',(23.561797106875,3.));
#10290 = CARTESIAN_POINT('',(24.04960403354,3.));
#10291 = CARTESIAN_POINT('',(24.538930321324,3.));
#10292 = CARTESIAN_POINT('',(25.029952117158,3.));
#10293 = CARTESIAN_POINT('',(25.522849178018,3.));
#10294 = CARTESIAN_POINT('',(26.01780538413,3.));
#10295 = CARTESIAN_POINT('',(26.515008783525,3.));
#10296 = CARTESIAN_POINT('',(28.013935936206,3.));
#10297 = CARTESIAN_POINT('',(29.02297819296,3.));
#10298 = CARTESIAN_POINT('',(30.043308270269,3.));
#10299 = CARTESIAN_POINT('',(31.076569228039,3.));
#10300 = CARTESIAN_POINT('',(32.124430268752,3.));
#10301 = CARTESIAN_POINT('',(33.188752034648,3.));
#10302 = CARTESIAN_POINT('',(34.271478717129,3.));
#10303 = CARTESIAN_POINT('',(35.374757197229,3.));
#10304 = CARTESIAN_POINT('',(36.500933407385,3.));
#10305 = ( GEOMETRIC_REPRESENTATION_CONTEXT(2) 
PARAMETRIC_REPRESENTATION_CONTEXT() REPRESENTATION_CONTEXT('2D SPACE',''
  ) );
#10306 = PCURVE('',#1775,#10307);
#10307 = DEFINITIONAL_REPRESENTATION('',(#10308),#10311);
#10308 = B_SPLINE_CURVE_WITH_KNOTS('',1,(#10309,#10310),.UNSPECIFIED.,
  .F.,.F.,(2,2),(0.,1.570796326795),.PIECEWISE_BEZIER_KNOTS.);
#10309 = CARTESIAN_POINT('',(0.,3.));
#10310 = CARTESIAN_POINT('',(1.570796326795,3.));
#10311 = ( GEOMETRIC_REPRESENTATION_CONTEXT(2) 
PARAMETRIC_REPRESENTATION_CONTEXT() REPRESENTATION_CONTEXT('2D SPACE',''
  ) );
#10312 = ORIENTED_EDGE('',*,*,#8974,.T.);
#10313 = ORIENTED_EDGE('',*,*,#10147,.F.);
#10314 = ORIENTED_EDGE('',*,*,#1914,.F.);
#10315 = ADVANCED_FACE('',(#10316),#1718,.T.);
#10316 = FACE_BOUND('',#10317,.F.);
#10317 = EDGE_LOOP('',(#10318,#10350,#10351,#10352));
#10318 = ORIENTED_EDGE('',*,*,#10319,.T.);
#10319 = EDGE_CURVE('',#1617,#9669,#10320,.T.);
#10320 = SURFACE_CURVE('',#10321,(#10326,#10338),.PCURVE_S1.);
#10321 = ELLIPSE('',#10322,1.979898987322,1.4);
#10322 = AXIS2_PLACEMENT_3D('',#10323,#10324,#10325);
#10323 = CARTESIAN_POINT('',(42.780857784396,11.999934895833,20.6));
#10324 = DIRECTION('',(-0.707106781187,-0.707106781187,0.));
#10325 = DIRECTION('',(0.707106781187,-0.707106781187,0.));
#10326 = PCURVE('',#1718,#10327);
#10327 = DEFINITIONAL_REPRESENTATION('',(#10328),#10337);
#10328 = B_SPLINE_CURVE_WITH_KNOTS('',7,(#10329,#10330,#10331,#10332,
    #10333,#10334,#10335,#10336),.UNSPECIFIED.,.F.,.F.,(8,8),(0.,
    1.570796483315),.PIECEWISE_BEZIER_KNOTS.);
#10329 = CARTESIAN_POINT('',(0.,0.));
#10330 = CARTESIAN_POINT('',(-0.224399497616,7.694683541615E-17));
#10331 = CARTESIAN_POINT('',(-0.448798995233,8.22481580458E-02));
#10332 = CARTESIAN_POINT('',(-0.673198492849,0.246732542691));
#10333 = CARTESIAN_POINT('',(-0.897597990466,0.483354538233));
#10334 = CARTESIAN_POINT('',(-1.121997488082,0.771682888601));
#10335 = CARTESIAN_POINT('',(-1.346396985699,1.085840922465));
#10336 = CARTESIAN_POINT('',(-1.570796483315,1.400000219128));
#10337 = ( GEOMETRIC_REPRESENTATION_CONTEXT(2) 
PARAMETRIC_REPRESENTATION_CONTEXT() REPRESENTATION_CONTEXT('2D SPACE',''
  ) );
#10338 = PCURVE('',#1632,#10339);
#10339 = DEFINITIONAL_REPRESENTATION('',(#10340),#10349);
#10340 = B_SPLINE_CURVE_WITH_KNOTS('',7,(#10341,#10342,#10343,#10344,
    #10345,#10346,#10347,#10348),.UNSPECIFIED.,.F.,.F.,(8,8),(0.,
    1.570796483315),.PIECEWISE_BEZIER_KNOTS.);
#10341 = CARTESIAN_POINT('',(0.,13.));
#10342 = CARTESIAN_POINT('',(-0.224399497616,13.));
#10343 = CARTESIAN_POINT('',(-0.448798995233,12.917751841955));
#10344 = CARTESIAN_POINT('',(-0.673198492849,12.753267457309));
#10345 = CARTESIAN_POINT('',(-0.897597990466,12.51664546177));
#10346 = CARTESIAN_POINT('',(-1.121997488082,12.228317111397));
#10347 = CARTESIAN_POINT('',(-1.346396985699,11.914159077535));
#10348 = CARTESIAN_POINT('',(-1.570796483315,11.599999780872));
#10349 = ( GEOMETRIC_REPRESENTATION_CONTEXT(2) 
PARAMETRIC_REPRESENTATION_CONTEXT() REPRESENTATION_CONTEXT('2D SPACE',''
  ) );
#10350 = ORIENTED_EDGE('',*,*,#9691,.T.);
#10351 = ORIENTED_EDGE('',*,*,#10171,.F.);
#10352 = ORIENTED_EDGE('',*,*,#1702,.F.);
#10353 = ADVANCED_FACE('',(#10354),#1775,.T.);
#10354 = FACE_BOUND('',#10355,.T.);
#10355 = EDGE_LOOP('',(#10356,#10388,#10389,#10390));
#10356 = ORIENTED_EDGE('',*,*,#10357,.T.);
#10357 = EDGE_CURVE('',#1645,#8929,#10358,.T.);
#10358 = SURFACE_CURVE('',#10359,(#10364,#10376),.PCURVE_S1.);
#10359 = ELLIPSE('',#10360,1.979898987322,1.4);
#10360 = AXIS2_PLACEMENT_3D('',#10361,#10362,#10363);
#10361 = CARTESIAN_POINT('',(42.780857784396,11.999934895833,1.4));
#10362 = DIRECTION('',(0.707106781187,0.707106781187,0.));
#10363 = DIRECTION('',(0.707106781187,-0.707106781187,0.));
#10364 = PCURVE('',#1775,#10365);
#10365 = DEFINITIONAL_REPRESENTATION('',(#10366),#10375);
#10366 = B_SPLINE_CURVE_WITH_KNOTS('',7,(#10367,#10368,#10369,#10370,
    #10371,#10372,#10373,#10374),.UNSPECIFIED.,.F.,.F.,(8,8),(0.,
    1.570796326795),.PIECEWISE_BEZIER_KNOTS.);
#10367 = CARTESIAN_POINT('',(0.,0.));
#10368 = CARTESIAN_POINT('',(0.224399475256,0.));
#10369 = CARTESIAN_POINT('',(0.448798950513,8.224814165392E-02));
#10370 = CARTESIAN_POINT('',(0.67319842577,0.246732493525));
#10371 = CARTESIAN_POINT('',(0.897597901025,0.483354443917));
#10372 = CARTESIAN_POINT('',(1.121997376282,0.771682744953));
#10373 = CARTESIAN_POINT('',(1.346396851538,1.085840734641));
#10374 = CARTESIAN_POINT('',(1.570796326795,1.4));
#10375 = ( GEOMETRIC_REPRESENTATION_CONTEXT(2) 
PARAMETRIC_REPRESENTATION_CONTEXT() REPRESENTATION_CONTEXT('2D SPACE',''
  ) );
#10376 = PCURVE('',#1686,#10377);
#10377 = DEFINITIONAL_REPRESENTATION('',(#10378),#10387);
#10378 = B_SPLINE_CURVE_WITH_KNOTS('',7,(#10379,#10380,#10381,#10382,
    #10383,#10384,#10385,#10386),.UNSPECIFIED.,.F.,.F.,(8,8),(0.,
    1.570796326795),.PIECEWISE_BEZIER_KNOTS.);
#10379 = CARTESIAN_POINT('',(0.,13.));
#10380 = CARTESIAN_POINT('',(0.224399475256,13.));
#10381 = CARTESIAN_POINT('',(0.448798950513,12.917751858346));
#10382 = CARTESIAN_POINT('',(0.673198425769,12.753267506478));
#10383 = CARTESIAN_POINT('',(0.897597901026,12.516645556081));
#10384 = CARTESIAN_POINT('',(1.121997376282,12.228317255047));
#10385 = CARTESIAN_POINT('',(1.346396851538,11.914159265359));
#10386 = CARTESIAN_POINT('',(1.570796326795,11.6));
#10387 = ( GEOMETRIC_REPRESENTATION_CONTEXT(2) 
PARAMETRIC_REPRESENTATION_CONTEXT() REPRESENTATION_CONTEXT('2D SPACE',''
  ) );
#10388 = ORIENTED_EDGE('',*,*,#8951,.T.);
#10389 = ORIENTED_EDGE('',*,*,#10245,.F.);
#10390 = ORIENTED_EDGE('',*,*,#1761,.F.);
#10391 = ADVANCED_FACE('',(#10392),#1632,.T.);
#10392 = FACE_BOUND('',#10393,.F.);
#10393 = EDGE_LOOP('',(#10394,#10426,#10427,#10428));
#10394 = ORIENTED_EDGE('',*,*,#10395,.T.);
#10395 = EDGE_CURVE('',#1531,#9646,#10396,.T.);
#10396 = SURFACE_CURVE('',#10397,(#10402,#10414),.PCURVE_S1.);
#10397 = ELLIPSE('',#10398,1.979898987322,1.4);
#10398 = AXIS2_PLACEMENT_3D('',#10399,#10400,#10401);
#10399 = CARTESIAN_POINT('',(32.580857784396,11.999934895833,20.6));
#10400 = DIRECTION('',(-0.707106781187,0.707106781187,0.));
#10401 = DIRECTION('',(-0.707106781187,-0.707106781187,0.));
#10402 = PCURVE('',#1632,#10403);
#10403 = DEFINITIONAL_REPRESENTATION('',(#10404),#10413);
#10404 = B_SPLINE_CURVE_WITH_KNOTS('',7,(#10405,#10406,#10407,#10408,
    #10409,#10410,#10411,#10412),.UNSPECIFIED.,.F.,.F.,(8,8),(0.,
    1.570796326795),.PIECEWISE_BEZIER_KNOTS.);
#10405 = CARTESIAN_POINT('',(0.,0.));
#10406 = CARTESIAN_POINT('',(-0.224399475256,7.694682774887E-17));
#10407 = CARTESIAN_POINT('',(-0.448798950513,8.224814165405E-02));
#10408 = CARTESIAN_POINT('',(-0.673198425769,0.246732493525));
#10409 = CARTESIAN_POINT('',(-0.897597901026,0.483354443917));
#10410 = CARTESIAN_POINT('',(-1.121997376282,0.771682744953));
#10411 = CARTESIAN_POINT('',(-1.346396851538,1.085840734641));
#10412 = CARTESIAN_POINT('',(-1.570796326795,1.4));
#10413 = ( GEOMETRIC_REPRESENTATION_CONTEXT(2) 
PARAMETRIC_REPRESENTATION_CONTEXT() REPRESENTATION_CONTEXT('2D SPACE',''
  ) );
#10414 = PCURVE('',#1546,#10415);
#10415 = DEFINITIONAL_REPRESENTATION('',(#10416),#10425);
#10416 = B_SPLINE_CURVE_WITH_KNOTS('',7,(#10417,#10418,#10419,#10420,
    #10421,#10422,#10423,#10424),.UNSPECIFIED.,.F.,.F.,(8,8),(0.,
    1.570796326795),.PIECEWISE_BEZIER_KNOTS.);
#10417 = CARTESIAN_POINT('',(0.,3.));
#10418 = CARTESIAN_POINT('',(-0.224399475256,3.));
#10419 = CARTESIAN_POINT('',(-0.448798950513,2.917751858346));
#10420 = CARTESIAN_POINT('',(-0.673198425769,2.753267506475));
#10421 = CARTESIAN_POINT('',(-0.897597901026,2.516645556083));
#10422 = CARTESIAN_POINT('',(-1.121997376282,2.228317255047));
#10423 = CARTESIAN_POINT('',(-1.346396851538,1.914159265359));
#10424 = CARTESIAN_POINT('',(-1.570796326795,1.6));
#10425 = ( GEOMETRIC_REPRESENTATION_CONTEXT(2) 
PARAMETRIC_REPRESENTATION_CONTEXT() REPRESENTATION_CONTEXT('2D SPACE',''
  ) );
#10426 = ORIENTED_EDGE('',*,*,#9668,.T.);
#10427 = ORIENTED_EDGE('',*,*,#10319,.F.);
#10428 = ORIENTED_EDGE('',*,*,#1616,.F.);
#10429 = ADVANCED_FACE('',(#10430),#1686,.T.);
#10430 = FACE_BOUND('',#10431,.T.);
#10431 = EDGE_LOOP('',(#10432,#10464,#10465,#10466));
#10432 = ORIENTED_EDGE('',*,*,#10433,.T.);
#10433 = EDGE_CURVE('',#1559,#8906,#10434,.T.);
#10434 = SURFACE_CURVE('',#10435,(#10440,#10452),.PCURVE_S1.);
#10435 = ELLIPSE('',#10436,1.979898987322,1.4);
#10436 = AXIS2_PLACEMENT_3D('',#10437,#10438,#10439);
#10437 = CARTESIAN_POINT('',(32.580857784396,11.999934895833,1.4));
#10438 = DIRECTION('',(0.707106781187,-0.707106781187,0.));
#10439 = DIRECTION('',(-0.707106781187,-0.707106781187,0.));
#10440 = PCURVE('',#1686,#10441);
#10441 = DEFINITIONAL_REPRESENTATION('',(#10442),#10451);
#10442 = B_SPLINE_CURVE_WITH_KNOTS('',7,(#10443,#10444,#10445,#10446,
    #10447,#10448,#10449,#10450),.UNSPECIFIED.,.F.,.F.,(8,8),(0.,
    1.570796326795),.PIECEWISE_BEZIER_KNOTS.);
#10443 = CARTESIAN_POINT('',(0.,0.));
#10444 = CARTESIAN_POINT('',(0.224399475256,0.));
#10445 = CARTESIAN_POINT('',(0.448798950513,8.224814165392E-02));
#10446 = CARTESIAN_POINT('',(0.673198425769,0.246732493525));
#10447 = CARTESIAN_POINT('',(0.897597901026,0.483354443917));
#10448 = CARTESIAN_POINT('',(1.121997376282,0.771682744953));
#10449 = CARTESIAN_POINT('',(1.346396851538,1.085840734641));
#10450 = CARTESIAN_POINT('',(1.570796326795,1.4));
#10451 = ( GEOMETRIC_REPRESENTATION_CONTEXT(2) 
PARAMETRIC_REPRESENTATION_CONTEXT() REPRESENTATION_CONTEXT('2D SPACE',''
  ) );
#10452 = PCURVE('',#1600,#10453);
#10453 = DEFINITIONAL_REPRESENTATION('',(#10454),#10463);
#10454 = B_SPLINE_CURVE_WITH_KNOTS('',7,(#10455,#10456,#10457,#10458,
    #10459,#10460,#10461,#10462),.UNSPECIFIED.,.F.,.F.,(8,8),(0.,
    1.570796326795),.PIECEWISE_BEZIER_KNOTS.);
#10455 = CARTESIAN_POINT('',(0.,3.));
#10456 = CARTESIAN_POINT('',(0.224399475256,3.));
#10457 = CARTESIAN_POINT('',(0.448798950513,2.917751858346));
#10458 = CARTESIAN_POINT('',(0.673198425769,2.753267506477));
#10459 = CARTESIAN_POINT('',(0.897597901026,2.516645556084));
#10460 = CARTESIAN_POINT('',(1.121997376282,2.228317255047));
#10461 = CARTESIAN_POINT('',(1.346396851538,1.914159265359));
#10462 = CARTESIAN_POINT('',(1.570796326795,1.6));
#10463 = ( GEOMETRIC_REPRESENTATION_CONTEXT(2) 
PARAMETRIC_REPRESENTATION_CONTEXT() REPRESENTATION_CONTEXT('2D SPACE',''
  ) );
#10464 = ORIENTED_EDGE('',*,*,#8928,.T.);
#10465 = ORIENTED_EDGE('',*,*,#10357,.F.);
#10466 = ORIENTED_EDGE('',*,*,#1672,.F.);
#10467 = ADVANCED_FACE('',(#10468),#1546,.T.);
#10468 = FACE_BOUND('',#10469,.F.);
#10469 = EDGE_LOOP('',(#10470,#10497,#10498,#10499));
#10470 = ORIENTED_EDGE('',*,*,#10471,.T.);
#10471 = EDGE_CURVE('',#1305,#9599,#10472,.T.);
#10472 = SURFACE_CURVE('',#10473,(#10477,#10491),.PCURVE_S1.);
#10473 = ( BOUNDED_CURVE() B_SPLINE_CURVE(2,(#10474,#10475,#10476),
.UNSPECIFIED.,.F.,.F.) B_SPLINE_CURVE_WITH_KNOTS((3,3),(0.,
17.645712982182),.PIECEWISE_BEZIER_KNOTS.) CURVE() 
GEOMETRIC_REPRESENTATION_ITEM() RATIONAL_B_SPLINE_CURVE((1.,
0.707106781187,1.)) REPRESENTATION_ITEM('') );
#10474 = CARTESIAN_POINT('',(31.180857784396,13.599934895833,20.6));
#10475 = CARTESIAN_POINT('',(31.180857784396,13.599934895833,22.));
#10476 = CARTESIAN_POINT('',(32.580857784396,13.599934895833,22.));
#10477 = PCURVE('',#1546,#10478);
#10478 = DEFINITIONAL_REPRESENTATION('',(#10479),#10490);
#10479 = B_SPLINE_CURVE_WITH_KNOTS('',9,(#10480,#10481,#10482,#10483,
    #10484,#10485,#10486,#10487,#10488,#10489),.UNSPECIFIED.,.F.,.F.,(10
    ,10),(0.,17.645712982182),.PIECEWISE_BEZIER_KNOTS.);
#10480 = CARTESIAN_POINT('',(0.,0.));
#10481 = CARTESIAN_POINT('',(-0.157134840264,0.));
#10482 = CARTESIAN_POINT('',(-0.325774716821,0.));
#10483 = CARTESIAN_POINT('',(-0.50456638687,0.));
#10484 = CARTESIAN_POINT('',(-0.690744851612,0.));
#10485 = CARTESIAN_POINT('',(-0.880051475183,0.));
#10486 = CARTESIAN_POINT('',(-1.066229939925,0.));
#10487 = CARTESIAN_POINT('',(-1.245021609974,0.));
#10488 = CARTESIAN_POINT('',(-1.413661486531,0.));
#10489 = CARTESIAN_POINT('',(-1.570796326795,0.));
#10490 = ( GEOMETRIC_REPRESENTATION_CONTEXT(2) 
PARAMETRIC_REPRESENTATION_CONTEXT() REPRESENTATION_CONTEXT('2D SPACE',''
  ) );
#10491 = PCURVE('',#1349,#10492);
#10492 = DEFINITIONAL_REPRESENTATION('',(#10493),#10496);
#10493 = B_SPLINE_CURVE_WITH_KNOTS('',1,(#10494,#10495),.UNSPECIFIED.,
  .F.,.F.,(2,2),(0.,17.645712982182),.PIECEWISE_BEZIER_KNOTS.);
#10494 = CARTESIAN_POINT('',(0.,173.61717294533));
#10495 = CARTESIAN_POINT('',(17.645712982182,173.61717294533));
#10496 = ( GEOMETRIC_REPRESENTATION_CONTEXT(2) 
PARAMETRIC_REPRESENTATION_CONTEXT() REPRESENTATION_CONTEXT('2D SPACE',''
  ) );
#10497 = ORIENTED_EDGE('',*,*,#9645,.T.);
#10498 = ORIENTED_EDGE('',*,*,#10395,.F.);
#10499 = ORIENTED_EDGE('',*,*,#1530,.F.);
#10500 = ADVANCED_FACE('',(#10501),#1600,.T.);
#10501 = FACE_BOUND('',#10502,.T.);
#10502 = EDGE_LOOP('',(#10503,#10530,#10531,#10532));
#10503 = ORIENTED_EDGE('',*,*,#10504,.T.);
#10504 = EDGE_CURVE('',#1403,#8859,#10505,.T.);
#10505 = SURFACE_CURVE('',#10506,(#10510,#10524),.PCURVE_S1.);
#10506 = ( BOUNDED_CURVE() B_SPLINE_CURVE(2,(#10507,#10508,#10509),
.UNSPECIFIED.,.F.,.F.) B_SPLINE_CURVE_WITH_KNOTS((3,3),(0.,
17.645712982182),.PIECEWISE_BEZIER_KNOTS.) CURVE() 
GEOMETRIC_REPRESENTATION_ITEM() RATIONAL_B_SPLINE_CURVE((1.,
0.707106781187,1.)) REPRESENTATION_ITEM('') );
#10507 = CARTESIAN_POINT('',(31.180857784396,13.599934895833,1.4));
#10508 = CARTESIAN_POINT('',(31.180857784396,13.599934895833,
    2.22044604925E-16));
#10509 = CARTESIAN_POINT('',(32.580857784396,13.599934895833,0.));
#10510 = PCURVE('',#1600,#10511);
#10511 = DEFINITIONAL_REPRESENTATION('',(#10512),#10523);
#10512 = B_SPLINE_CURVE_WITH_KNOTS('',9,(#10513,#10514,#10515,#10516,
    #10517,#10518,#10519,#10520,#10521,#10522),.UNSPECIFIED.,.F.,.F.,(10
    ,10),(0.,17.645712982182),.PIECEWISE_BEZIER_KNOTS.);
#10513 = CARTESIAN_POINT('',(0.,0.));
#10514 = CARTESIAN_POINT('',(0.157134840264,0.));
#10515 = CARTESIAN_POINT('',(0.325774716821,0.));
#10516 = CARTESIAN_POINT('',(0.50456638687,0.));
#10517 = CARTESIAN_POINT('',(0.690744851612,0.));
#10518 = CARTESIAN_POINT('',(0.880051475183,0.));
#10519 = CARTESIAN_POINT('',(1.066229939925,0.));
#10520 = CARTESIAN_POINT('',(1.245021609974,0.));
#10521 = CARTESIAN_POINT('',(1.413661486531,0.));
#10522 = CARTESIAN_POINT('',(1.570796326795,0.));
#10523 = ( GEOMETRIC_REPRESENTATION_CONTEXT(2) 
PARAMETRIC_REPRESENTATION_CONTEXT() REPRESENTATION_CONTEXT('2D SPACE',''
  ) );
#10524 = PCURVE('',#1473,#10525);
#10525 = DEFINITIONAL_REPRESENTATION('',(#10526),#10529);
#10526 = B_SPLINE_CURVE_WITH_KNOTS('',1,(#10527,#10528),.UNSPECIFIED.,
  .F.,.F.,(2,2),(0.,17.645712982182),.PIECEWISE_BEZIER_KNOTS.);
#10527 = CARTESIAN_POINT('',(0.,173.61717294533));
#10528 = CARTESIAN_POINT('',(17.645712982182,173.61717294533));
#10529 = ( GEOMETRIC_REPRESENTATION_CONTEXT(2) 
PARAMETRIC_REPRESENTATION_CONTEXT() REPRESENTATION_CONTEXT('2D SPACE',''
  ) );
#10530 = ORIENTED_EDGE('',*,*,#8905,.T.);
#10531 = ORIENTED_EDGE('',*,*,#10433,.F.);
#10532 = ORIENTED_EDGE('',*,*,#1586,.F.);
#10533 = ADVANCED_FACE('',(#10534),#1349,.F.);
#10534 = FACE_BOUND('',#10535,.F.);
#10535 = EDGE_LOOP('',(#10536,#10555,#10556,#10557));
#10536 = ORIENTED_EDGE('',*,*,#10537,.T.);
#10537 = EDGE_CURVE('',#954,#9526,#10538,.T.);
#10538 = SURFACE_CURVE('',#10539,(#10543,#10549),.PCURVE_S1.);
#10539 = ( BOUNDED_CURVE() B_SPLINE_CURVE(2,(#10540,#10541,#10542),
.UNSPECIFIED.,.F.,.F.) B_SPLINE_CURVE_WITH_KNOTS((3,3),(0.,
17.682508513168),.PIECEWISE_BEZIER_KNOTS.) CURVE() 
GEOMETRIC_REPRESENTATION_ITEM() RATIONAL_B_SPLINE_CURVE((1.,
0.707106781187,1.)) REPRESENTATION_ITEM('') );
#10540 = CARTESIAN_POINT('',(18.280792680229,24.800130208333,20.6));
#10541 = CARTESIAN_POINT('',(18.280792680229,24.800130208333,22.));
#10542 = CARTESIAN_POINT('',(18.282241546186,26.200129458614,22.));
#10543 = PCURVE('',#1349,#10544);
#10544 = DEFINITIONAL_REPRESENTATION('',(#10545),#10548);
#10545 = B_SPLINE_CURVE_WITH_KNOTS('',1,(#10546,#10547),.UNSPECIFIED.,
  .F.,.F.,(2,2),(0.,17.682508513168),.PIECEWISE_BEZIER_KNOTS.);
#10546 = CARTESIAN_POINT('',(0.,155.97145996315));
#10547 = CARTESIAN_POINT('',(17.645712982182,155.97145996315));
#10548 = ( GEOMETRIC_REPRESENTATION_CONTEXT(2) 
PARAMETRIC_REPRESENTATION_CONTEXT() REPRESENTATION_CONTEXT('2D SPACE',''
  ) );
#10549 = PCURVE('',#1020,#10550);
#10550 = DEFINITIONAL_REPRESENTATION('',(#10551),#10554);
#10551 = B_SPLINE_CURVE_WITH_KNOTS('',1,(#10552,#10553),.UNSPECIFIED.,
  .F.,.F.,(2,2),(0.,17.682508513168),.PIECEWISE_BEZIER_KNOTS.);
#10552 = CARTESIAN_POINT('',(0.,155.97145996315));
#10553 = CARTESIAN_POINT('',(17.682508513168,155.97145996315));
#10554 = ( GEOMETRIC_REPRESENTATION_CONTEXT(2) 
PARAMETRIC_REPRESENTATION_CONTEXT() REPRESENTATION_CONTEXT('2D SPACE',''
  ) );
#10555 = ORIENTED_EDGE('',*,*,#9598,.T.);
#10556 = ORIENTED_EDGE('',*,*,#10471,.F.);
#10557 = ORIENTED_EDGE('',*,*,#1304,.F.);
#10558 = ADVANCED_FACE('',(#10559),#1473,.T.);
#10559 = FACE_BOUND('',#10560,.T.);
#10560 = EDGE_LOOP('',(#10561,#10580,#10581,#10582));
#10561 = ORIENTED_EDGE('',*,*,#10562,.T.);
#10562 = EDGE_CURVE('',#1113,#8786,#10563,.T.);
#10563 = SURFACE_CURVE('',#10564,(#10568,#10574),.PCURVE_S1.);
#10564 = ( BOUNDED_CURVE() B_SPLINE_CURVE(2,(#10565,#10566,#10567),
.UNSPECIFIED.,.F.,.F.) B_SPLINE_CURVE_WITH_KNOTS((3,3),(0.,
17.682508513168),.PIECEWISE_BEZIER_KNOTS.) CURVE() 
GEOMETRIC_REPRESENTATION_ITEM() RATIONAL_B_SPLINE_CURVE((1.,
0.707106781187,1.)) REPRESENTATION_ITEM('') );
#10565 = CARTESIAN_POINT('',(18.280792680229,24.800130208333,1.4));
#10566 = CARTESIAN_POINT('',(18.280792680229,24.800130208333,
    2.22044604925E-16));
#10567 = CARTESIAN_POINT('',(18.282241546186,26.200129458614,0.));
#10568 = PCURVE('',#1473,#10569);
#10569 = DEFINITIONAL_REPRESENTATION('',(#10570),#10573);
#10570 = B_SPLINE_CURVE_WITH_KNOTS('',1,(#10571,#10572),.UNSPECIFIED.,
  .F.,.F.,(2,2),(0.,17.682508513168),.PIECEWISE_BEZIER_KNOTS.);
#10571 = CARTESIAN_POINT('',(0.,155.97145996315));
#10572 = CARTESIAN_POINT('',(17.645712982182,155.97145996315));
#10573 = ( GEOMETRIC_REPRESENTATION_CONTEXT(2) 
PARAMETRIC_REPRESENTATION_CONTEXT() REPRESENTATION_CONTEXT('2D SPACE',''
  ) );
#10574 = PCURVE('',#1208,#10575);
#10575 = DEFINITIONAL_REPRESENTATION('',(#10576),#10579);
#10576 = B_SPLINE_CURVE_WITH_KNOTS('',1,(#10577,#10578),.UNSPECIFIED.,
  .F.,.F.,(2,2),(0.,17.682508513168),.PIECEWISE_BEZIER_KNOTS.);
#10577 = CARTESIAN_POINT('',(0.,155.97145996315));
#10578 = CARTESIAN_POINT('',(17.682508513168,155.97145996315));
#10579 = ( GEOMETRIC_REPRESENTATION_CONTEXT(2) 
PARAMETRIC_REPRESENTATION_CONTEXT() REPRESENTATION_CONTEXT('2D SPACE',''
  ) );
#10580 = ORIENTED_EDGE('',*,*,#8858,.T.);
#10581 = ORIENTED_EDGE('',*,*,#10504,.F.);
#10582 = ORIENTED_EDGE('',*,*,#1430,.F.);
#10583 = ADVANCED_FACE('',(#10584),#1020,.F.);
#10584 = FACE_BOUND('',#10585,.F.);
#10585 = EDGE_LOOP('',(#10586,#10605,#10606,#10607));
#10586 = ORIENTED_EDGE('',*,*,#10587,.T.);
#10587 = EDGE_CURVE('',#729,#9479,#10588,.T.);
#10588 = SURFACE_CURVE('',#10589,(#10593,#10599),.PCURVE_S1.);
#10589 = ( BOUNDED_CURVE() B_SPLINE_CURVE(2,(#10590,#10591,#10592),
.UNSPECIFIED.,.F.,.F.) B_SPLINE_CURVE_WITH_KNOTS((3,3),(0.,
17.600934638035),.PIECEWISE_BEZIER_KNOTS.) CURVE() 
GEOMETRIC_REPRESENTATION_ITEM() RATIONAL_B_SPLINE_CURVE((1.,
0.707106781187,1.)) REPRESENTATION_ITEM('') );
#10590 = CARTESIAN_POINT('',(6.580922888563,16.400065104167,20.6));
#10591 = CARTESIAN_POINT('',(6.580922888563,16.400065104167,22.));
#10592 = CARTESIAN_POINT('',(5.180984964826,16.386881414039,22.));
#10593 = PCURVE('',#1020,#10594);
#10594 = DEFINITIONAL_REPRESENTATION('',(#10595),#10598);
#10595 = B_SPLINE_CURVE_WITH_KNOTS('',1,(#10596,#10597),.UNSPECIFIED.,
  .F.,.F.,(2,2),(0.,17.600934638035),.PIECEWISE_BEZIER_KNOTS.);
#10596 = CARTESIAN_POINT('',(0.,138.28895144998));
#10597 = CARTESIAN_POINT('',(17.682508513168,138.28895144998));
#10598 = ( GEOMETRIC_REPRESENTATION_CONTEXT(2) 
PARAMETRIC_REPRESENTATION_CONTEXT() REPRESENTATION_CONTEXT('2D SPACE',''
  ) );
#10599 = PCURVE('',#771,#10600);
#10600 = DEFINITIONAL_REPRESENTATION('',(#10601),#10604);
#10601 = B_SPLINE_CURVE_WITH_KNOTS('',1,(#10602,#10603),.UNSPECIFIED.,
  .F.,.F.,(2,2),(0.,17.600934638035),.PIECEWISE_BEZIER_KNOTS.);
#10602 = CARTESIAN_POINT('',(0.,138.28895144998));
#10603 = CARTESIAN_POINT('',(17.600934638035,138.28895144998));
#10604 = ( GEOMETRIC_REPRESENTATION_CONTEXT(2) 
PARAMETRIC_REPRESENTATION_CONTEXT() REPRESENTATION_CONTEXT('2D SPACE',''
  ) );
#10605 = ORIENTED_EDGE('',*,*,#9525,.T.);
#10606 = ORIENTED_EDGE('',*,*,#10537,.F.);
#10607 = ORIENTED_EDGE('',*,*,#953,.F.);
#10608 = ADVANCED_FACE('',(#10609),#1208,.T.);
#10609 = FACE_BOUND('',#10610,.T.);
#10610 = EDGE_LOOP('',(#10611,#10630,#10631,#10632));
#10611 = ORIENTED_EDGE('',*,*,#10612,.T.);
#10612 = EDGE_CURVE('',#825,#8739,#10613,.T.);
#10613 = SURFACE_CURVE('',#10614,(#10618,#10624),.PCURVE_S1.);
#10614 = ( BOUNDED_CURVE() B_SPLINE_CURVE(2,(#10615,#10616,#10617),
.UNSPECIFIED.,.F.,.F.) B_SPLINE_CURVE_WITH_KNOTS((3,3),(0.,
17.600934638035),.PIECEWISE_BEZIER_KNOTS.) CURVE() 
GEOMETRIC_REPRESENTATION_ITEM() RATIONAL_B_SPLINE_CURVE((1.,
0.707106781187,1.)) REPRESENTATION_ITEM('') );
#10615 = CARTESIAN_POINT('',(6.580922888563,16.400065104167,1.4));
#10616 = CARTESIAN_POINT('',(6.580922888563,16.400065104167,
    3.330669073875E-16));
#10617 = CARTESIAN_POINT('',(5.180984964826,16.386881414039,0.));
#10618 = PCURVE('',#1208,#10619);
#10619 = DEFINITIONAL_REPRESENTATION('',(#10620),#10623);
#10620 = B_SPLINE_CURVE_WITH_KNOTS('',1,(#10621,#10622),.UNSPECIFIED.,
  .F.,.F.,(2,2),(0.,17.600934638035),.PIECEWISE_BEZIER_KNOTS.);
#10621 = CARTESIAN_POINT('',(0.,138.28895144998));
#10622 = CARTESIAN_POINT('',(17.682508513168,138.28895144998));
#10623 = ( GEOMETRIC_REPRESENTATION_CONTEXT(2) 
PARAMETRIC_REPRESENTATION_CONTEXT() REPRESENTATION_CONTEXT('2D SPACE',''
  ) );
#10624 = PCURVE('',#896,#10625);
#10625 = DEFINITIONAL_REPRESENTATION('',(#10626),#10629);
#10626 = B_SPLINE_CURVE_WITH_KNOTS('',1,(#10627,#10628),.UNSPECIFIED.,
  .F.,.F.,(2,2),(0.,17.600934638035),.PIECEWISE_BEZIER_KNOTS.);
#10627 = CARTESIAN_POINT('',(0.,138.28895144998));
#10628 = CARTESIAN_POINT('',(17.600934638035,138.28895144998));
#10629 = ( GEOMETRIC_REPRESENTATION_CONTEXT(2) 
PARAMETRIC_REPRESENTATION_CONTEXT() REPRESENTATION_CONTEXT('2D SPACE',''
  ) );
#10630 = ORIENTED_EDGE('',*,*,#8785,.T.);
#10631 = ORIENTED_EDGE('',*,*,#10562,.F.);
#10632 = ORIENTED_EDGE('',*,*,#1143,.F.);
#10633 = ADVANCED_FACE('',(#10634),#771,.F.);
#10634 = FACE_BOUND('',#10635,.F.);
#10635 = EDGE_LOOP('',(#10636,#10696,#10697,#10698));
#10636 = ORIENTED_EDGE('',*,*,#10637,.T.);
#10637 = EDGE_CURVE('',#640,#9456,#10638,.T.);
#10638 = SURFACE_CURVE('',#10639,(#10644,#10690),.PCURVE_S1.);
#10639 = CIRCLE('',#10640,1.4);
#10640 = AXIS2_PLACEMENT_3D('',#10641,#10642,#10643);
#10641 = CARTESIAN_POINT('',(18.583627477701,5.532023437752,20.6));
#10642 = DIRECTION('',(0.977172618868,-0.212446870854,-0.));
#10643 = DIRECTION('',(0.212446870854,0.977172618868,0.));
#10644 = PCURVE('',#771,#10645);
#10645 = DEFINITIONAL_REPRESENTATION('',(#10646),#10689);
#10646 = B_SPLINE_CURVE_WITH_KNOTS('',11,(#10647,#10648,#10649,#10650,
    #10651,#10652,#10653,#10654,#10655,#10656,#10657,#10658,#10659,
    #10660,#10661,#10662,#10663,#10664,#10665,#10666,#10667,#10668,
    #10669,#10670,#10671,#10672,#10673,#10674,#10675,#10676,#10677,
    #10678,#10679,#10680,#10681,#10682,#10683,#10684,#10685,#10686,
    #10687,#10688),.UNSPECIFIED.,.F.,.F.,(12,10,10,10,12),(0.,
    0.392699081699,0.785398163397,1.178097245096,1.570796326795),
  .UNSPECIFIED.);
#10647 = CARTESIAN_POINT('',(0.,120.68801681195));
#10648 = CARTESIAN_POINT('',(0.444311887494,120.68801681194));
#10649 = CARTESIAN_POINT('',(0.88139643423,120.68801681198));
#10650 = CARTESIAN_POINT('',(1.311830823807,120.68801681188));
#10651 = CARTESIAN_POINT('',(1.736151602045,120.68801681205));
#10652 = CARTESIAN_POINT('',(2.154863236771,120.68801681183));
#10653 = CARTESIAN_POINT('',(2.568441322904,120.68801681205));
#10654 = CARTESIAN_POINT('',(2.977334920534,120.68801681188));
#10655 = CARTESIAN_POINT('',(3.381970209107,120.68801681198));
#10656 = CARTESIAN_POINT('',(3.782755335662,120.68801681194));
#10657 = CARTESIAN_POINT('',(4.180084030514,120.68801681195));
#10658 = CARTESIAN_POINT('',(4.968582486816,120.68801681195));
#10659 = CARTESIAN_POINT('',(5.359751585266,120.68801681194));
#10660 = CARTESIAN_POINT('',(5.748224897002,120.68801681196));
#10661 = CARTESIAN_POINT('',(6.134337418614,120.68801681194));
#10662 = CARTESIAN_POINT('',(6.518516629827,120.68801681195));
#10663 = CARTESIAN_POINT('',(6.900984738044,120.68801681195));
#10664 = CARTESIAN_POINT('',(7.28219095252,120.68801681194));
#10665 = CARTESIAN_POINT('',(7.662413604952,120.68801681195));
#10666 = CARTESIAN_POINT('',(8.041980109603,120.68801681194));
#10667 = CARTESIAN_POINT('',(8.421223925797,120.68801681195));
#10668 = CARTESIAN_POINT('',(9.179710712237,120.68801681195));
#10669 = CARTESIAN_POINT('',(9.558954528431,120.68801681195));
#10670 = CARTESIAN_POINT('',(9.938521033082,120.68801681193));
#10671 = CARTESIAN_POINT('',(10.318743685516,120.68801681198));
#10672 = CARTESIAN_POINT('',(10.699949899989,120.68801681191));
#10673 = CARTESIAN_POINT('',(11.08241800821,120.68801681199));
#10674 = CARTESIAN_POINT('',(11.466597219419,120.68801681192));
#10675 = CARTESIAN_POINT('',(11.852709741034,120.68801681196));
#10676 = CARTESIAN_POINT('',(12.241183052768,120.68801681194));
#10677 = CARTESIAN_POINT('',(12.632352151218,120.68801681195));
#10678 = CARTESIAN_POINT('',(13.420850607521,120.68801681195));
#10679 = CARTESIAN_POINT('',(13.818179302369,120.68801681192));
#10680 = CARTESIAN_POINT('',(14.218964428936,120.68801681203));
#10681 = CARTESIAN_POINT('',(14.623599717484,120.68801681178));
#10682 = CARTESIAN_POINT('',(15.032493315153,120.68801681217));
#10683 = CARTESIAN_POINT('',(15.446071401241,120.68801681172));
#10684 = CARTESIAN_POINT('',(15.864783036008,120.68801681212));
#10685 = CARTESIAN_POINT('',(16.289103814217,120.68801681185));
#10686 = CARTESIAN_POINT('',(16.719538203809,120.68801681199));
#10687 = CARTESIAN_POINT('',(17.15662275054,120.68801681194));
#10688 = CARTESIAN_POINT('',(17.600934638035,120.68801681195));
#10689 = ( GEOMETRIC_REPRESENTATION_CONTEXT(2) 
PARAMETRIC_REPRESENTATION_CONTEXT() REPRESENTATION_CONTEXT('2D SPACE',''
  ) );
#10690 = PCURVE('',#655,#10691);
#10691 = DEFINITIONAL_REPRESENTATION('',(#10692),#10695);
#10692 = B_SPLINE_CURVE_WITH_KNOTS('',1,(#10693,#10694),.UNSPECIFIED.,
  .F.,.F.,(2,2),(0.,1.570796326795),.PIECEWISE_BEZIER_KNOTS.);
#10693 = CARTESIAN_POINT('',(0.,2.353529604795));
#10694 = CARTESIAN_POINT('',(-1.570796326795,2.353529604795));
#10695 = ( GEOMETRIC_REPRESENTATION_CONTEXT(2) 
PARAMETRIC_REPRESENTATION_CONTEXT() REPRESENTATION_CONTEXT('2D SPACE',''
  ) );
#10696 = ORIENTED_EDGE('',*,*,#9478,.T.);
#10697 = ORIENTED_EDGE('',*,*,#10587,.F.);
#10698 = ORIENTED_EDGE('',*,*,#728,.F.);
#10699 = ADVANCED_FACE('',(#10700),#896,.T.);
#10700 = FACE_BOUND('',#10701,.T.);
#10701 = EDGE_LOOP('',(#10702,#10762,#10763,#10764));
#10702 = ORIENTED_EDGE('',*,*,#10703,.T.);
#10703 = EDGE_CURVE('',#668,#8716,#10704,.T.);
#10704 = SURFACE_CURVE('',#10705,(#10710,#10756),.PCURVE_S1.);
#10705 = CIRCLE('',#10706,1.4);
#10706 = AXIS2_PLACEMENT_3D('',#10707,#10708,#10709);
#10707 = CARTESIAN_POINT('',(18.583627477701,5.532023437752,1.4));
#10708 = DIRECTION('',(-0.977172618868,0.212446870854,0.));
#10709 = DIRECTION('',(0.212446870854,0.977172618868,-0.));
#10710 = PCURVE('',#896,#10711);
#10711 = DEFINITIONAL_REPRESENTATION('',(#10712),#10755);
#10712 = B_SPLINE_CURVE_WITH_KNOTS('',11,(#10713,#10714,#10715,#10716,
    #10717,#10718,#10719,#10720,#10721,#10722,#10723,#10724,#10725,
    #10726,#10727,#10728,#10729,#10730,#10731,#10732,#10733,#10734,
    #10735,#10736,#10737,#10738,#10739,#10740,#10741,#10742,#10743,
    #10744,#10745,#10746,#10747,#10748,#10749,#10750,#10751,#10752,
    #10753,#10754),.UNSPECIFIED.,.F.,.F.,(12,10,10,10,12),(0.,
    0.392699081699,0.785398163397,1.178097245096,1.570796326795),
  .UNSPECIFIED.);
#10713 = CARTESIAN_POINT('',(4.440892098501E-16,120.68801681195));
#10714 = CARTESIAN_POINT('',(0.444311887494,120.68801681194));
#10715 = CARTESIAN_POINT('',(0.88139643423,120.68801681198));
#10716 = CARTESIAN_POINT('',(1.311830823807,120.68801681188));
#10717 = CARTESIAN_POINT('',(1.736151602045,120.68801681205));
#10718 = CARTESIAN_POINT('',(2.154863236771,120.68801681183));
#10719 = CARTESIAN_POINT('',(2.568441322904,120.68801681205));
#10720 = CARTESIAN_POINT('',(2.977334920534,120.68801681188));
#10721 = CARTESIAN_POINT('',(3.381970209107,120.68801681198));
#10722 = CARTESIAN_POINT('',(3.782755335663,120.68801681194));
#10723 = CARTESIAN_POINT('',(4.180084030514,120.68801681195));
#10724 = CARTESIAN_POINT('',(4.968582486816,120.68801681195));
#10725 = CARTESIAN_POINT('',(5.359751585266,120.68801681194));
#10726 = CARTESIAN_POINT('',(5.748224897002,120.68801681196));
#10727 = CARTESIAN_POINT('',(6.134337418613,120.68801681194));
#10728 = CARTESIAN_POINT('',(6.518516629828,120.68801681195));
#10729 = CARTESIAN_POINT('',(6.900984738043,120.68801681195));
#10730 = CARTESIAN_POINT('',(7.282190952521,120.68801681194));
#10731 = CARTESIAN_POINT('',(7.662413604952,120.68801681195));
#10732 = CARTESIAN_POINT('',(8.041980109603,120.68801681194));
#10733 = CARTESIAN_POINT('',(8.421223925797,120.68801681195));
#10734 = CARTESIAN_POINT('',(9.179710712237,120.68801681195));
#10735 = CARTESIAN_POINT('',(9.558954528431,120.68801681195));
#10736 = CARTESIAN_POINT('',(9.938521033084,120.68801681193));
#10737 = CARTESIAN_POINT('',(10.318743685512,120.68801681198));
#10738 = CARTESIAN_POINT('',(10.699949899995,120.68801681191));
#10739 = CARTESIAN_POINT('',(11.082418008204,120.68801681199));
#10740 = CARTESIAN_POINT('',(11.466597219424,120.68801681192));
#10741 = CARTESIAN_POINT('',(11.852709741031,120.68801681196));
#10742 = CARTESIAN_POINT('',(12.24118305277,120.68801681194));
#10743 = CARTESIAN_POINT('',(12.632352151218,120.68801681195));
#10744 = CARTESIAN_POINT('',(13.420850607521,120.68801681195));
#10745 = CARTESIAN_POINT('',(13.818179302369,120.68801681192));
#10746 = CARTESIAN_POINT('',(14.218964428937,120.68801681203));
#10747 = CARTESIAN_POINT('',(14.623599717484,120.68801681178));
#10748 = CARTESIAN_POINT('',(15.032493315154,120.68801681217));
#10749 = CARTESIAN_POINT('',(15.44607140124,120.68801681172));
#10750 = CARTESIAN_POINT('',(15.864783036009,120.68801681212));
#10751 = CARTESIAN_POINT('',(16.289103814217,120.68801681185));
#10752 = CARTESIAN_POINT('',(16.71953820381,120.68801681199));
#10753 = CARTESIAN_POINT('',(17.15662275054,120.68801681194));
#10754 = CARTESIAN_POINT('',(17.600934638035,120.68801681195));
#10755 = ( GEOMETRIC_REPRESENTATION_CONTEXT(2) 
PARAMETRIC_REPRESENTATION_CONTEXT() REPRESENTATION_CONTEXT('2D SPACE',''
  ) );
#10756 = PCURVE('',#712,#10757);
#10757 = DEFINITIONAL_REPRESENTATION('',(#10758),#10761);
#10758 = B_SPLINE_CURVE_WITH_KNOTS('',1,(#10759,#10760),.UNSPECIFIED.,
  .F.,.F.,(2,2),(0.,1.570796326795),.PIECEWISE_BEZIER_KNOTS.);
#10759 = CARTESIAN_POINT('',(0.,2.353529604795));
#10760 = CARTESIAN_POINT('',(1.570796326795,2.353529604795));
#10761 = ( GEOMETRIC_REPRESENTATION_CONTEXT(2) 
PARAMETRIC_REPRESENTATION_CONTEXT() REPRESENTATION_CONTEXT('2D SPACE',''
  ) );
#10762 = ORIENTED_EDGE('',*,*,#8738,.T.);
#10763 = ORIENTED_EDGE('',*,*,#10612,.F.);
#10764 = ORIENTED_EDGE('',*,*,#855,.F.);
#10765 = ADVANCED_FACE('',(#10766),#655,.T.);
#10766 = FACE_BOUND('',#10767,.F.);
#10767 = EDGE_LOOP('',(#10768,#10795,#10796,#10797));
#10768 = ORIENTED_EDGE('',*,*,#10769,.T.);
#10769 = EDGE_CURVE('',#394,#9403,#10770,.T.);
#10770 = SURFACE_CURVE('',#10771,(#10775,#10789),.PCURVE_S1.);
#10771 = ( BOUNDED_CURVE() B_SPLINE_CURVE(2,(#10772,#10773,#10774),
.UNSPECIFIED.,.F.,.F.) B_SPLINE_CURVE_WITH_KNOTS((3,3),(0.,
38.455439375921),.PIECEWISE_BEZIER_KNOTS.) CURVE() 
GEOMETRIC_REPRESENTATION_ITEM() RATIONAL_B_SPLINE_CURVE((1.,
0.707106781187,1.)) REPRESENTATION_ITEM('') );
#10772 = CARTESIAN_POINT('',(21.180857784396,6.400065104167,20.6));
#10773 = CARTESIAN_POINT('',(21.180857784396,6.400065104167,22.));
#10774 = CARTESIAN_POINT('',(20.883432165201,5.032023437752,22.));
#10775 = PCURVE('',#655,#10776);
#10776 = DEFINITIONAL_REPRESENTATION('',(#10777),#10788);
#10777 = B_SPLINE_CURVE_WITH_KNOTS('',9,(#10778,#10779,#10780,#10781,
    #10782,#10783,#10784,#10785,#10786,#10787),.UNSPECIFIED.,.F.,.F.,(10
    ,10),(0.,38.455439375921),.PIECEWISE_BEZIER_KNOTS.);
#10778 = CARTESIAN_POINT('',(0.,-2.22044604925E-16));
#10779 = CARTESIAN_POINT('',(-0.157134840264,-2.22044604925E-16));
#10780 = CARTESIAN_POINT('',(-0.325774716821,-2.22044604925E-16));
#10781 = CARTESIAN_POINT('',(-0.50456638687,-2.22044604925E-16));
#10782 = CARTESIAN_POINT('',(-0.690744851612,-2.22044604925E-16));
#10783 = CARTESIAN_POINT('',(-0.880051475183,-2.22044604925E-16));
#10784 = CARTESIAN_POINT('',(-1.066229939925,-2.22044604925E-16));
#10785 = CARTESIAN_POINT('',(-1.245021609974,-2.22044604925E-16));
#10786 = CARTESIAN_POINT('',(-1.413661486531,-2.22044604925E-16));
#10787 = CARTESIAN_POINT('',(-1.570796326795,-2.22044604925E-16));
#10788 = ( GEOMETRIC_REPRESENTATION_CONTEXT(2) 
PARAMETRIC_REPRESENTATION_CONTEXT() REPRESENTATION_CONTEXT('2D SPACE',''
  ) );
#10789 = PCURVE('',#439,#10790);
#10790 = DEFINITIONAL_REPRESENTATION('',(#10791),#10794);
#10791 = B_SPLINE_CURVE_WITH_KNOTS('',1,(#10792,#10793),.UNSPECIFIED.,
  .F.,.F.,(2,2),(0.,38.455439375921),.PIECEWISE_BEZIER_KNOTS.);
#10792 = CARTESIAN_POINT('',(0.,118.33448720715));
#10793 = CARTESIAN_POINT('',(38.455439375921,118.33448720715));
#10794 = ( GEOMETRIC_REPRESENTATION_CONTEXT(2) 
PARAMETRIC_REPRESENTATION_CONTEXT() REPRESENTATION_CONTEXT('2D SPACE',''
  ) );
#10795 = ORIENTED_EDGE('',*,*,#9455,.T.);
#10796 = ORIENTED_EDGE('',*,*,#10637,.F.);
#10797 = ORIENTED_EDGE('',*,*,#639,.F.);
#10798 = ADVANCED_FACE('',(#10799),#712,.T.);
#10799 = FACE_BOUND('',#10800,.T.);
#10800 = EDGE_LOOP('',(#10801,#10828,#10829,#10830));
#10801 = ORIENTED_EDGE('',*,*,#10802,.T.);
#10802 = EDGE_CURVE('',#502,#8663,#10803,.T.);
#10803 = SURFACE_CURVE('',#10804,(#10808,#10822),.PCURVE_S1.);
#10804 = ( BOUNDED_CURVE() B_SPLINE_CURVE(2,(#10805,#10806,#10807),
.UNSPECIFIED.,.F.,.F.) B_SPLINE_CURVE_WITH_KNOTS((3,3),(0.,
38.455439375921),.PIECEWISE_BEZIER_KNOTS.) CURVE() 
GEOMETRIC_REPRESENTATION_ITEM() RATIONAL_B_SPLINE_CURVE((1.,
0.707106781187,1.)) REPRESENTATION_ITEM('') );
#10805 = CARTESIAN_POINT('',(21.180857784396,6.400065104167,1.4));
#10806 = CARTESIAN_POINT('',(21.180857784396,6.400065104167,
    2.22044604925E-16));
#10807 = CARTESIAN_POINT('',(20.883432165201,5.032023437752,0.));
#10808 = PCURVE('',#712,#10809);
#10809 = DEFINITIONAL_REPRESENTATION('',(#10810),#10821);
#10810 = B_SPLINE_CURVE_WITH_KNOTS('',9,(#10811,#10812,#10813,#10814,
    #10815,#10816,#10817,#10818,#10819,#10820),.UNSPECIFIED.,.F.,.F.,(10
    ,10),(0.,38.455439375921),.PIECEWISE_BEZIER_KNOTS.);
#10811 = CARTESIAN_POINT('',(2.22044604925E-16,-2.22044604925E-16));
#10812 = CARTESIAN_POINT('',(0.157134840264,-2.22044604925E-16));
#10813 = CARTESIAN_POINT('',(0.325774716821,-2.22044604925E-16));
#10814 = CARTESIAN_POINT('',(0.50456638687,-2.22044604925E-16));
#10815 = CARTESIAN_POINT('',(0.690744851612,-2.22044604925E-16));
#10816 = CARTESIAN_POINT('',(0.880051475183,-2.22044604925E-16));
#10817 = CARTESIAN_POINT('',(1.066229939925,-2.22044604925E-16));
#10818 = CARTESIAN_POINT('',(1.245021609974,-2.22044604925E-16));
#10819 = CARTESIAN_POINT('',(1.413661486531,-2.22044604925E-16));
#10820 = CARTESIAN_POINT('',(1.570796326795,-2.22044604925E-16));
#10821 = ( GEOMETRIC_REPRESENTATION_CONTEXT(2) 
PARAMETRIC_REPRESENTATION_CONTEXT() REPRESENTATION_CONTEXT('2D SPACE',''
  ) );
#10822 = PCURVE('',#573,#10823);
#10823 = DEFINITIONAL_REPRESENTATION('',(#10824),#10827);
#10824 = B_SPLINE_CURVE_WITH_KNOTS('',1,(#10825,#10826),.UNSPECIFIED.,
  .F.,.F.,(2,2),(0.,38.455439375921),.PIECEWISE_BEZIER_KNOTS.);
#10825 = CARTESIAN_POINT('',(0.,118.33448720715));
#10826 = CARTESIAN_POINT('',(38.455439375921,118.33448720715));
#10827 = ( GEOMETRIC_REPRESENTATION_CONTEXT(2) 
PARAMETRIC_REPRESENTATION_CONTEXT() REPRESENTATION_CONTEXT('2D SPACE',''
  ) );
#10828 = ORIENTED_EDGE('',*,*,#8715,.T.);
#10829 = ORIENTED_EDGE('',*,*,#10703,.F.);
#10830 = ORIENTED_EDGE('',*,*,#698,.F.);
#10831 = ADVANCED_FACE('',(#10832),#439,.F.);
#10832 = FACE_BOUND('',#10833,.F.);
#10833 = EDGE_LOOP('',(#10834,#10853,#10854,#10855));
#10834 = ORIENTED_EDGE('',*,*,#10835,.T.);
#10835 = EDGE_CURVE('',#81,#9334,#10836,.T.);
#10836 = SURFACE_CURVE('',#10837,(#10841,#10847),.PCURVE_S1.);
#10837 = ( BOUNDED_CURVE() B_SPLINE_CURVE(2,(#10838,#10839,#10840),
.UNSPECIFIED.,.F.,.F.) B_SPLINE_CURVE_WITH_KNOTS((3,3),(0.,
38.562850590351),.PIECEWISE_BEZIER_KNOTS.) CURVE() 
GEOMETRIC_REPRESENTATION_ITEM() RATIONAL_B_SPLINE_CURVE((1.,
0.707106781187,1.)) REPRESENTATION_ITEM('') );
#10838 = CARTESIAN_POINT('',(45.980987992729,-14.80013020833,20.6));
#10839 = CARTESIAN_POINT('',(45.980987992729,-14.80013020833,22.));
#10840 = CARTESIAN_POINT('',(44.58099026696,-14.79760675016,22.));
#10841 = PCURVE('',#439,#10842);
#10842 = DEFINITIONAL_REPRESENTATION('',(#10843),#10846);
#10843 = B_SPLINE_CURVE_WITH_KNOTS('',1,(#10844,#10845),.UNSPECIFIED.,
  .F.,.F.,(2,2),(0.,38.562850590351),.PIECEWISE_BEZIER_KNOTS.);
#10844 = CARTESIAN_POINT('',(0.,79.879047831235));
#10845 = CARTESIAN_POINT('',(38.455439375921,79.879047831235));
#10846 = ( GEOMETRIC_REPRESENTATION_CONTEXT(2) 
PARAMETRIC_REPRESENTATION_CONTEXT() REPRESENTATION_CONTEXT('2D SPACE',''
  ) );
#10847 = PCURVE('',#134,#10848);
#10848 = DEFINITIONAL_REPRESENTATION('',(#10849),#10852);
#10849 = B_SPLINE_CURVE_WITH_KNOTS('',1,(#10850,#10851),.UNSPECIFIED.,
  .F.,.F.,(2,2),(0.,38.562850590351),.PIECEWISE_BEZIER_KNOTS.);
#10850 = CARTESIAN_POINT('',(0.,79.879047831235));
#10851 = CARTESIAN_POINT('',(38.562850590351,79.879047831235));
#10852 = ( GEOMETRIC_REPRESENTATION_CONTEXT(2) 
PARAMETRIC_REPRESENTATION_CONTEXT() REPRESENTATION_CONTEXT('2D SPACE',''
  ) );
#10853 = ORIENTED_EDGE('',*,*,#9402,.T.);
#10854 = ORIENTED_EDGE('',*,*,#10769,.F.);
#10855 = ORIENTED_EDGE('',*,*,#393,.F.);
#10856 = ADVANCED_FACE('',(#10857),#573,.T.);
#10857 = FACE_BOUND('',#10858,.T.);
#10858 = EDGE_LOOP('',(#10859,#10878,#10879,#10880));
#10859 = ORIENTED_EDGE('',*,*,#10860,.T.);
#10860 = EDGE_CURVE('',#221,#8594,#10861,.T.);
#10861 = SURFACE_CURVE('',#10862,(#10866,#10872),.PCURVE_S1.);
#10862 = ( BOUNDED_CURVE() B_SPLINE_CURVE(2,(#10863,#10864,#10865),
.UNSPECIFIED.,.F.,.F.) B_SPLINE_CURVE_WITH_KNOTS((3,3),(0.,
38.562850590351),.PIECEWISE_BEZIER_KNOTS.) CURVE() 
GEOMETRIC_REPRESENTATION_ITEM() RATIONAL_B_SPLINE_CURVE((1.,
0.707106781187,1.)) REPRESENTATION_ITEM('') );
#10863 = CARTESIAN_POINT('',(45.980987992729,-14.80013020833,1.4));
#10864 = CARTESIAN_POINT('',(45.980987992729,-14.80013020833,
    3.330669073875E-16));
#10865 = CARTESIAN_POINT('',(44.58099026696,-14.79760675016,0.));
#10866 = PCURVE('',#573,#10867);
#10867 = DEFINITIONAL_REPRESENTATION('',(#10868),#10871);
#10868 = B_SPLINE_CURVE_WITH_KNOTS('',1,(#10869,#10870),.UNSPECIFIED.,
  .F.,.F.,(2,2),(0.,38.562850590351),.PIECEWISE_BEZIER_KNOTS.);
#10869 = CARTESIAN_POINT('',(0.,79.879047831235));
#10870 = CARTESIAN_POINT('',(38.455439375921,79.879047831235));
#10871 = ( GEOMETRIC_REPRESENTATION_CONTEXT(2) 
PARAMETRIC_REPRESENTATION_CONTEXT() REPRESENTATION_CONTEXT('2D SPACE',''
  ) );
#10872 = PCURVE('',#303,#10873);
#10873 = DEFINITIONAL_REPRESENTATION('',(#10874),#10877);
#10874 = B_SPLINE_CURVE_WITH_KNOTS('',1,(#10875,#10876),.UNSPECIFIED.,
  .F.,.F.,(2,2),(0.,38.562850590351),.PIECEWISE_BEZIER_KNOTS.);
#10875 = CARTESIAN_POINT('',(0.,79.879047831235));
#10876 = CARTESIAN_POINT('',(38.562850590351,79.879047831235));
#10877 = ( GEOMETRIC_REPRESENTATION_CONTEXT(2) 
PARAMETRIC_REPRESENTATION_CONTEXT() REPRESENTATION_CONTEXT('2D SPACE',''
  ) );
#10878 = ORIENTED_EDGE('',*,*,#8662,.T.);
#10879 = ORIENTED_EDGE('',*,*,#10802,.F.);
#10880 = ORIENTED_EDGE('',*,*,#529,.F.);
#10881 = ADVANCED_FACE('',(#10882),#134,.F.);
#10882 = FACE_BOUND('',#10883,.F.);
#10883 = EDGE_LOOP('',(#10884,#10885,#10886,#10887));
#10884 = ORIENTED_EDGE('',*,*,#3907,.T.);
#10885 = ORIENTED_EDGE('',*,*,#9333,.T.);
#10886 = ORIENTED_EDGE('',*,*,#10835,.F.);
#10887 = ORIENTED_EDGE('',*,*,#80,.F.);
#10888 = ADVANCED_FACE('',(#10889),#303,.T.);
#10889 = FACE_BOUND('',#10890,.T.);
#10890 = EDGE_LOOP('',(#10891,#10892,#10893,#10894));
#10891 = ORIENTED_EDGE('',*,*,#8339,.T.);
#10892 = ORIENTED_EDGE('',*,*,#8593,.T.);
#10893 = ORIENTED_EDGE('',*,*,#10860,.F.);
#10894 = ORIENTED_EDGE('',*,*,#251,.F.);
#10895 = ADVANCED_FACE('',(#10896),#65,.F.);
#10896 = FACE_BOUND('',#10897,.F.);
#10897 = EDGE_LOOP('',(#10898,#10899,#10900,#10901,#10902,#10903,#10904,
    #10905,#10906,#10907));
#10898 = ORIENTED_EDGE('',*,*,#4234,.F.);
#10899 = ORIENTED_EDGE('',*,*,#4000,.T.);
#10900 = ORIENTED_EDGE('',*,*,#3926,.T.);
#10901 = ORIENTED_EDGE('',*,*,#39,.F.);
#10902 = ORIENTED_EDGE('',*,*,#8246,.F.);
#10903 = ORIENTED_EDGE('',*,*,#4675,.F.);
#10904 = ORIENTED_EDGE('',*,*,#8112,.F.);
#10905 = ORIENTED_EDGE('',*,*,#9913,.T.);
#10906 = ORIENTED_EDGE('',*,*,#8400,.F.);
#10907 = ORIENTED_EDGE('',*,*,#4505,.T.);
#10908 = ( GEOMETRIC_REPRESENTATION_CONTEXT(3) 
GLOBAL_UNCERTAINTY_ASSIGNED_CONTEXT((#10912)) 
GLOBAL_UNIT_ASSIGNED_CONTEXT((#10909,#10910,#10911)) 
REPRESENTATION_CONTEXT('Context #1',
  '3D Context with UNIT and UNCERTAINTY') );
#10909 = ( LENGTH_UNIT() NAMED_UNIT(*) SI_UNIT(.MILLI.,.METRE.) );
#10910 = ( NAMED_UNIT(*) PLANE_ANGLE_UNIT() SI_UNIT($,.RADIAN.) );
#10911 = ( NAMED_UNIT(*) SI_UNIT($,.STERADIAN.) SOLID_ANGLE_UNIT() );
#10912 = UNCERTAINTY_MEASURE_WITH_UNIT(LENGTH_MEASURE(1.E-04),#10909,
  'distance_accuracy_value','confusion accuracy');
#10913 = CONTEXT_DEPENDENT_SHAPE_REPRESENTATION(#10914,#10916);
#10914 = ( REPRESENTATION_RELATIONSHIP('','',#32,#10) 
REPRESENTATION_RELATIONSHIP_WITH_TRANSFORMATION(#10915) 
SHAPE_REPRESENTATION_RELATIONSHIP() );
#10915 = ITEM_DEFINED_TRANSFORMATION('','',#11,#15);
#10916 = PRODUCT_DEFINITION_SHAPE('Placement','Placement of an item',
  #10917);
#10917 = NEXT_ASSEMBLY_USAGE_OCCURRENCE('1','=>[0:1:1:2]','',#5,#27,$);
#10918 = PRODUCT_RELATED_PRODUCT_CATEGORY('part',$,(#29));
ENDSEC;
END-ISO-10303-21;
